image,volume,K,num_pixels,mean_chi2_plain,mean_chi2_cipher,chi2_critical_005,cipher_uniform_pass
4.1.01,misc,24,65536,161648.1927,404.2161,293.2465,0
4.1.02,misc,24,65536,279285.9792,416.9115,293.2465,0
4.1.03,misc,24,65536,757390.6979,868.6823,293.2465,0
4.1.04,misc,24,65536,81482.5964,298.0260,293.2465,0
4.1.05,misc,24,65536,317258.1536,465.7005,293.2465,0
4.1.06,misc,24,65536,89401.5182,354.9740,293.2465,0
4.1.07,misc,24,65536,486579.0911,738.3125,293.2465,0
4.1.08,misc,24,65536,338837.9115,504.4167,293.2465,0
4.2.01,misc,24,262144,951959.3021,1216.6452,293.2465,0
4.2.03,misc,24,262144,101863.4616,366.5794,293.2465,0
4.2.05,misc,24,262144,822925.9603,1272.9616,293.2465,0
4.2.06,misc,24,262144,223807.8535,358.9323,293.2465,0
4.2.07,misc,24,262144,340999.4414,485.7715,293.2465,0
house,misc,24,262144,257525.5384,414.9277,293.2465,0
2.1.01,aerials,24,262144,305263.2174,448.2598,293.2465,0
2.1.02,aerials,24,262144,285237.8646,371.1706,293.2465,0
2.1.03,aerials,24,262144,2147568.3815,2254.8652,293.2465,0
2.1.04,aerials,24,262144,878469.8587,1318.2839,293.2465,0
2.1.05,aerials,24,262144,265542.1608,456.0085,293.2465,0
2.1.06,aerials,24,262144,181814.6641,384.6413,293.2465,0
2.1.07,aerials,24,262144,1506062.4518,1703.5404,293.2465,0
2.1.08,aerials,24,262144,1304657.1211,1498.3874,293.2465,0
2.1.09,aerials,24,262144,1534474.9251,1287.5820,293.2465,0
2.1.10,aerials,24,262144,842741.8743,689.6706,293.2465,0
2.1.11,aerials,24,262144,382965.7695,488.3548,293.2465,0
2.1.12,aerials,24,262144,1041168.6172,1442.7565,293.2465,0
2.2.01,aerials,24,1048576,1606924.9424,1650.6976,293.2465,0
2.2.02,aerials,24,1048576,7994223.7020,7751.5480,293.2465,0
2.2.03,aerials,24,1048576,6187844.7371,6002.8232,293.2465,0
2.2.04,aerials,24,1048576,3690644.5820,4090.4793,293.2465,0
2.2.05,aerials,24,1048576,1298775.5493,2495.5482,293.2465,0
2.2.06,aerials,24,1048576,7396619.0374,9503.6092,293.2465,0
2.2.07,aerials,24,1048576,4860051.3880,4724.8084,293.2465,0
2.2.08,aerials,24,1048576,1082751.9800,950.1331,293.2465,0
2.2.09,aerials,24,1048576,6732990.8791,4814.6108,293.2465,0
2.2.10,aerials,24,1048576,7587851.9578,5951.2183,293.2465,0
2.2.11,aerials,24,1048576,4219744.8717,4826.7982,293.2465,0
2.2.12,aerials,24,1048576,4033947.6772,4029.6219,293.2465,0
2.2.13,aerials,24,1048576,2556570.1512,1640.9168,293.2465,0
2.2.14,aerials,24,1048576,2863126.6483,1461.1230,293.2465,0
2.2.15,aerials,24,1048576,5841825.9139,8760.7848,293.2465,0
2.2.16,aerials,24,1048576,3088125.5768,3348.6320,293.2465,0
2.2.17,aerials,24,1048576,2111634.7624,1198.4624,293.2465,0
2.2.18,aerials,24,1048576,3315796.2762,3487.6217,293.2465,0
2.2.19,aerials,24,1048576,4653792.5623,4553.9185,293.2465,0
2.2.20,aerials,24,1048576,3223388.8162,3433.7529,293.2465,0
2.2.21,aerials,24,1048576,3338600.8636,3348.3836,293.2465,0
2.2.22,aerials,24,1048576,6022088.4924,5009.2907,293.2465,0
2.2.23,aerials,24,1048576,11172208.3312,9104.8006,293.2465,0
2.2.24,aerials,24,1048576,2781243.8275,4802.3696,293.2465,0
wash-ir,aerials,24,5062500,5355559.2556,2119.5169,293.2465,0
4.1.01,misc,48,65536,161648.1927,267.1953,293.2465,1
4.1.02,misc,48,65536,279285.9792,268.8047,293.2465,1
4.1.03,misc,48,65536,757390.6979,233.8880,293.2465,1
4.1.04,misc,48,65536,81482.5964,260.1406,293.2465,1
4.1.05,misc,48,65536,317258.1536,245.8594,293.2465,1
4.1.06,misc,48,65536,89401.5182,229.9297,293.2465,1
4.1.07,misc,48,65536,486579.0911,252.9141,293.2465,1
4.1.08,misc,48,65536,338837.9115,263.1484,293.2465,1
4.2.01,misc,48,262144,951959.3021,240.9473,293.2465,1
4.2.03,misc,48,262144,101863.4616,259.1999,293.2465,1
4.2.05,misc,48,262144,822925.9603,264.9076,293.2465,1
4.2.06,misc,48,262144,223807.8535,233.5736,293.2465,1
4.2.07,misc,48,262144,340999.4414,242.7728,293.2465,1
house,misc,48,262144,257525.5384,268.9310,293.2465,1
2.1.01,aerials,48,262144,305263.2174,250.3763,293.2465,1
2.1.02,aerials,48,262144,285237.8646,247.8477,293.2465,1
2.1.03,aerials,48,262144,2147568.3815,265.6484,293.2465,1
2.1.04,aerials,48,262144,878469.8587,269.4212,293.2465,1
2.1.05,aerials,48,262144,265542.1608,252.0462,293.2465,1
2.1.06,aerials,48,262144,181814.6641,260.1237,293.2465,1
2.1.07,aerials,48,262144,1506062.4518,282.0918,293.2465,1
2.1.08,aerials,48,262144,1304657.1211,255.5469,293.2465,1
2.1.09,aerials,48,262144,1534474.9251,239.5501,293.2465,1
2.1.10,aerials,48,262144,842741.8743,267.2357,293.2465,1
2.1.11,aerials,48,262144,382965.7695,268.5143,293.2465,1
2.1.12,aerials,48,262144,1041168.6172,230.6159,293.2465,1
2.2.01,aerials,48,1048576,1606924.9424,263.4525,293.2465,1
2.2.02,aerials,48,1048576,7994223.7020,258.5326,293.2465,1
2.2.03,aerials,48,1048576,6187844.7371,274.6471,293.2465,1
2.2.04,aerials,48,1048576,3690644.5820,279.5381,293.2465,1
2.2.05,aerials,48,1048576,1298775.5493,250.0243,293.2465,1
2.2.06,aerials,48,1048576,7396619.0374,255.4204,293.2465,1
2.2.07,aerials,48,1048576,4860051.3880,253.7985,293.2465,1
2.2.08,aerials,48,1048576,1082751.9800,232.2458,293.2465,1
2.2.09,aerials,48,1048576,6732990.8791,258.1821,293.2465,1
2.2.10,aerials,48,1048576,7587851.9578,227.5441,293.2465,1
2.2.11,aerials,48,1048576,4219744.8717,245.9421,293.2465,1
2.2.12,aerials,48,1048576,4033947.6772,274.6771,293.2465,1
2.2.13,aerials,48,1048576,2556570.1512,237.7246,293.2465,1
2.2.14,aerials,48,1048576,2863126.6483,276.5576,293.2465,1
2.2.15,aerials,48,1048576,5841825.9139,243.3652,293.2465,1
2.2.16,aerials,48,1048576,3088125.5768,258.5311,293.2465,1
2.2.17,aerials,48,1048576,2111634.7624,249.9728,293.2465,1
2.2.18,aerials,48,1048576,3315796.2762,239.6001,293.2465,1
2.2.19,aerials,48,1048576,4653792.5623,267.4769,293.2465,1
2.2.20,aerials,48,1048576,3223388.8162,267.4600,293.2465,1
2.2.21,aerials,48,1048576,3338600.8636,245.2122,293.2465,1
2.2.22,aerials,48,1048576,6022088.4924,236.8423,293.2465,1
2.2.23,aerials,48,1048576,11172208.3312,261.1859,293.2465,1
2.2.24,aerials,48,1048576,2781243.8275,266.1693,293.2465,1
wash-ir,aerials,48,5062500,5355559.2556,261.2505,293.2465,1
4.1.01,misc,72,65536,161648.1927,262.5469,293.2465,1
4.1.02,misc,72,65536,279285.9792,281.5026,293.2465,1
4.1.03,misc,72,65536,757390.6979,250.7578,293.2465,1
4.1.04,misc,72,65536,81482.5964,248.9089,293.2465,1
4.1.05,misc,72,65536,317258.1536,268.4036,293.2465,1
4.1.06,misc,72,65536,89401.5182,283.8646,293.2465,1
4.1.07,misc,72,65536,486579.0911,255.9531,293.2465,1
4.1.08,misc,72,65536,338837.9115,270.2995,293.2465,1
4.2.01,misc,72,262144,951959.3021,257.8835,293.2465,1
4.2.03,misc,72,262144,101863.4616,271.8913,293.2465,1
4.2.05,misc,72,262144,822925.9603,223.0918,293.2465,1
4.2.06,misc,72,262144,223807.8535,258.3893,293.2465,1
4.2.07,misc,72,262144,340999.4414,249.0658,293.2465,1
house,misc,72,262144,257525.5384,264.1934,293.2465,1
2.1.01,aerials,72,262144,305263.2174,246.9805,293.2465,1
2.1.02,aerials,72,262144,285237.8646,240.5371,293.2465,1
2.1.03,aerials,72,262144,2147568.3815,259.1868,293.2465,1
2.1.04,aerials,72,262144,878469.8587,247.5059,293.2465,1
2.1.05,aerials,72,262144,265542.1608,251.8926,293.2465,1
2.1.06,aerials,72,262144,181814.6641,261.3132,293.2465,1
2.1.07,aerials,72,262144,1506062.4518,224.6055,293.2465,1
2.1.08,aerials,72,262144,1304657.1211,240.5430,293.2465,1
2.1.09,aerials,72,262144,1534474.9251,232.0879,293.2465,1
2.1.10,aerials,72,262144,842741.8743,241.2129,293.2465,1
2.1.11,aerials,72,262144,382965.7695,261.9180,293.2465,1
2.1.12,aerials,72,262144,1041168.6172,245.3132,293.2465,1
2.2.01,aerials,72,1048576,1606924.9424,262.2459,293.2465,1
2.2.02,aerials,72,1048576,7994223.7020,258.4595,293.2465,1
2.2.03,aerials,72,1048576,6187844.7371,257.7192,293.2465,1
2.2.04,aerials,72,1048576,3690644.5820,277.8729,293.2465,1
2.2.05,aerials,72,1048576,1298775.5493,259.0275,293.2465,1
2.2.06,aerials,72,1048576,7396619.0374,267.2979,293.2465,1
2.2.07,aerials,72,1048576,4860051.3880,243.5630,293.2465,1
2.2.08,aerials,72,1048576,1082751.9800,260.5729,293.2465,1
2.2.09,aerials,72,1048576,6732990.8791,262.3276,293.2465,1
2.2.10,aerials,72,1048576,7587851.9578,271.8255,293.2465,1
2.2.11,aerials,72,1048576,4219744.8717,239.9637,293.2465,1
2.2.12,aerials,72,1048576,4033947.6772,244.1175,293.2465,1
2.2.13,aerials,72,1048576,2556570.1512,267.3291,293.2465,1
2.2.14,aerials,72,1048576,2863126.6483,255.4543,293.2465,1
2.2.15,aerials,72,1048576,5841825.9139,250.7816,293.2465,1
2.2.16,aerials,72,1048576,3088125.5768,249.7349,293.2465,1
2.2.17,aerials,72,1048576,2111634.7624,264.2026,293.2465,1
2.2.18,aerials,72,1048576,3315796.2762,257.0675,293.2465,1
2.2.19,aerials,72,1048576,4653792.5623,228.9172,293.2465,1
2.2.20,aerials,72,1048576,3223388.8162,262.7567,293.2465,1
2.2.21,aerials,72,1048576,3338600.8636,272.5941,293.2465,1
2.2.22,aerials,72,1048576,6022088.4924,269.0124,293.2465,1
2.2.23,aerials,72,1048576,11172208.3312,257.1237,293.2465,1
2.2.24,aerials,72,1048576,2781243.8275,261.6668,293.2465,1
wash-ir,aerials,72,5062500,5355559.2556,239.1451,293.2465,1
4.1.01,misc,96,65536,161648.1927,259.7083,293.2465,1
4.1.02,misc,96,65536,279285.9792,251.4896,293.2465,1
4.1.03,misc,96,65536,757390.6979,264.0130,293.2465,1
4.1.04,misc,96,65536,81482.5964,263.9609,293.2465,1
4.1.05,misc,96,65536,317258.1536,252.4245,293.2465,1
4.1.06,misc,96,65536,89401.5182,267.8177,293.2465,1
4.1.07,misc,96,65536,486579.0911,251.4818,293.2465,1
4.1.08,misc,96,65536,338837.9115,259.7031,293.2465,1
4.2.01,misc,96,262144,951959.3021,250.4779,293.2465,1
4.2.03,misc,96,262144,101863.4616,247.2467,293.2465,1
4.2.05,misc,96,262144,822925.9603,231.0775,293.2465,1
4.2.06,misc,96,262144,223807.8535,246.6816,293.2465,1
4.2.07,misc,96,262144,340999.4414,256.9701,293.2465,1
house,misc,96,262144,257525.5384,270.9818,293.2465,1
2.1.01,aerials,96,262144,305263.2174,237.6055,293.2465,1
2.1.02,aerials,96,262144,285237.8646,263.6751,293.2465,1
2.1.03,aerials,96,262144,2147568.3815,256.1263,293.2465,1
2.1.04,aerials,96,262144,878469.8587,228.9570,293.2465,1
2.1.05,aerials,96,262144,265542.1608,247.0059,293.2465,1
2.1.06,aerials,96,262144,181814.6641,268.9603,293.2465,1
2.1.07,aerials,96,262144,1506062.4518,234.8607,293.2465,1
2.1.08,aerials,96,262144,1304657.1211,253.3698,293.2465,1
2.1.09,aerials,96,262144,1534474.9251,239.8197,293.2465,1
2.1.10,aerials,96,262144,842741.8743,267.2181,293.2465,1
2.1.11,aerials,96,262144,382965.7695,258.1159,293.2465,1
2.1.12,aerials,96,262144,1041168.6172,249.4518,293.2465,1
2.2.01,aerials,96,1048576,1606924.9424,250.0799,293.2465,1
2.2.02,aerials,96,1048576,7994223.7020,243.7515,293.2465,1
2.2.03,aerials,96,1048576,6187844.7371,240.4455,293.2465,1
2.2.04,aerials,96,1048576,3690644.5820,241.4629,293.2465,1
2.2.05,aerials,96,1048576,1298775.5493,257.3353,293.2465,1
2.2.06,aerials,96,1048576,7396619.0374,253.9215,293.2465,1
2.2.07,aerials,96,1048576,4860051.3880,275.1815,293.2465,1
2.2.08,aerials,96,1048576,1082751.9800,250.7205,293.2465,1
2.2.09,aerials,96,1048576,6732990.8791,267.1369,293.2465,1
2.2.10,aerials,96,1048576,7587851.9578,239.4945,293.2465,1
2.2.11,aerials,96,1048576,4219744.8717,253.4351,293.2465,1
2.2.12,aerials,96,1048576,4033947.6772,263.3660,293.2465,1
2.2.13,aerials,96,1048576,2556570.1512,245.0793,293.2465,1
2.2.14,aerials,96,1048576,2863126.6483,259.2731,293.2465,1
2.2.15,aerials,96,1048576,5841825.9139,241.4256,293.2465,1
2.2.16,aerials,96,1048576,3088125.5768,267.4655,293.2465,1
2.2.17,aerials,96,1048576,2111634.7624,257.1458,293.2465,1
2.2.18,aerials,96,1048576,3315796.2762,271.9276,293.2465,1
2.2.19,aerials,96,1048576,4653792.5623,258.3504,293.2465,1
2.2.20,aerials,96,1048576,3223388.8162,245.4032,293.2465,1
2.2.21,aerials,96,1048576,3338600.8636,258.2860,293.2465,1
2.2.22,aerials,96,1048576,6022088.4924,237.9694,293.2465,1
2.2.23,aerials,96,1048576,11172208.3312,242.6346,293.2465,1
2.2.24,aerials,96,1048576,2781243.8275,243.6160,293.2465,1
wash-ir,aerials,96,5062500,5355559.2556,245.7435,293.2465,1
4.1.01,misc,120,65536,161648.1927,264.7786,293.2465,1
4.1.02,misc,120,65536,279285.9792,237.9714,293.2465,1
4.1.03,misc,120,65536,757390.6979,250.6875,293.2465,1
4.1.04,misc,120,65536,81482.5964,239.3099,293.2465,1
4.1.05,misc,120,65536,317258.1536,251.7812,293.2465,1
4.1.06,misc,120,65536,89401.5182,261.5156,293.2465,1
4.1.07,misc,120,65536,486579.0911,256.4245,293.2465,1
4.1.08,misc,120,65536,338837.9115,256.5156,293.2465,1
4.2.01,misc,120,262144,951959.3021,244.2604,293.2465,1
4.2.03,misc,120,262144,101863.4616,280.9674,293.2465,1
4.2.05,misc,120,262144,822925.9603,256.7122,293.2465,1
4.2.06,misc,120,262144,223807.8535,254.3587,293.2465,1
4.2.07,misc,120,262144,340999.4414,258.7865,293.2465,1
house,misc,120,262144,257525.5384,248.7142,293.2465,1
2.1.01,aerials,120,262144,305263.2174,251.3164,293.2465,1
2.1.02,aerials,120,262144,285237.8646,256.8952,293.2465,1
2.1.03,aerials,120,262144,2147568.3815,266.6556,293.2465,1
2.1.04,aerials,120,262144,878469.8587,239.3008,293.2465,1
2.1.05,aerials,120,262144,265542.1608,268.5176,293.2465,1
2.1.06,aerials,120,262144,181814.6641,274.8138,293.2465,1
2.1.07,aerials,120,262144,1506062.4518,266.2272,293.2465,1
2.1.08,aerials,120,262144,1304657.1211,245.2565,293.2465,1
2.1.09,aerials,120,262144,1534474.9251,256.6654,293.2465,1
2.1.10,aerials,120,262144,842741.8743,255.8216,293.2465,1
2.1.11,aerials,120,262144,382965.7695,250.2884,293.2465,1
2.1.12,aerials,120,262144,1041168.6172,271.6354,293.2465,1
2.2.01,aerials,120,1048576,1606924.9424,261.3563,293.2465,1
2.2.02,aerials,120,1048576,7994223.7020,255.5975,293.2465,1
2.2.03,aerials,120,1048576,6187844.7371,236.5050,293.2465,1
2.2.04,aerials,120,1048576,3690644.5820,248.8771,293.2465,1
2.2.05,aerials,120,1048576,1298775.5493,274.8688,293.2465,1
2.2.06,aerials,120,1048576,7396619.0374,263.4611,293.2465,1
2.2.07,aerials,120,1048576,4860051.3880,238.6203,293.2465,1
2.2.08,aerials,120,1048576,1082751.9800,274.6051,293.2465,1
2.2.09,aerials,120,1048576,6732990.8791,270.5072,293.2465,1
2.2.10,aerials,120,1048576,7587851.9578,245.5843,293.2465,1
2.2.11,aerials,120,1048576,4219744.8717,262.5897,293.2465,1
2.2.12,aerials,120,1048576,4033947.6772,244.8022,293.2465,1
2.2.13,aerials,120,1048576,2556570.1512,261.7028,293.2465,1
2.2.14,aerials,120,1048576,2863126.6483,236.0028,293.2465,1
2.2.15,aerials,120,1048576,5841825.9139,250.6522,293.2465,1
2.2.16,aerials,120,1048576,3088125.5768,232.5739,293.2465,1
2.2.17,aerials,120,1048576,2111634.7624,277.6943,293.2465,1
2.2.18,aerials,120,1048576,3315796.2762,260.7437,293.2465,1
2.2.19,aerials,120,1048576,4653792.5623,246.3265,293.2465,1
2.2.20,aerials,120,1048576,3223388.8162,283.9087,293.2465,1
2.2.21,aerials,120,1048576,3338600.8636,234.6024,293.2465,1
2.2.22,aerials,120,1048576,6022088.4924,264.5327,293.2465,1
2.2.23,aerials,120,1048576,11172208.3312,251.8828,293.2465,1
2.2.24,aerials,120,1048576,2781243.8275,256.4023,293.2465,1
wash-ir,aerials,120,5062500,5355559.2556,243.3571,293.2465,1
4.1.01,misc,144,65536,161648.1927,247.7917,293.2465,1
4.1.02,misc,144,65536,279285.9792,268.7995,293.2465,1
4.1.03,misc,144,65536,757390.6979,230.5755,293.2465,1
4.1.04,misc,144,65536,81482.5964,252.8750,293.2465,1
4.1.05,misc,144,65536,317258.1536,257.6484,293.2465,1
4.1.06,misc,144,65536,89401.5182,281.2943,293.2465,1
4.1.07,misc,144,65536,486579.0911,271.2526,293.2465,1
4.1.08,misc,144,65536,338837.9115,281.1693,293.2465,1
4.2.01,misc,144,262144,951959.3021,258.7467,293.2465,1
4.2.03,misc,144,262144,101863.4616,259.7715,293.2465,1
4.2.05,misc,144,262144,822925.9603,250.0931,293.2465,1
4.2.06,misc,144,262144,223807.8535,259.6426,293.2465,1
4.2.07,misc,144,262144,340999.4414,256.9974,293.2465,1
house,misc,144,262144,257525.5384,251.8359,293.2465,1
2.1.01,aerials,144,262144,305263.2174,261.5749,293.2465,1
2.1.02,aerials,144,262144,285237.8646,246.8210,293.2465,1
2.1.03,aerials,144,262144,2147568.3815,265.2917,293.2465,1
2.1.04,aerials,144,262144,878469.8587,238.1237,293.2465,1
2.1.05,aerials,144,262144,265542.1608,239.1641,293.2465,1
2.1.06,aerials,144,262144,181814.6641,256.9004,293.2465,1
2.1.07,aerials,144,262144,1506062.4518,231.3704,293.2465,1
2.1.08,aerials,144,262144,1304657.1211,285.2806,293.2465,1
2.1.09,aerials,144,262144,1534474.9251,268.2858,293.2465,1
2.1.10,aerials,144,262144,842741.8743,247.6517,293.2465,1
2.1.11,aerials,144,262144,382965.7695,256.4759,293.2465,1
2.1.12,aerials,144,262144,1041168.6172,239.2904,293.2465,1
2.2.01,aerials,144,1048576,1606924.9424,267.2769,293.2465,1
2.2.02,aerials,144,1048576,7994223.7020,241.7303,293.2465,1
2.2.03,aerials,144,1048576,6187844.7371,235.4538,293.2465,1
2.2.04,aerials,144,1048576,3690644.5820,245.5599,293.2465,1
2.2.05,aerials,144,1048576,1298775.5493,251.5861,293.2465,1
2.2.06,aerials,144,1048576,7396619.0374,249.1746,293.2465,1
2.2.07,aerials,144,1048576,4860051.3880,255.7171,293.2465,1
2.2.08,aerials,144,1048576,1082751.9800,243.2852,293.2465,1
2.2.09,aerials,144,1048576,6732990.8791,259.1507,293.2465,1
2.2.10,aerials,144,1048576,7587851.9578,276.8924,293.2465,1
2.2.11,aerials,144,1048576,4219744.8717,229.4440,293.2465,1
2.2.12,aerials,144,1048576,4033947.6772,238.7710,293.2465,1
2.2.13,aerials,144,1048576,2556570.1512,245.5996,293.2465,1
2.2.14,aerials,144,1048576,2863126.6483,243.6437,293.2465,1
2.2.15,aerials,144,1048576,5841825.9139,269.4733,293.2465,1
2.2.16,aerials,144,1048576,3088125.5768,232.1945,293.2465,1
2.2.17,aerials,144,1048576,2111634.7624,246.0140,293.2465,1
2.2.18,aerials,144,1048576,3315796.2762,252.0299,293.2465,1
2.2.19,aerials,144,1048576,4653792.5623,264.1188,293.2465,1
2.2.20,aerials,144,1048576,3223388.8162,262.2803,293.2465,1
2.2.21,aerials,144,1048576,3338600.8636,247.1475,293.2465,1
2.2.22,aerials,144,1048576,6022088.4924,243.1255,293.2465,1
2.2.23,aerials,144,1048576,11172208.3312,258.6777,293.2465,1
2.2.24,aerials,144,1048576,2781243.8275,234.7962,293.2465,1
wash-ir,aerials,144,5062500,5355559.2556,249.4761,293.2465,1
4.1.01,misc,168,65536,161648.1927,270.7630,293.2465,1
4.1.02,misc,168,65536,279285.9792,251.5755,293.2465,1
4.1.03,misc,168,65536,757390.6979,257.8516,293.2465,1
4.1.04,misc,168,65536,81482.5964,246.5339,293.2465,1
4.1.05,misc,168,65536,317258.1536,266.9297,293.2465,1
4.1.06,misc,168,65536,89401.5182,253.4583,293.2465,1
4.1.07,misc,168,65536,486579.0911,252.7786,293.2465,1
4.1.08,misc,168,65536,338837.9115,238.6979,293.2465,1
4.2.01,misc,168,262144,951959.3021,282.0404,293.2465,1
4.2.03,misc,168,262144,101863.4616,264.1387,293.2465,1
4.2.05,misc,168,262144,822925.9603,254.0299,293.2465,1
4.2.06,misc,168,262144,223807.8535,240.8210,293.2465,1
4.2.07,misc,168,262144,340999.4414,255.8457,293.2465,1
house,misc,168,262144,257525.5384,246.0957,293.2465,1
2.1.01,aerials,168,262144,305263.2174,245.3926,293.2465,1
2.1.02,aerials,168,262144,285237.8646,246.8581,293.2465,1
2.1.03,aerials,168,262144,2147568.3815,249.1042,293.2465,1
2.1.04,aerials,168,262144,878469.8587,251.8177,293.2465,1
2.1.05,aerials,168,262144,265542.1608,275.3145,293.2465,1
2.1.06,aerials,168,262144,181814.6641,269.9284,293.2465,1
2.1.07,aerials,168,262144,1506062.4518,270.9473,293.2465,1
2.1.08,aerials,168,262144,1304657.1211,254.3691,293.2465,1
2.1.09,aerials,168,262144,1534474.9251,239.1921,293.2465,1
2.1.10,aerials,168,262144,842741.8743,249.9583,293.2465,1
2.1.11,aerials,168,262144,382965.7695,234.4876,293.2465,1
2.1.12,aerials,168,262144,1041168.6172,263.5326,293.2465,1
2.2.01,aerials,168,1048576,1606924.9424,265.6139,293.2465,1
2.2.02,aerials,168,1048576,7994223.7020,232.1375,293.2465,1
2.2.03,aerials,168,1048576,6187844.7371,263.1991,293.2465,1
2.2.04,aerials,168,1048576,3690644.5820,245.5472,293.2465,1
2.2.05,aerials,168,1048576,1298775.5493,243.2059,293.2465,1
2.2.06,aerials,168,1048576,7396619.0374,276.4036,293.2465,1
2.2.07,aerials,168,1048576,4860051.3880,265.7222,293.2465,1
2.2.08,aerials,168,1048576,1082751.9800,247.2977,293.2465,1
2.2.09,aerials,168,1048576,6732990.8791,237.8332,293.2465,1
2.2.10,aerials,168,1048576,7587851.9578,250.2980,293.2465,1
2.2.11,aerials,168,1048576,4219744.8717,255.1789,293.2465,1
2.2.12,aerials,168,1048576,4033947.6772,242.9652,293.2465,1
2.2.13,aerials,168,1048576,2556570.1512,269.6839,293.2465,1
2.2.14,aerials,168,1048576,2863126.6483,254.5470,293.2465,1
2.2.15,aerials,168,1048576,5841825.9139,264.9287,293.2465,1
2.2.16,aerials,168,1048576,3088125.5768,275.5967,293.2465,1
2.2.17,aerials,168,1048576,2111634.7624,248.1904,293.2465,1
2.2.18,aerials,168,1048576,3315796.2762,263.6759,293.2465,1
2.2.19,aerials,168,1048576,4653792.5623,241.6449,293.2465,1
2.2.20,aerials,168,1048576,3223388.8162,255.3577,293.2465,1
2.2.21,aerials,168,1048576,3338600.8636,270.6812,293.2465,1
2.2.22,aerials,168,1048576,6022088.4924,253.9865,293.2465,1
2.2.23,aerials,168,1048576,11172208.3312,270.8963,293.2465,1
2.2.24,aerials,168,1048576,2781243.8275,231.2990,293.2465,1
wash-ir,aerials,168,5062500,5355559.2556,262.5297,293.2465,1
4.1.01,misc,192,65536,161648.1927,276.6510,293.2465,1
4.1.02,misc,192,65536,279285.9792,248.6771,293.2465,1
4.1.03,misc,192,65536,757390.6979,246.7266,293.2465,1
4.1.04,misc,192,65536,81482.5964,251.6406,293.2465,1
4.1.05,misc,192,65536,317258.1536,259.4844,293.2465,1
4.1.06,misc,192,65536,89401.5182,246.1667,293.2465,1
4.1.07,misc,192,65536,486579.0911,278.3958,293.2465,1
4.1.08,misc,192,65536,338837.9115,262.4479,293.2465,1
4.2.01,misc,192,262144,951959.3021,266.9036,293.2465,1
4.2.03,misc,192,262144,101863.4616,272.1849,293.2465,1
4.2.05,misc,192,262144,822925.9603,265.5938,293.2465,1
4.2.06,misc,192,262144,223807.8535,253.9388,293.2465,1
4.2.07,misc,192,262144,340999.4414,239.8880,293.2465,1
house,misc,192,262144,257525.5384,251.4805,293.2465,1
2.1.01,aerials,192,262144,305263.2174,251.4395,293.2465,1
2.1.02,aerials,192,262144,285237.8646,248.6185,293.2465,1
2.1.03,aerials,192,262144,2147568.3815,231.4336,293.2465,1
2.1.04,aerials,192,262144,878469.8587,252.4121,293.2465,1
2.1.05,aerials,192,262144,265542.1608,266.3906,293.2465,1
2.1.06,aerials,192,262144,181814.6641,249.1374,293.2465,1
2.1.07,aerials,192,262144,1506062.4518,246.2109,293.2465,1
2.1.08,aerials,192,262144,1304657.1211,234.5469,293.2465,1
2.1.09,aerials,192,262144,1534474.9251,253.6263,293.2465,1
2.1.10,aerials,192,262144,842741.8743,247.5846,293.2465,1
2.1.11,aerials,192,262144,382965.7695,275.8952,293.2465,1
2.1.12,aerials,192,262144,1041168.6172,252.0794,293.2465,1
2.2.01,aerials,192,1048576,1606924.9424,245.4424,293.2465,1
2.2.02,aerials,192,1048576,7994223.7020,246.3081,293.2465,1
2.2.03,aerials,192,1048576,6187844.7371,281.9919,293.2465,1
2.2.04,aerials,192,1048576,3690644.5820,266.6756,293.2465,1
2.2.05,aerials,192,1048576,1298775.5493,242.4767,293.2465,1
2.2.06,aerials,192,1048576,7396619.0374,267.9442,293.2465,1
2.2.07,aerials,192,1048576,4860051.3880,245.0492,293.2465,1
2.2.08,aerials,192,1048576,1082751.9800,250.7612,293.2465,1
2.2.09,aerials,192,1048576,6732990.8791,243.2386,293.2465,1
2.2.10,aerials,192,1048576,7587851.9578,230.7310,293.2465,1
2.2.11,aerials,192,1048576,4219744.8717,254.1698,293.2465,1
2.2.12,aerials,192,1048576,4033947.6772,257.7015,293.2465,1
2.2.13,aerials,192,1048576,2556570.1512,227.0465,293.2465,1
2.2.14,aerials,192,1048576,2863126.6483,264.3382,293.2465,1
2.2.15,aerials,192,1048576,5841825.9139,256.0404,293.2465,1
2.2.16,aerials,192,1048576,3088125.5768,235.9663,293.2465,1
2.2.17,aerials,192,1048576,2111634.7624,259.0991,293.2465,1
2.2.18,aerials,192,1048576,3315796.2762,240.3735,293.2465,1
2.2.19,aerials,192,1048576,4653792.5623,262.8918,293.2465,1
2.2.20,aerials,192,1048576,3223388.8162,254.1659,293.2465,1
2.2.21,aerials,192,1048576,3338600.8636,252.5015,293.2465,1
2.2.22,aerials,192,1048576,6022088.4924,254.8651,293.2465,1
2.2.23,aerials,192,1048576,11172208.3312,277.3672,293.2465,1
2.2.24,aerials,192,1048576,2781243.8275,252.0960,293.2465,1
wash-ir,aerials,192,5062500,5355559.2556,259.3791,293.2465,1
4.1.01,misc,216,65536,161648.1927,252.9844,293.2465,1
4.1.02,misc,216,65536,279285.9792,249.3620,293.2465,1
4.1.03,misc,216,65536,757390.6979,245.8698,293.2465,1
4.1.04,misc,216,65536,81482.5964,244.6562,293.2465,1
4.1.05,misc,216,65536,317258.1536,247.9922,293.2465,1
4.1.06,misc,216,65536,89401.5182,259.3880,293.2465,1
4.1.07,misc,216,65536,486579.0911,244.6094,293.2465,1
4.1.08,misc,216,65536,338837.9115,273.3542,293.2465,1
4.2.01,misc,216,262144,951959.3021,240.8952,293.2465,1
4.2.03,misc,216,262144,101863.4616,283.2415,293.2465,1
4.2.05,misc,216,262144,822925.9603,275.9349,293.2465,1
4.2.06,misc,216,262144,223807.8535,259.3906,293.2465,1
4.2.07,misc,216,262144,340999.4414,260.1992,293.2465,1
house,misc,216,262144,257525.5384,224.9108,293.2465,1
2.1.01,aerials,216,262144,305263.2174,244.3783,293.2465,1
2.1.02,aerials,216,262144,285237.8646,254.3112,293.2465,1
2.1.03,aerials,216,262144,2147568.3815,243.6270,293.2465,1
2.1.04,aerials,216,262144,878469.8587,254.2103,293.2465,1
2.1.05,aerials,216,262144,265542.1608,270.2409,293.2465,1
2.1.06,aerials,216,262144,181814.6641,245.7793,293.2465,1
2.1.07,aerials,216,262144,1506062.4518,247.1497,293.2465,1
2.1.08,aerials,216,262144,1304657.1211,270.8704,293.2465,1
2.1.09,aerials,216,262144,1534474.9251,269.8678,293.2465,1
2.1.10,aerials,216,262144,842741.8743,235.1237,293.2465,1
2.1.11,aerials,216,262144,382965.7695,255.0033,293.2465,1
2.1.12,aerials,216,262144,1041168.6172,271.4629,293.2465,1
2.2.01,aerials,216,1048576,1606924.9424,238.3457,293.2465,1
2.2.02,aerials,216,1048576,7994223.7020,251.4196,293.2465,1
2.2.03,aerials,216,1048576,6187844.7371,243.3206,293.2465,1
2.2.04,aerials,216,1048576,3690644.5820,268.4684,293.2465,1
2.2.05,aerials,216,1048576,1298775.5493,265.3892,293.2465,1
2.2.06,aerials,216,1048576,7396619.0374,268.7326,293.2465,1
2.2.07,aerials,216,1048576,4860051.3880,260.2969,293.2465,1
2.2.08,aerials,216,1048576,1082751.9800,244.2254,293.2465,1
2.2.09,aerials,216,1048576,6732990.8791,255.8525,293.2465,1
2.2.10,aerials,216,1048576,7587851.9578,269.2682,293.2465,1
2.2.11,aerials,216,1048576,4219744.8717,271.1857,293.2465,1
2.2.12,aerials,216,1048576,4033947.6772,245.6852,293.2465,1
2.2.13,aerials,216,1048576,2556570.1512,268.7614,293.2465,1
2.2.14,aerials,216,1048576,2863126.6483,258.3053,293.2465,1
2.2.15,aerials,216,1048576,5841825.9139,271.8726,293.2465,1
2.2.16,aerials,216,1048576,3088125.5768,251.9303,293.2465,1
2.2.17,aerials,216,1048576,2111634.7624,266.7401,293.2465,1
2.2.18,aerials,216,1048576,3315796.2762,253.5920,293.2465,1
2.2.19,aerials,216,1048576,4653792.5623,240.9242,293.2465,1
2.2.20,aerials,216,1048576,3223388.8162,254.2715,293.2465,1
2.2.21,aerials,216,1048576,3338600.8636,251.8320,293.2465,1
2.2.22,aerials,216,1048576,6022088.4924,257.0282,293.2465,1
2.2.23,aerials,216,1048576,11172208.3312,258.1107,293.2465,1
2.2.24,aerials,216,1048576,2781243.8275,255.5903,293.2465,1
wash-ir,aerials,216,5062500,5355559.2556,263.6269,293.2465,1
4.1.01,misc,240,65536,161648.1927,248.9010,293.2465,1
4.1.02,misc,240,65536,279285.9792,254.9661,293.2465,1
4.1.03,misc,240,65536,757390.6979,240.9349,293.2465,1
4.1.04,misc,240,65536,81482.5964,251.1328,293.2465,1
4.1.05,misc,240,65536,317258.1536,262.0078,293.2465,1
4.1.06,misc,240,65536,89401.5182,251.7266,293.2465,1
4.1.07,misc,240,65536,486579.0911,265.7734,293.2465,1
4.1.08,misc,240,65536,338837.9115,273.3776,293.2465,1
4.2.01,misc,240,262144,951959.3021,248.6868,293.2465,1
4.2.03,misc,240,262144,101863.4616,249.2676,293.2465,1
4.2.05,misc,240,262144,822925.9603,251.0000,293.2465,1
4.2.06,misc,240,262144,223807.8535,267.8438,293.2465,1
4.2.07,misc,240,262144,340999.4414,251.4889,293.2465,1
house,misc,240,262144,257525.5384,248.1419,293.2465,1
2.1.01,aerials,240,262144,305263.2174,228.2533,293.2465,1
2.1.02,aerials,240,262144,285237.8646,253.8164,293.2465,1
2.1.03,aerials,240,262144,2147568.3815,277.7135,293.2465,1
2.1.04,aerials,240,262144,878469.8587,272.1276,293.2465,1
2.1.05,aerials,240,262144,265542.1608,278.1003,293.2465,1
2.1.06,aerials,240,262144,181814.6641,267.1185,293.2465,1
2.1.07,aerials,240,262144,1506062.4518,256.1712,293.2465,1
2.1.08,aerials,240,262144,1304657.1211,257.5033,293.2465,1
2.1.09,aerials,240,262144,1534474.9251,252.3086,293.2465,1
2.1.10,aerials,240,262144,842741.8743,254.4062,293.2465,1
2.1.11,aerials,240,262144,382965.7695,228.4935,293.2465,1
2.1.12,aerials,240,262144,1041168.6172,256.4102,293.2465,1
2.2.01,aerials,240,1048576,1606924.9424,261.0908,293.2465,1
2.2.02,aerials,240,1048576,7994223.7020,276.5283,293.2465,1
2.2.03,aerials,240,1048576,6187844.7371,251.3465,293.2465,1
2.2.04,aerials,240,1048576,3690644.5820,258.1312,293.2465,1
2.2.05,aerials,240,1048576,1298775.5493,271.2129,293.2465,1
2.2.06,aerials,240,1048576,7396619.0374,261.1725,293.2465,1
2.2.07,aerials,240,1048576,4860051.3880,247.2088,293.2465,1
2.2.08,aerials,240,1048576,1082751.9800,277.7445,293.2465,1
2.2.09,aerials,240,1048576,6732990.8791,268.6139,293.2465,1
2.2.10,aerials,240,1048576,7587851.9578,264.6647,293.2465,1
2.2.11,aerials,240,1048576,4219744.8717,244.1909,293.2465,1
2.2.12,aerials,240,1048576,4033947.6772,242.2524,293.2465,1
2.2.13,aerials,240,1048576,2556570.1512,255.0659,293.2465,1
2.2.14,aerials,240,1048576,2863126.6483,262.8239,293.2465,1
2.2.15,aerials,240,1048576,5841825.9139,268.3320,293.2465,1
2.2.16,aerials,240,1048576,3088125.5768,258.7790,293.2465,1
2.2.17,aerials,240,1048576,2111634.7624,260.8120,293.2465,1
2.2.18,aerials,240,1048576,3315796.2762,263.5858,293.2465,1
2.2.19,aerials,240,1048576,4653792.5623,241.1685,293.2465,1
2.2.20,aerials,240,1048576,3223388.8162,251.6297,293.2465,1
2.2.21,aerials,240,1048576,3338600.8636,254.8838,293.2465,1
2.2.22,aerials,240,1048576,6022088.4924,271.9393,293.2465,1
2.2.23,aerials,240,1048576,11172208.3312,246.2057,293.2465,1
2.2.24,aerials,240,1048576,2781243.8275,257.6927,293.2465,1
wash-ir,aerials,240,5062500,5355559.2556,248.6663,293.2465,1
4.1.01,misc,264,65536,161648.1927,251.1276,293.2465,1
4.1.02,misc,264,65536,279285.9792,257.3021,293.2465,1
4.1.03,misc,264,65536,757390.6979,256.6406,293.2465,1
4.1.04,misc,264,65536,81482.5964,259.3177,293.2465,1
4.1.05,misc,264,65536,317258.1536,250.7370,293.2465,1
4.1.06,misc,264,65536,89401.5182,222.3125,293.2465,1
4.1.07,misc,264,65536,486579.0911,259.6406,293.2465,1
4.1.08,misc,264,65536,338837.9115,261.7526,293.2465,1
4.2.01,misc,264,262144,951959.3021,267.7109,293.2465,1
4.2.03,misc,264,262144,101863.4616,271.8542,293.2465,1
4.2.05,misc,264,262144,822925.9603,254.3906,293.2465,1
4.2.06,misc,264,262144,223807.8535,273.6263,293.2465,1
4.2.07,misc,264,262144,340999.4414,239.6947,293.2465,1
house,misc,264,262144,257525.5384,265.3620,293.2465,1
2.1.01,aerials,264,262144,305263.2174,237.7689,293.2465,1
2.1.02,aerials,264,262144,285237.8646,247.1237,293.2465,1
2.1.03,aerials,264,262144,2147568.3815,240.6875,293.2465,1
2.1.04,aerials,264,262144,878469.8587,271.4525,293.2465,1
2.1.05,aerials,264,262144,265542.1608,237.7871,293.2465,1
2.1.06,aerials,264,262144,181814.6641,253.2474,293.2465,1
2.1.07,aerials,264,262144,1506062.4518,261.4342,293.2465,1
2.1.08,aerials,264,262144,1304657.1211,239.0156,293.2465,1
2.1.09,aerials,264,262144,1534474.9251,264.3711,293.2465,1
2.1.10,aerials,264,262144,842741.8743,239.3913,293.2465,1
2.1.11,aerials,264,262144,382965.7695,251.5319,293.2465,1
2.1.12,aerials,264,262144,1041168.6172,270.2513,293.2465,1
2.2.01,aerials,264,1048576,1606924.9424,234.7199,293.2465,1
2.2.02,aerials,264,1048576,7994223.7020,258.6423,293.2465,1
2.2.03,aerials,264,1048576,6187844.7371,279.9977,293.2465,1
2.2.04,aerials,264,1048576,3690644.5820,252.3859,293.2465,1
2.2.05,aerials,264,1048576,1298775.5493,262.9922,293.2465,1
2.2.06,aerials,264,1048576,7396619.0374,249.6117,293.2465,1
2.2.07,aerials,264,1048576,4860051.3880,251.5612,293.2465,1
2.2.08,aerials,264,1048576,1082751.9800,261.0475,293.2465,1
2.2.09,aerials,264,1048576,6732990.8791,255.8208,293.2465,1
2.2.10,aerials,264,1048576,7587851.9578,248.4971,293.2465,1
2.2.11,aerials,264,1048576,4219744.8717,274.5868,293.2465,1
2.2.12,aerials,264,1048576,4033947.6772,253.5425,293.2465,1
2.2.13,aerials,264,1048576,2556570.1512,267.3654,293.2465,1
2.2.14,aerials,264,1048576,2863126.6483,271.2830,293.2465,1
2.2.15,aerials,264,1048576,5841825.9139,241.9142,293.2465,1
2.2.16,aerials,264,1048576,3088125.5768,240.1938,293.2465,1
2.2.17,aerials,264,1048576,2111634.7624,265.2158,293.2465,1
2.2.18,aerials,264,1048576,3315796.2762,257.8760,293.2465,1
2.2.19,aerials,264,1048576,4653792.5623,259.5513,293.2465,1
2.2.20,aerials,264,1048576,3223388.8162,274.3942,293.2465,1
2.2.21,aerials,264,1048576,3338600.8636,263.2082,293.2465,1
2.2.22,aerials,264,1048576,6022088.4924,268.3833,293.2465,1
2.2.23,aerials,264,1048576,11172208.3312,261.9015,293.2465,1
2.2.24,aerials,264,1048576,2781243.8275,268.3516,293.2465,1
wash-ir,aerials,264,5062500,5355559.2556,261.1168,293.2465,1
4.1.01,misc,288,65536,161648.1927,254.1693,293.2465,1
4.1.02,misc,288,65536,279285.9792,246.0573,293.2465,1
4.1.03,misc,288,65536,757390.6979,243.2812,293.2465,1
4.1.04,misc,288,65536,81482.5964,261.9453,293.2465,1
4.1.05,misc,288,65536,317258.1536,235.7656,293.2465,1
4.1.06,misc,288,65536,89401.5182,257.2292,293.2465,1
4.1.07,misc,288,65536,486579.0911,267.9688,293.2465,1
4.1.08,misc,288,65536,338837.9115,262.0677,293.2465,1
4.2.01,misc,288,262144,951959.3021,239.6387,293.2465,1
4.2.03,misc,288,262144,101863.4616,244.5944,293.2465,1
4.2.05,misc,288,262144,822925.9603,239.8809,293.2465,1
4.2.06,misc,288,262144,223807.8535,266.9036,293.2465,1
4.2.07,misc,288,262144,340999.4414,259.2988,293.2465,1
house,misc,288,262144,257525.5384,258.1354,293.2465,1
2.1.01,aerials,288,262144,305263.2174,257.2194,293.2465,1
2.1.02,aerials,288,262144,285237.8646,263.4577,293.2465,1
2.1.03,aerials,288,262144,2147568.3815,246.2982,293.2465,1
2.1.04,aerials,288,262144,878469.8587,235.8652,293.2465,1
2.1.05,aerials,288,262144,265542.1608,243.0384,293.2465,1
2.1.06,aerials,288,262144,181814.6641,251.5612,293.2465,1
2.1.07,aerials,288,262144,1506062.4518,275.9609,293.2465,1
2.1.08,aerials,288,262144,1304657.1211,264.4128,293.2465,1
2.1.09,aerials,288,262144,1534474.9251,257.0990,293.2465,1
2.1.10,aerials,288,262144,842741.8743,232.2539,293.2465,1
2.1.11,aerials,288,262144,382965.7695,272.2109,293.2465,1
2.1.12,aerials,288,262144,1041168.6172,239.9798,293.2465,1
2.2.01,aerials,288,1048576,1606924.9424,261.1685,293.2465,1
2.2.02,aerials,288,1048576,7994223.7020,271.5993,293.2465,1
2.2.03,aerials,288,1048576,6187844.7371,275.6891,293.2465,1
2.2.04,aerials,288,1048576,3690644.5820,238.6787,293.2465,1
2.2.05,aerials,288,1048576,1298775.5493,276.6431,293.2465,1
2.2.06,aerials,288,1048576,7396619.0374,278.5742,293.2465,1
2.2.07,aerials,288,1048576,4860051.3880,259.1055,293.2465,1
2.2.08,aerials,288,1048576,1082751.9800,242.9598,293.2465,1
2.2.09,aerials,288,1048576,6732990.8791,255.0259,293.2465,1
2.2.10,aerials,288,1048576,7587851.9578,233.4076,293.2465,1
2.2.11,aerials,288,1048576,4219744.8717,255.1271,293.2465,1
2.2.12,aerials,288,1048576,4033947.6772,268.0184,293.2465,1
2.2.13,aerials,288,1048576,2556570.1512,264.2663,293.2465,1
2.2.14,aerials,288,1048576,2863126.6483,242.7520,293.2465,1
2.2.15,aerials,288,1048576,5841825.9139,242.1906,293.2465,1
2.2.16,aerials,288,1048576,3088125.5768,265.6094,293.2465,1
2.2.17,aerials,288,1048576,2111634.7624,254.2858,293.2465,1
2.2.18,aerials,288,1048576,3315796.2762,237.3867,293.2465,1
2.2.19,aerials,288,1048576,4653792.5623,246.7922,293.2465,1
2.2.20,aerials,288,1048576,3223388.8162,238.7020,293.2465,1
2.2.21,aerials,288,1048576,3338600.8636,250.8078,293.2465,1
2.2.22,aerials,288,1048576,6022088.4924,264.3384,293.2465,1
2.2.23,aerials,288,1048576,11172208.3312,267.4082,293.2465,1
2.2.24,aerials,288,1048576,2781243.8275,245.8330,293.2465,1
wash-ir,aerials,288,5062500,5355559.2556,266.2478,293.2465,1
4.1.01,misc,312,65536,161648.1927,282.6849,293.2465,1
4.1.02,misc,312,65536,279285.9792,272.4479,293.2465,1
4.1.03,misc,312,65536,757390.6979,251.4688,293.2465,1
4.1.04,misc,312,65536,81482.5964,247.0911,293.2465,1
4.1.05,misc,312,65536,317258.1536,236.2812,293.2465,1
4.1.06,misc,312,65536,89401.5182,278.1979,293.2465,1
4.1.07,misc,312,65536,486579.0911,250.6510,293.2465,1
4.1.08,misc,312,65536,338837.9115,251.8958,293.2465,1
4.2.01,misc,312,262144,951959.3021,230.9479,293.2465,1
4.2.03,misc,312,262144,101863.4616,245.3600,293.2465,1
4.2.05,misc,312,262144,822925.9603,255.0059,293.2465,1
4.2.06,misc,312,262144,223807.8535,239.9479,293.2465,1
4.2.07,misc,312,262144,340999.4414,242.3926,293.2465,1
house,misc,312,262144,257525.5384,253.3737,293.2465,1
2.1.01,aerials,312,262144,305263.2174,270.9909,293.2465,1
2.1.02,aerials,312,262144,285237.8646,250.7324,293.2465,1
2.1.03,aerials,312,262144,2147568.3815,247.0378,293.2465,1
2.1.04,aerials,312,262144,878469.8587,267.7969,293.2465,1
2.1.05,aerials,312,262144,265542.1608,241.6549,293.2465,1
2.1.06,aerials,312,262144,181814.6641,260.2396,293.2465,1
2.1.07,aerials,312,262144,1506062.4518,240.0697,293.2465,1
2.1.08,aerials,312,262144,1304657.1211,262.5182,293.2465,1
2.1.09,aerials,312,262144,1534474.9251,244.9661,293.2465,1
2.1.10,aerials,312,262144,842741.8743,258.0625,293.2465,1
2.1.11,aerials,312,262144,382965.7695,273.7441,293.2465,1
2.1.12,aerials,312,262144,1041168.6172,279.6680,293.2465,1
2.2.01,aerials,312,1048576,1606924.9424,253.7305,293.2465,1
2.2.02,aerials,312,1048576,7994223.7020,241.0020,293.2465,1
2.2.03,aerials,312,1048576,6187844.7371,276.1901,293.2465,1
2.2.04,aerials,312,1048576,3690644.5820,233.2738,293.2465,1
2.2.05,aerials,312,1048576,1298775.5493,275.1632,293.2465,1
2.2.06,aerials,312,1048576,7396619.0374,265.5586,293.2465,1
2.2.07,aerials,312,1048576,4860051.3880,281.1045,293.2465,1
2.2.08,aerials,312,1048576,1082751.9800,266.8522,293.2465,1
2.2.09,aerials,312,1048576,6732990.8791,269.7528,293.2465,1
2.2.10,aerials,312,1048576,7587851.9578,252.3242,293.2465,1
2.2.11,aerials,312,1048576,4219744.8717,249.9829,293.2465,1
2.2.12,aerials,312,1048576,4033947.6772,257.8721,293.2465,1
2.2.13,aerials,312,1048576,2556570.1512,252.9780,293.2465,1
2.2.14,aerials,312,1048576,2863126.6483,225.3118,293.2465,1
2.2.15,aerials,312,1048576,5841825.9139,253.1636,293.2465,1
2.2.16,aerials,312,1048576,3088125.5768,257.9015,293.2465,1
2.2.17,aerials,312,1048576,2111634.7624,245.3812,293.2465,1
2.2.18,aerials,312,1048576,3315796.2762,269.3107,293.2465,1
2.2.19,aerials,312,1048576,4653792.5623,262.8381,293.2465,1
2.2.20,aerials,312,1048576,3223388.8162,243.5382,293.2465,1
2.2.21,aerials,312,1048576,3338600.8636,274.6846,293.2465,1
2.2.22,aerials,312,1048576,6022088.4924,268.8587,293.2465,1
2.2.23,aerials,312,1048576,11172208.3312,251.8791,293.2465,1
2.2.24,aerials,312,1048576,2781243.8275,238.0983,293.2465,1
wash-ir,aerials,312,5062500,5355559.2556,250.8955,293.2465,1
4.1.01,misc,336,65536,161648.1927,245.4297,293.2465,1
4.1.02,misc,336,65536,279285.9792,277.6953,293.2465,1
4.1.03,misc,336,65536,757390.6979,281.0990,293.2465,1
4.1.04,misc,336,65536,81482.5964,271.0625,293.2465,1
4.1.05,misc,336,65536,317258.1536,244.6562,293.2465,1
4.1.06,misc,336,65536,89401.5182,259.7760,293.2465,1
4.1.07,misc,336,65536,486579.0911,259.8151,293.2465,1
4.1.08,misc,336,65536,338837.9115,266.1432,293.2465,1
4.2.01,misc,336,262144,951959.3021,228.3496,293.2465,1
4.2.03,misc,336,262144,101863.4616,241.2897,293.2465,1
4.2.05,misc,336,262144,822925.9603,285.2103,293.2465,1
4.2.06,misc,336,262144,223807.8535,250.9557,293.2465,1
4.2.07,misc,336,262144,340999.4414,237.5833,293.2465,1
house,misc,336,262144,257525.5384,257.1016,293.2465,1
2.1.01,aerials,336,262144,305263.2174,241.1419,293.2465,1
2.1.02,aerials,336,262144,285237.8646,243.7031,293.2465,1
2.1.03,aerials,336,262144,2147568.3815,247.6979,293.2465,1
2.1.04,aerials,336,262144,878469.8587,248.8783,293.2465,1
2.1.05,aerials,336,262144,265542.1608,250.4603,293.2465,1
2.1.06,aerials,336,262144,181814.6641,268.9030,293.2465,1
2.1.07,aerials,336,262144,1506062.4518,248.8730,293.2465,1
2.1.08,aerials,336,262144,1304657.1211,260.9102,293.2465,1
2.1.09,aerials,336,262144,1534474.9251,251.6719,293.2465,1
2.1.10,aerials,336,262144,842741.8743,238.2865,293.2465,1
2.1.11,aerials,336,262144,382965.7695,250.4277,293.2465,1
2.1.12,aerials,336,262144,1041168.6172,259.9805,293.2465,1
2.2.01,aerials,336,1048576,1606924.9424,262.0355,293.2465,1
2.2.02,aerials,336,1048576,7994223.7020,258.8703,293.2465,1
2.2.03,aerials,336,1048576,6187844.7371,272.6908,293.2465,1
2.2.04,aerials,336,1048576,3690644.5820,274.1541,293.2465,1
2.2.05,aerials,336,1048576,1298775.5493,241.9469,293.2465,1
2.2.06,aerials,336,1048576,7396619.0374,252.0047,293.2465,1
2.2.07,aerials,336,1048576,4860051.3880,262.3372,293.2465,1
2.2.08,aerials,336,1048576,1082751.9800,253.7038,293.2465,1
2.2.09,aerials,336,1048576,6732990.8791,249.3464,293.2465,1
2.2.10,aerials,336,1048576,7587851.9578,251.7088,293.2465,1
2.2.11,aerials,336,1048576,4219744.8717,264.7030,293.2465,1
2.2.12,aerials,336,1048576,4033947.6772,265.1561,293.2465,1
2.2.13,aerials,336,1048576,2556570.1512,265.1025,293.2465,1
2.2.14,aerials,336,1048576,2863126.6483,255.8366,293.2465,1
2.2.15,aerials,336,1048576,5841825.9139,242.3499,293.2465,1
2.2.16,aerials,336,1048576,3088125.5768,256.2262,293.2465,1
2.2.17,aerials,336,1048576,2111634.7624,250.2254,293.2465,1
2.2.18,aerials,336,1048576,3315796.2762,259.2070,293.2465,1
2.2.19,aerials,336,1048576,4653792.5623,270.3590,293.2465,1
2.2.20,aerials,336,1048576,3223388.8162,260.8714,293.2465,1
2.2.21,aerials,336,1048576,3338600.8636,245.9495,293.2465,1
2.2.22,aerials,336,1048576,6022088.4924,238.6689,293.2465,1
2.2.23,aerials,336,1048576,11172208.3312,245.8319,293.2465,1
2.2.24,aerials,336,1048576,2781243.8275,246.3216,293.2465,1
wash-ir,aerials,336,5062500,5355559.2556,252.2985,293.2465,1
4.1.01,misc,360,65536,161648.1927,249.3828,293.2465,1
4.1.02,misc,360,65536,279285.9792,239.6901,293.2465,1
4.1.03,misc,360,65536,757390.6979,264.0677,293.2465,1
4.1.04,misc,360,65536,81482.5964,263.3594,293.2465,1
4.1.05,misc,360,65536,317258.1536,251.9974,293.2465,1
4.1.06,misc,360,65536,89401.5182,271.0339,293.2465,1
4.1.07,misc,360,65536,486579.0911,254.8724,293.2465,1
4.1.08,misc,360,65536,338837.9115,264.1042,293.2465,1
4.2.01,misc,360,262144,951959.3021,274.5775,293.2465,1
4.2.03,misc,360,262144,101863.4616,245.5156,293.2465,1
4.2.05,misc,360,262144,822925.9603,247.1549,293.2465,1
4.2.06,misc,360,262144,223807.8535,247.0664,293.2465,1
4.2.07,misc,360,262144,340999.4414,258.2363,293.2465,1
house,misc,360,262144,257525.5384,225.8385,293.2465,1
2.1.01,aerials,360,262144,305263.2174,288.2181,293.2465,1
2.1.02,aerials,360,262144,285237.8646,235.7188,293.2465,1
2.1.03,aerials,360,262144,2147568.3815,280.7331,293.2465,1
2.1.04,aerials,360,262144,878469.8587,255.0059,293.2465,1
2.1.05,aerials,360,262144,265542.1608,254.0065,293.2465,1
2.1.06,aerials,360,262144,181814.6641,257.7402,293.2465,1
2.1.07,aerials,360,262144,1506062.4518,286.7344,293.2465,1
2.1.08,aerials,360,262144,1304657.1211,244.1771,293.2465,1
2.1.09,aerials,360,262144,1534474.9251,246.1432,293.2465,1
2.1.10,aerials,360,262144,842741.8743,264.2884,293.2465,1
2.1.11,aerials,360,262144,382965.7695,260.0443,293.2465,1
2.1.12,aerials,360,262144,1041168.6172,251.1803,293.2465,1
2.2.01,aerials,360,1048576,1606924.9424,250.9880,293.2465,1
2.2.02,aerials,360,1048576,7994223.7020,244.0641,293.2465,1
2.2.03,aerials,360,1048576,6187844.7371,243.7072,293.2465,1
2.2.04,aerials,360,1048576,3690644.5820,260.1240,293.2465,1
2.2.05,aerials,360,1048576,1298775.5493,255.6976,293.2465,1
2.2.06,aerials,360,1048576,7396619.0374,284.3499,293.2465,1
2.2.07,aerials,360,1048576,4860051.3880,262.0347,293.2465,1
2.2.08,aerials,360,1048576,1082751.9800,267.3060,293.2465,1
2.2.09,aerials,360,1048576,6732990.8791,242.3171,293.2465,1
2.2.10,aerials,360,1048576,7587851.9578,254.2368,293.2465,1
2.2.11,aerials,360,1048576,4219744.8717,251.1051,293.2465,1
2.2.12,aerials,360,1048576,4033947.6772,253.6549,293.2465,1
2.2.13,aerials,360,1048576,2556570.1512,280.6413,293.2465,1
2.2.14,aerials,360,1048576,2863126.6483,262.2686,293.2465,1
2.2.15,aerials,360,1048576,5841825.9139,284.1968,293.2465,1
2.2.16,aerials,360,1048576,3088125.5768,241.1681,293.2465,1
2.2.17,aerials,360,1048576,2111634.7624,252.9043,293.2465,1
2.2.18,aerials,360,1048576,3315796.2762,250.0363,293.2465,1
2.2.19,aerials,360,1048576,4653792.5623,244.1935,293.2465,1
2.2.20,aerials,360,1048576,3223388.8162,243.8936,293.2465,1
2.2.21,aerials,360,1048576,3338600.8636,241.8625,293.2465,1
2.2.22,aerials,360,1048576,6022088.4924,290.3483,293.2465,1
2.2.23,aerials,360,1048576,11172208.3312,259.6393,293.2465,1
2.2.24,aerials,360,1048576,2781243.8275,242.3219,293.2465,1
wash-ir,aerials,360,5062500,5355559.2556,261.2492,293.2465,1
4.1.01,misc,384,65536,161648.1927,241.1979,293.2465,1
4.1.02,misc,384,65536,279285.9792,250.1510,293.2465,1
4.1.03,misc,384,65536,757390.6979,259.4245,293.2465,1
4.1.04,misc,384,65536,81482.5964,283.1146,293.2465,1
4.1.05,misc,384,65536,317258.1536,288.0078,293.2465,1
4.1.06,misc,384,65536,89401.5182,241.7604,293.2465,1
4.1.07,misc,384,65536,486579.0911,265.2708,293.2465,1
4.1.08,misc,384,65536,338837.9115,256.6771,293.2465,1
4.2.01,misc,384,262144,951959.3021,236.8906,293.2465,1
4.2.03,misc,384,262144,101863.4616,245.4557,293.2465,1
4.2.05,misc,384,262144,822925.9603,240.5495,293.2465,1
4.2.06,misc,384,262144,223807.8535,266.6165,293.2465,1
4.2.07,misc,384,262144,340999.4414,247.2871,293.2465,1
house,misc,384,262144,257525.5384,265.4427,293.2465,1
2.1.01,aerials,384,262144,305263.2174,278.4792,293.2465,1
2.1.02,aerials,384,262144,285237.8646,273.4850,293.2465,1
2.1.03,aerials,384,262144,2147568.3815,283.1595,293.2465,1
2.1.04,aerials,384,262144,878469.8587,272.7969,293.2465,1
2.1.05,aerials,384,262144,265542.1608,280.0846,293.2465,1
2.1.06,aerials,384,262144,181814.6641,255.3672,293.2465,1
2.1.07,aerials,384,262144,1506062.4518,240.7806,293.2465,1
2.1.08,aerials,384,262144,1304657.1211,260.7826,293.2465,1
2.1.09,aerials,384,262144,1534474.9251,253.1139,293.2465,1
2.1.10,aerials,384,262144,842741.8743,238.6165,293.2465,1
2.1.11,aerials,384,262144,382965.7695,287.1673,293.2465,1
2.1.12,aerials,384,262144,1041168.6172,248.4909,293.2465,1
2.2.01,aerials,384,1048576,1606924.9424,261.4305,293.2465,1
2.2.02,aerials,384,1048576,7994223.7020,237.6540,293.2465,1
2.2.03,aerials,384,1048576,6187844.7371,264.4611,293.2465,1
2.2.04,aerials,384,1048576,3690644.5820,248.1685,293.2465,1
2.2.05,aerials,384,1048576,1298775.5493,260.6227,293.2465,1
2.2.06,aerials,384,1048576,7396619.0374,253.4512,293.2465,1
2.2.07,aerials,384,1048576,4860051.3880,255.7290,293.2465,1
2.2.08,aerials,384,1048576,1082751.9800,240.8945,293.2465,1
2.2.09,aerials,384,1048576,6732990.8791,245.1646,293.2465,1
2.2.10,aerials,384,1048576,7587851.9578,270.6624,293.2465,1
2.2.11,aerials,384,1048576,4219744.8717,240.8812,293.2465,1
2.2.12,aerials,384,1048576,4033947.6772,262.9609,293.2465,1
2.2.13,aerials,384,1048576,2556570.1512,254.2135,293.2465,1
2.2.14,aerials,384,1048576,2863126.6483,263.9705,293.2465,1
2.2.15,aerials,384,1048576,5841825.9139,239.2998,293.2465,1
2.2.16,aerials,384,1048576,3088125.5768,257.6121,293.2465,1
2.2.17,aerials,384,1048576,2111634.7624,252.0827,293.2465,1
2.2.18,aerials,384,1048576,3315796.2762,275.4627,293.2465,1
2.2.19,aerials,384,1048576,4653792.5623,249.0150,293.2465,1
2.2.20,aerials,384,1048576,3223388.8162,282.9920,293.2465,1
2.2.21,aerials,384,1048576,3338600.8636,238.5666,293.2465,1
2.2.22,aerials,384,1048576,6022088.4924,264.4995,293.2465,1
2.2.23,aerials,384,1048576,11172208.3312,252.6413,293.2465,1
2.2.24,aerials,384,1048576,2781243.8275,248.5127,293.2465,1
wash-ir,aerials,384,5062500,5355559.2556,260.6608,293.2465,1
