image,volume,K,num_pixels,flipped_key_bit,npcr_key_packed,uaci_key_packed,psnr_cipher_pair_db,psnr_plain_wrongkey_db,first_differing_word,key_diff_checksum
4.1.01,misc,24,65536,1,100.000000,33.203141,7.8093,7.3719,1,9858619
4.1.02,misc,24,65536,1,100.000000,33.215743,7.8434,6.3466,1,9858619
4.1.03,misc,24,65536,1,100.000000,32.856403,7.8475,9.8931,1,9858619
4.1.04,misc,24,65536,1,100.000000,33.158990,7.8065,8.8538,1,9858619
4.1.05,misc,24,65536,1,100.000000,33.741632,7.7559,8.9437,1,9858619
4.1.06,misc,24,65536,1,100.000000,33.053353,7.8263,8.2248,1,9858619
4.1.07,misc,24,65536,1,100.000000,33.267487,7.8192,8.6305,1,9858619
4.1.08,misc,24,65536,1,100.000000,33.069898,7.8591,8.7057,1,9858619
4.2.01,misc,24,262144,1,100.000000,33.315813,7.7864,7.7099,1,9858619
4.2.03,misc,24,262144,1,100.000000,33.272093,7.8036,8.8153,1,9858619
4.2.05,misc,24,262144,1,100.000000,33.150105,7.8044,8.0609,1,9858619
4.2.06,misc,24,262144,1,100.000000,33.188112,7.8320,8.1638,1,9858619
4.2.07,misc,24,262144,1,100.000000,32.923038,7.8467,8.1425,1,9858619
house,misc,24,262144,1,100.000000,33.316646,7.8074,8.5326,1,9858619
2.1.01,aerials,24,262144,1,100.000000,33.083179,7.8382,9.4333,1,9858619
2.1.02,aerials,24,262144,1,100.000000,33.287925,7.7736,8.8792,1,9858619
2.1.03,aerials,24,262144,1,100.000000,33.606721,7.7059,8.3153,1,9858619
2.1.04,aerials,24,262144,1,100.000000,33.706870,7.7967,9.3242,1,9858619
2.1.05,aerials,24,262144,1,100.000000,33.398455,7.7588,9.0027,1,9858619
2.1.06,aerials,24,262144,1,100.000000,32.834866,7.8419,9.2509,1,9858619
2.1.07,aerials,24,262144,1,100.000000,32.839666,7.8171,8.8815,1,9858619
2.1.08,aerials,24,262144,1,100.000000,32.881756,7.8597,8.5271,1,9858619
2.1.09,aerials,24,262144,1,100.000000,33.238862,7.8939,8.7955,1,9858619
2.1.10,aerials,24,262144,1,100.000000,32.929925,7.8239,8.7230,1,9858619
2.1.11,aerials,24,262144,1,100.000000,33.311029,7.7573,9.3715,1,9858619
2.1.12,aerials,24,262144,1,100.000000,32.948063,7.8905,8.5500,1,9858619
2.2.01,aerials,24,1048576,1,100.000000,33.193634,7.8116,8.5230,1,9858619
2.2.02,aerials,24,1048576,1,100.000000,33.608515,7.7629,8.8163,1,9858619
2.2.03,aerials,24,1048576,1,100.000000,33.053406,7.8115,8.4849,1,9858619
2.2.04,aerials,24,1048576,1,100.000000,33.349101,7.8256,8.6667,1,9858619
2.2.05,aerials,24,1048576,1,100.000000,33.024227,7.8622,9.4296,1,9858619
2.2.06,aerials,24,1048576,1,100.000000,32.916091,7.8529,8.9087,1,9858619
2.2.07,aerials,24,1048576,1,100.000000,33.186220,7.8084,8.5997,1,9858619
2.2.08,aerials,24,1048576,1,100.000000,33.169236,7.8163,8.5899,1,9858619
2.2.09,aerials,24,1048576,1,100.000000,33.045499,7.7939,8.8165,1,9858619
2.2.10,aerials,24,1048576,1,100.000000,33.483047,7.8139,8.8169,1,9858619
2.2.11,aerials,24,1048576,1,100.000000,33.589693,7.8462,9.2103,1,9858619
2.2.12,aerials,24,1048576,1,100.000000,33.403192,7.8207,9.4427,1,9858619
2.2.13,aerials,24,1048576,1,100.000000,33.301504,7.8610,9.2083,1,9858619
2.2.14,aerials,24,1048576,1,100.000000,33.594202,7.7387,9.5075,1,9858619
2.2.15,aerials,24,1048576,1,100.000000,33.616924,7.8220,9.3081,1,9858619
2.2.16,aerials,24,1048576,1,100.000000,33.159320,7.8207,9.5513,1,9858619
2.2.17,aerials,24,1048576,1,100.000000,33.332072,7.8131,9.3542,1,9858619
2.2.18,aerials,24,1048576,1,100.000000,32.667682,7.8512,9.2153,1,9858619
2.2.19,aerials,24,1048576,1,100.000000,32.980800,7.8587,9.0955,1,9858619
2.2.20,aerials,24,1048576,1,100.000000,33.223788,7.7778,9.3413,1,9858619
2.2.21,aerials,24,1048576,1,100.000000,33.364911,7.8305,8.6824,1,9858619
2.2.22,aerials,24,1048576,1,100.000000,33.023399,7.8438,8.7567,1,9858619
2.2.23,aerials,24,1048576,1,100.000000,34.209289,7.7104,8.8626,1,9858619
2.2.24,aerials,24,1048576,1,100.000000,33.351948,7.8209,9.2628,1,9858619
wash-ir,aerials,24,5062500,1,100.000000,33.213416,7.8354,8.5656,1,9858619
4.1.01,misc,48,65536,1,99.998474,33.270310,7.7432,7.2743,2,263769722
4.1.02,misc,48,65536,1,99.998474,33.284713,7.7441,6.2373,2,263769722
4.1.03,misc,48,65536,1,99.998474,33.313294,7.7418,9.9415,2,263769722
4.1.04,misc,48,65536,1,99.998474,33.366356,7.7378,8.8181,2,263769722
4.1.05,misc,48,65536,1,99.998474,33.367640,7.7353,8.9135,2,263769722
4.1.06,misc,48,65536,1,99.998474,33.286507,7.7469,8.1399,2,263769722
4.1.07,misc,48,65536,1,99.998474,33.218424,7.7414,8.5871,2,263769722
4.1.08,misc,48,65536,1,99.998474,33.305466,7.7360,8.6416,2,263769722
4.2.01,misc,48,262144,1,99.999237,33.283902,7.7544,7.6277,2,263769722
4.2.03,misc,48,262144,1,99.999237,33.328293,7.7431,8.7761,2,263769722
4.2.05,misc,48,262144,1,99.999237,33.276884,7.7511,7.9761,2,263769722
4.2.06,misc,48,262144,1,99.999237,33.323482,7.7452,8.0810,2,263769722
4.2.07,misc,48,262144,1,99.999237,33.325521,7.7483,8.0676,2,263769722
house,misc,48,262144,1,99.999237,33.337921,7.7351,8.4596,2,263769722
2.1.01,aerials,48,262144,1,99.999237,33.369239,7.7418,9.4146,2,263769722
2.1.02,aerials,48,262144,1,99.999237,33.300672,7.7410,8.8421,2,263769722
2.1.03,aerials,48,262144,1,99.999237,33.351979,7.7452,8.3524,2,263769722
2.1.04,aerials,48,262144,1,99.999237,33.343076,7.7455,9.3733,2,263769722
2.1.05,aerials,48,262144,1,99.999237,33.320457,7.7386,8.9821,2,263769722
2.1.06,aerials,48,262144,1,99.999237,33.334668,7.7492,9.2244,2,263769722
2.1.07,aerials,48,262144,1,99.999237,33.356163,7.7325,8.7796,2,263769722
2.1.08,aerials,48,262144,1,99.999237,33.301084,7.7444,8.4222,2,263769722
2.1.09,aerials,48,262144,1,99.999237,33.257165,7.7545,8.6876,2,263769722
2.1.10,aerials,48,262144,1,99.999237,33.328318,7.7434,8.6451,2,263769722
2.1.11,aerials,48,262144,1,99.999237,33.377573,7.7377,9.3557,2,263769722
2.1.12,aerials,48,262144,1,99.999237,33.323464,7.7478,8.4461,2,263769722
2.2.01,aerials,48,1048576,1,99.999809,33.331050,7.7494,8.4901,2,263769722
2.2.02,aerials,48,1048576,1,99.999809,33.322056,7.7519,8.7126,2,263769722
2.2.03,aerials,48,1048576,1,99.999809,33.308718,7.7535,8.3767,2,263769722
2.2.04,aerials,48,1048576,1,99.999809,33.329802,7.7485,8.5862,2,263769722
2.2.05,aerials,48,1048576,1,99.999809,33.304563,7.7521,9.4146,2,263769722
2.2.06,aerials,48,1048576,1,99.999809,33.323906,7.7525,8.7899,2,263769722
2.2.07,aerials,48,1048576,1,99.999809,33.316811,7.7506,8.4942,2,263769722
2.2.08,aerials,48,1048576,1,99.999809,33.354101,7.7498,8.5465,2,263769722
2.2.09,aerials,48,1048576,1,99.999809,33.324194,7.7502,8.7076,2,263769722
2.2.10,aerials,48,1048576,1,99.999809,33.314149,7.7519,8.7107,2,263769722
2.2.11,aerials,48,1048576,1,99.999809,33.327773,7.7493,9.1595,2,263769722
2.2.12,aerials,48,1048576,1,99.999809,33.338375,7.7504,9.4415,2,263769722
2.2.13,aerials,48,1048576,1,99.999809,33.309747,7.7502,9.2143,2,263769722
2.2.14,aerials,48,1048576,1,99.999809,33.362057,7.7446,9.5504,2,263769722
2.2.15,aerials,48,1048576,1,99.999809,33.379849,7.7423,9.2702,2,263769722
2.2.16,aerials,48,1048576,1,99.999809,33.320702,7.7524,9.6073,2,263769722
2.2.17,aerials,48,1048576,1,99.999809,33.326175,7.7486,9.3536,2,263769722
2.2.18,aerials,48,1048576,1,99.999809,33.325298,7.7508,9.1843,2,263769722
2.2.19,aerials,48,1048576,1,99.999809,33.330917,7.7491,9.0193,2,263769722
2.2.20,aerials,48,1048576,1,99.999809,33.336292,7.7486,9.3512,2,263769722
2.2.21,aerials,48,1048576,1,99.999809,33.332910,7.7499,8.6014,2,263769722
2.2.22,aerials,48,1048576,1,99.999809,33.301767,7.7493,8.6554,2,263769722
2.2.23,aerials,48,1048576,1,99.999809,33.327717,7.7506,8.7490,2,263769722
2.2.24,aerials,48,1048576,1,99.999809,33.335980,7.7473,9.2771,2,263769722
wash-ir,aerials,48,5062500,1,99.999960,33.327423,7.7493,8.5178,2,263769722
4.1.01,misc,72,65536,1,99.998474,33.294858,7.7455,7.2853,2,783781310
4.1.02,misc,72,65536,1,99.998474,33.436269,7.7375,6.2474,2,783781310
4.1.03,misc,72,65536,1,99.998474,33.219103,7.7626,9.9522,2,783781310
4.1.04,misc,72,65536,1,99.998474,33.237142,7.7629,8.8444,2,783781310
4.1.05,misc,72,65536,1,99.998474,33.210666,7.7576,8.9198,2,783781310
4.1.06,misc,72,65536,1,99.998474,33.365526,7.7467,8.1587,2,783781310
4.1.07,misc,72,65536,1,99.998474,33.293709,7.7384,8.5838,2,783781310
4.1.08,misc,72,65536,1,99.998474,33.302771,7.7448,8.6384,2,783781310
4.2.01,misc,72,262144,1,99.999619,33.384928,7.7433,7.6275,2,783781310
4.2.03,misc,72,262144,1,99.999619,33.286505,7.7472,8.7744,2,783781310
4.2.05,misc,72,262144,1,99.999619,33.344324,7.7488,7.9818,2,783781310
4.2.06,misc,72,262144,1,99.999619,33.324773,7.7428,8.0825,2,783781310
4.2.07,misc,72,262144,1,99.999619,33.289139,7.7458,8.0772,2,783781310
house,misc,72,262144,1,99.999619,33.332427,7.7542,8.4780,2,783781310
2.1.01,aerials,72,262144,1,99.999619,33.305777,7.7431,9.4214,2,783781310
2.1.02,aerials,72,262144,1,99.999619,33.345622,7.7424,8.8520,2,783781310
2.1.03,aerials,72,262144,1,99.999619,33.285784,7.7495,8.3625,2,783781310
2.1.04,aerials,72,262144,1,99.999619,33.305335,7.7531,9.3804,2,783781310
2.1.05,aerials,72,262144,1,99.999619,33.314852,7.7439,8.9768,2,783781310
2.1.06,aerials,72,262144,1,99.999619,33.297986,7.7504,9.2273,2,783781310
2.1.07,aerials,72,262144,1,99.999619,33.335834,7.7421,8.7857,2,783781310
2.1.08,aerials,72,262144,1,99.999619,33.311551,7.7475,8.4280,2,783781310
2.1.09,aerials,72,262144,1,99.999619,33.327294,7.7476,8.6902,2,783781310
2.1.10,aerials,72,262144,1,99.999619,33.304733,7.7482,8.6531,2,783781310
2.1.11,aerials,72,262144,1,99.999619,33.288551,7.7452,9.3662,2,783781310
2.1.12,aerials,72,262144,1,99.999619,33.363958,7.7490,8.4471,2,783781310
2.2.01,aerials,72,1048576,1,99.999905,33.341223,7.7444,8.4868,2,783781310
2.2.02,aerials,72,1048576,1,99.999905,33.341065,7.7485,8.7098,2,783781310
2.2.03,aerials,72,1048576,1,99.999905,33.346393,7.7437,8.3755,2,783781310
2.2.04,aerials,72,1048576,1,99.999905,33.338757,7.7473,8.5823,2,783781310
2.2.05,aerials,72,1048576,1,99.999905,33.351789,7.7453,9.4153,2,783781310
2.2.06,aerials,72,1048576,1,99.999905,33.340975,7.7476,8.7860,2,783781310
2.2.07,aerials,72,1048576,1,99.999905,33.361639,7.7458,8.4933,2,783781310
2.2.08,aerials,72,1048576,1,99.999905,33.339966,7.7466,8.5496,2,783781310
2.2.09,aerials,72,1048576,1,99.999905,33.339015,7.7497,8.7089,2,783781310
2.2.10,aerials,72,1048576,1,99.999905,33.341834,7.7478,8.7070,2,783781310
2.2.11,aerials,72,1048576,1,99.999905,33.328582,7.7486,9.1597,2,783781310
2.2.12,aerials,72,1048576,1,99.999905,33.355082,7.7485,9.4392,2,783781310
2.2.13,aerials,72,1048576,1,99.999905,33.345924,7.7451,9.2155,2,783781310
2.2.14,aerials,72,1048576,1,99.999905,33.333895,7.7436,9.5492,2,783781310
2.2.15,aerials,72,1048576,1,99.999905,33.364363,7.7444,9.2694,2,783781310
2.2.16,aerials,72,1048576,1,99.999905,33.341503,7.7455,9.6082,2,783781310
2.2.17,aerials,72,1048576,1,99.999905,33.333917,7.7437,9.3529,2,783781310
2.2.18,aerials,72,1048576,1,99.999905,33.318319,7.7491,9.1843,2,783781310
2.2.19,aerials,72,1048576,1,99.999905,33.348891,7.7448,9.0174,2,783781310
2.2.20,aerials,72,1048576,1,99.999905,33.335297,7.7459,9.3535,2,783781310
2.2.21,aerials,72,1048576,1,99.999905,33.359175,7.7465,8.6030,2,783781310
2.2.22,aerials,72,1048576,1,99.999905,33.346215,7.7458,8.6546,2,783781310
2.2.23,aerials,72,1048576,1,99.999905,33.343817,7.7447,8.7465,2,783781310
2.2.24,aerials,72,1048576,1,99.999905,33.333057,7.7501,9.2779,2,783781310
wash-ir,aerials,72,5062500,1,99.999980,33.339538,7.7480,8.5182,2,783781310
4.1.01,misc,96,65536,1,99.996948,33.316989,7.7651,7.2877,3,1764941534
4.1.02,misc,96,65536,1,99.996948,33.352301,7.7493,6.2498,3,1764941534
4.1.03,misc,96,65536,1,99.996948,33.451981,7.7524,9.9404,3,1764941534
4.1.04,misc,96,65536,1,99.996948,33.372965,7.7542,8.8435,3,1764941534
4.1.05,misc,96,65536,1,99.996948,33.336327,7.7388,8.9118,3,1764941534
4.1.06,misc,96,65536,1,99.996948,33.354610,7.7470,8.1669,3,1764941534
4.1.07,misc,96,65536,1,99.996948,33.317636,7.7477,8.5932,3,1764941534
4.1.08,misc,96,65536,1,99.996948,33.419078,7.7387,8.6380,3,1764941534
4.2.01,misc,96,262144,1,99.999237,33.323426,7.7498,7.6262,3,1764941534
4.2.03,misc,96,262144,1,99.999237,33.299595,7.7589,8.7767,3,1764941534
4.2.05,misc,96,262144,1,99.999237,33.371468,7.7440,7.9840,3,1764941534
4.2.06,misc,96,262144,1,99.999237,33.317889,7.7543,8.0869,3,1764941534
4.2.07,misc,96,262144,1,99.999237,33.368426,7.7476,8.0786,3,1764941534
house,misc,96,262144,1,99.999237,33.354784,7.7509,8.4740,3,1764941534
2.1.01,aerials,96,262144,1,99.999237,33.375466,7.7450,9.4181,3,1764941534
2.1.02,aerials,96,262144,1,99.999237,33.336313,7.7473,8.8520,3,1764941534
2.1.03,aerials,96,262144,1,99.999237,33.397050,7.7483,8.3593,3,1764941534
2.1.04,aerials,96,262144,1,99.999237,33.297660,7.7510,9.3784,3,1764941534
2.1.05,aerials,96,262144,1,99.999237,33.371472,7.7482,8.9787,3,1764941534
2.1.06,aerials,96,262144,1,99.999237,33.305263,7.7514,9.2279,3,1764941534
2.1.07,aerials,96,262144,1,99.999237,33.325282,7.7492,8.7746,3,1764941534
2.1.08,aerials,96,262144,1,99.999237,33.267699,7.7528,8.4236,3,1764941534
2.1.09,aerials,96,262144,1,99.999237,33.368579,7.7476,8.6907,3,1764941534
2.1.10,aerials,96,262144,1,99.999237,33.304190,7.7513,8.6455,3,1764941534
2.1.11,aerials,96,262144,1,99.999237,33.278732,7.7559,9.3641,3,1764941534
2.1.12,aerials,96,262144,1,99.999237,33.322752,7.7483,8.4451,3,1764941534
2.2.01,aerials,96,1048576,1,99.999714,33.335477,7.7495,8.4887,3,1764941534
2.2.02,aerials,96,1048576,1,99.999714,33.356308,7.7486,8.7172,3,1764941534
2.2.03,aerials,96,1048576,1,99.999714,33.337077,7.7488,8.3798,3,1764941534
2.2.04,aerials,96,1048576,1,99.999714,33.369792,7.7484,8.5855,3,1764941534
2.2.05,aerials,96,1048576,1,99.999714,33.341697,7.7484,9.4173,3,1764941534
2.2.06,aerials,96,1048576,1,99.999714,33.338257,7.7500,8.7912,3,1764941534
2.2.07,aerials,96,1048576,1,99.999714,33.337221,7.7470,8.4957,3,1764941534
2.2.08,aerials,96,1048576,1,99.999714,33.339660,7.7483,8.5499,3,1764941534
2.2.09,aerials,96,1048576,1,99.999714,33.369700,7.7463,8.7125,3,1764941534
2.2.10,aerials,96,1048576,1,99.999714,33.350066,7.7471,8.7118,3,1764941534
2.2.11,aerials,96,1048576,1,99.999714,33.315424,7.7531,9.1607,3,1764941534
2.2.12,aerials,96,1048576,1,99.999714,33.353734,7.7503,9.4439,3,1764941534
2.2.13,aerials,96,1048576,1,99.999714,33.357875,7.7467,9.2091,3,1764941534
2.2.14,aerials,96,1048576,1,99.999714,33.346243,7.7474,9.5497,3,1764941534
2.2.15,aerials,96,1048576,1,99.999714,33.343465,7.7490,9.2746,3,1764941534
2.2.16,aerials,96,1048576,1,99.999714,33.326970,7.7497,9.6095,3,1764941534
2.2.17,aerials,96,1048576,1,99.999714,33.349182,7.7481,9.3552,3,1764941534
2.2.18,aerials,96,1048576,1,99.999714,33.346377,7.7467,9.1879,3,1764941534
2.2.19,aerials,96,1048576,1,99.999714,33.356591,7.7486,9.0237,3,1764941534
2.2.20,aerials,96,1048576,1,99.999714,33.357497,7.7463,9.3539,3,1764941534
2.2.21,aerials,96,1048576,1,99.999714,33.360094,7.7483,8.6077,3,1764941534
2.2.22,aerials,96,1048576,1,99.999714,33.347486,7.7488,8.6605,3,1764941534
2.2.23,aerials,96,1048576,1,99.999714,33.335028,7.7477,8.7527,3,1764941534
2.2.24,aerials,96,1048576,1,99.999714,33.334881,7.7536,9.2773,3,1764941534
wash-ir,aerials,96,5062500,1,99.999901,33.321620,7.7490,8.5171,3,1764941534
4.1.01,misc,120,65536,1,99.996948,33.290477,7.7375,7.2878,3,1167406108
4.1.02,misc,120,65536,1,99.996948,33.254738,7.7485,6.2448,3,1167406108
4.1.03,misc,120,65536,1,99.996948,33.424729,7.7354,9.9483,3,1167406108
4.1.04,misc,120,65536,1,99.996948,33.293699,7.7451,8.8318,3,1167406108
4.1.05,misc,120,65536,1,99.996948,33.343943,7.7440,8.9101,3,1167406108
4.1.06,misc,120,65536,1,99.996948,33.437836,7.7330,8.1586,3,1167406108
4.1.07,misc,120,65536,1,99.996948,33.416951,7.7425,8.5804,3,1167406108
4.1.08,misc,120,65536,1,99.996948,33.348907,7.7384,8.6402,3,1167406108
4.2.01,misc,120,262144,1,99.999237,33.299695,7.7519,7.6299,3,1167406108
4.2.03,misc,120,262144,1,99.999237,33.248992,7.7583,8.7760,3,1167406108
4.2.05,misc,120,262144,1,99.999237,33.307374,7.7458,7.9770,3,1167406108
4.2.06,misc,120,262144,1,99.999237,33.319150,7.7489,8.0841,3,1167406108
4.2.07,misc,120,262144,1,99.999237,33.264139,7.7539,8.0734,3,1167406108
house,misc,120,262144,1,99.999237,33.311119,7.7470,8.4742,3,1167406108
2.1.01,aerials,120,262144,1,99.999237,33.333657,7.7482,9.4170,3,1167406108
2.1.02,aerials,120,262144,1,99.999237,33.306661,7.7484,8.8485,3,1167406108
2.1.03,aerials,120,262144,1,99.999237,33.344528,7.7398,8.3632,3,1167406108
2.1.04,aerials,120,262144,1,99.999237,33.305437,7.7496,9.3849,3,1167406108
2.1.05,aerials,120,262144,1,99.999237,33.348766,7.7453,8.9737,3,1167406108
2.1.06,aerials,120,262144,1,99.999237,33.294245,7.7474,9.2235,3,1167406108
2.1.07,aerials,120,262144,1,99.999237,33.321353,7.7423,8.7760,3,1167406108
2.1.08,aerials,120,262144,1,99.999237,33.319010,7.7451,8.4076,3,1167406108
2.1.09,aerials,120,262144,1,99.999237,33.257423,7.7477,8.6835,3,1167406108
2.1.10,aerials,120,262144,1,99.999237,33.306726,7.7522,8.6457,3,1167406108
2.1.11,aerials,120,262144,1,99.999237,33.318712,7.7477,9.3607,3,1167406108
2.1.12,aerials,120,262144,1,99.999237,33.320771,7.7453,8.4407,3,1167406108
2.2.01,aerials,120,1048576,1,99.999809,33.304047,7.7476,8.4835,3,1167406108
2.2.02,aerials,120,1048576,1,99.999809,33.324246,7.7470,8.7066,3,1167406108
2.2.03,aerials,120,1048576,1,99.999809,33.353300,7.7429,8.3685,3,1167406108
2.2.04,aerials,120,1048576,1,99.999809,33.314202,7.7524,8.5785,3,1167406108
2.2.05,aerials,120,1048576,1,99.999809,33.324516,7.7480,9.4139,3,1167406108
2.2.06,aerials,120,1048576,1,99.999809,33.319462,7.7451,8.7837,3,1167406108
2.2.07,aerials,120,1048576,1,99.999809,33.348604,7.7442,8.4868,3,1167406108
2.2.08,aerials,120,1048576,1,99.999809,33.325167,7.7443,8.5465,3,1167406108
2.2.09,aerials,120,1048576,1,99.999809,33.305741,7.7495,8.7050,3,1167406108
2.2.10,aerials,120,1048576,1,99.999809,33.331934,7.7463,8.7051,3,1167406108
2.2.11,aerials,120,1048576,1,99.999809,33.320636,7.7438,9.1582,3,1167406108
2.2.12,aerials,120,1048576,1,99.999809,33.305970,7.7458,9.4358,3,1167406108
2.2.13,aerials,120,1048576,1,99.999809,33.321836,7.7448,9.2084,3,1167406108
2.2.14,aerials,120,1048576,1,99.999809,33.318909,7.7445,9.5411,3,1167406108
2.2.15,aerials,120,1048576,1,99.999809,33.365279,7.7413,9.2669,3,1167406108
2.2.16,aerials,120,1048576,1,99.999809,33.327441,7.7443,9.6065,3,1167406108
2.2.17,aerials,120,1048576,1,99.999809,33.313075,7.7491,9.3526,3,1167406108
2.2.18,aerials,120,1048576,1,99.999809,33.321442,7.7443,9.1822,3,1167406108
2.2.19,aerials,120,1048576,1,99.999809,33.331299,7.7466,9.0148,3,1167406108
2.2.20,aerials,120,1048576,1,99.999809,33.322472,7.7482,9.3502,3,1167406108
2.2.21,aerials,120,1048576,1,99.999809,33.349064,7.7464,8.5951,3,1167406108
2.2.22,aerials,120,1048576,1,99.999809,33.317294,7.7477,8.6526,3,1167406108
2.2.23,aerials,120,1048576,1,99.999809,33.310845,7.7452,8.7440,3,1167406108
2.2.24,aerials,120,1048576,1,99.999809,33.342748,7.7464,9.2747,3,1167406108
wash-ir,aerials,120,5062500,1,99.999941,33.336821,7.7457,8.5160,3,1167406108
4.1.01,misc,144,65536,1,99.995422,33.267837,7.7338,7.2603,4,350441984
4.1.02,misc,144,65536,1,99.995422,33.350742,7.7327,6.2426,4,350441984
4.1.03,misc,144,65536,1,99.995422,33.429255,7.7331,9.9515,4,350441984
4.1.04,misc,144,65536,1,99.995422,33.388081,7.7231,8.8260,4,350441984
4.1.05,misc,144,65536,1,99.995422,33.409627,7.7256,8.8865,4,350441984
4.1.06,misc,144,65536,1,99.995422,33.291576,7.7390,8.1464,4,350441984
4.1.07,misc,144,65536,1,99.995422,33.379006,7.7252,8.5649,4,350441984
4.1.08,misc,144,65536,1,99.995422,33.324294,7.7408,8.6244,4,350441984
4.2.01,misc,144,262144,1,99.998856,33.312045,7.7385,7.6269,4,350441984
4.2.03,misc,144,262144,1,99.998856,33.318553,7.7461,8.7650,4,350441984
4.2.05,misc,144,262144,1,99.998856,33.323950,7.7392,7.9704,4,350441984
4.2.06,misc,144,262144,1,99.998856,33.370630,7.7390,8.0701,4,350441984
4.2.07,misc,144,262144,1,99.998856,33.273885,7.7497,8.0662,4,350441984
house,misc,144,262144,1,99.998856,33.352442,7.7362,8.4663,4,350441984
2.1.01,aerials,144,262144,1,99.998856,33.390984,7.7371,9.4157,4,350441984
2.1.02,aerials,144,262144,1,99.998856,33.325250,7.7384,8.8436,4,350441984
2.1.03,aerials,144,262144,1,99.998856,33.319834,7.7414,8.3598,4,350441984
2.1.04,aerials,144,262144,1,99.998856,33.347505,7.7404,9.3678,4,350441984
2.1.05,aerials,144,262144,1,99.998856,33.316081,7.7377,8.9679,4,350441984
2.1.06,aerials,144,262144,1,99.998856,33.375169,7.7383,9.2199,4,350441984
2.1.07,aerials,144,262144,1,99.998856,33.313428,7.7473,8.7672,4,350441984
2.1.08,aerials,144,262144,1,99.998856,33.288436,7.7453,8.4110,4,350441984
2.1.09,aerials,144,262144,1,99.998856,33.374511,7.7370,8.6778,4,350441984
2.1.10,aerials,144,262144,1,99.998856,33.382969,7.7354,8.6372,4,350441984
2.1.11,aerials,144,262144,1,99.998856,33.339696,7.7377,9.3499,4,350441984
2.1.12,aerials,144,262144,1,99.998856,33.306818,7.7437,8.4356,4,350441984
2.2.01,aerials,144,1048576,1,99.999714,33.344870,7.7466,8.4853,4,350441984
2.2.02,aerials,144,1048576,1,99.999714,33.356441,7.7432,8.7068,4,350441984
2.2.03,aerials,144,1048576,1,99.999714,33.340237,7.7451,8.3717,4,350441984
2.2.04,aerials,144,1048576,1,99.999714,33.308958,7.7465,8.5801,4,350441984
2.2.05,aerials,144,1048576,1,99.999714,33.330511,7.7441,9.4119,4,350441984
2.2.06,aerials,144,1048576,1,99.999714,33.350885,7.7449,8.7874,4,350441984
2.2.07,aerials,144,1048576,1,99.999714,33.348416,7.7429,8.4904,4,350441984
2.2.08,aerials,144,1048576,1,99.999714,33.342765,7.7433,8.5453,4,350441984
2.2.09,aerials,144,1048576,1,99.999714,33.316329,7.7446,8.7072,4,350441984
2.2.10,aerials,144,1048576,1,99.999714,33.344281,7.7448,8.7072,4,350441984
2.2.11,aerials,144,1048576,1,99.999714,33.337900,7.7442,9.1584,4,350441984
2.2.12,aerials,144,1048576,1,99.999714,33.373392,7.7429,9.4357,4,350441984
2.2.13,aerials,144,1048576,1,99.999714,33.343659,7.7429,9.2023,4,350441984
2.2.14,aerials,144,1048576,1,99.999714,33.337027,7.7480,9.5452,4,350441984
2.2.15,aerials,144,1048576,1,99.999714,33.317900,7.7513,9.2692,4,350441984
2.2.16,aerials,144,1048576,1,99.999714,33.342535,7.7446,9.6033,4,350441984
2.2.17,aerials,144,1048576,1,99.999714,33.339736,7.7453,9.3493,4,350441984
2.2.18,aerials,144,1048576,1,99.999714,33.360544,7.7419,9.1799,4,350441984
2.2.19,aerials,144,1048576,1,99.999714,33.355600,7.7421,9.0169,4,350441984
2.2.20,aerials,144,1048576,1,99.999714,33.348833,7.7430,9.3507,4,350441984
2.2.21,aerials,144,1048576,1,99.999714,33.341329,7.7458,8.6011,4,350441984
2.2.22,aerials,144,1048576,1,99.999714,33.350748,7.7442,8.6549,4,350441984
2.2.23,aerials,144,1048576,1,99.999714,33.329514,7.7460,8.7469,4,350441984
2.2.24,aerials,144,1048576,1,99.999714,33.349306,7.7430,9.2750,4,350441984
wash-ir,aerials,144,5062500,1,99.999941,33.334329,7.7473,8.5181,4,350441984
4.1.01,misc,168,65536,1,99.995422,33.358026,7.7369,7.2851,4,612850060
4.1.02,misc,168,65536,1,99.995422,33.476169,7.7230,6.2452,4,612850060
4.1.03,misc,168,65536,1,99.995422,33.310699,7.7404,9.9385,4,612850060
4.1.04,misc,168,65536,1,99.995422,33.285633,7.7276,8.8231,4,612850060
4.1.05,misc,168,65536,1,99.995422,33.379067,7.7465,8.8988,4,612850060
4.1.06,misc,168,65536,1,99.995422,33.215830,7.7459,8.1527,4,612850060
4.1.07,misc,168,65536,1,99.995422,33.225417,7.7410,8.5857,4,612850060
4.1.08,misc,168,65536,1,99.995422,33.295576,7.7426,8.6347,4,612850060
4.2.01,misc,168,262144,1,99.998856,33.279135,7.7444,7.6264,4,612850060
4.2.03,misc,168,262144,1,99.998856,33.339206,7.7456,8.7709,4,612850060
4.2.05,misc,168,262144,1,99.998856,33.298438,7.7476,7.9758,4,612850060
4.2.06,misc,168,262144,1,99.998856,33.329866,7.7345,8.0815,4,612850060
4.2.07,misc,168,262144,1,99.998856,33.337895,7.7419,8.0705,4,612850060
house,misc,168,262144,1,99.998856,33.333276,7.7392,8.4692,4,612850060
2.1.01,aerials,168,262144,1,99.998856,33.334507,7.7377,9.4135,4,612850060
2.1.02,aerials,168,262144,1,99.998856,33.290710,7.7464,8.8368,4,612850060
2.1.03,aerials,168,262144,1,99.998856,33.276259,7.7418,8.3477,4,612850060
2.1.04,aerials,168,262144,1,99.998856,33.284624,7.7390,9.3685,4,612850060
2.1.05,aerials,168,262144,1,99.998856,33.328323,7.7440,8.9692,4,612850060
2.1.06,aerials,168,262144,1,99.998856,33.335980,7.7438,9.2238,4,612850060
2.1.07,aerials,168,262144,1,99.998856,33.332880,7.7439,8.7803,4,612850060
2.1.08,aerials,168,262144,1,99.998856,33.311422,7.7413,8.4201,4,612850060
2.1.09,aerials,168,262144,1,99.998856,33.281194,7.7458,8.6902,4,612850060
2.1.10,aerials,168,262144,1,99.998856,33.333820,7.7474,8.6484,4,612850060
2.1.11,aerials,168,262144,1,99.998856,33.267619,7.7536,9.3542,4,612850060
2.1.12,aerials,168,262144,1,99.998856,33.234380,7.7509,8.4499,4,612850060
2.2.01,aerials,168,1048576,1,99.999714,33.335260,7.7479,8.4842,4,612850060
2.2.02,aerials,168,1048576,1,99.999714,33.303701,7.7503,8.7132,4,612850060
2.2.03,aerials,168,1048576,1,99.999714,33.323324,7.7474,8.3778,4,612850060
2.2.04,aerials,168,1048576,1,99.999714,33.296334,7.7496,8.5863,4,612850060
2.2.05,aerials,168,1048576,1,99.999714,33.307844,7.7479,9.4133,4,612850060
2.2.06,aerials,168,1048576,1,99.999714,33.332405,7.7424,8.7892,4,612850060
2.2.07,aerials,168,1048576,1,99.999714,33.332574,7.7463,8.4953,4,612850060
2.2.08,aerials,168,1048576,1,99.999714,33.322254,7.7471,8.5424,4,612850060
2.2.09,aerials,168,1048576,1,99.999714,33.317069,7.7459,8.7090,4,612850060
2.2.10,aerials,168,1048576,1,99.999714,33.324800,7.7487,8.7115,4,612850060
2.2.11,aerials,168,1048576,1,99.999714,33.311349,7.7457,9.1616,4,612850060
2.2.12,aerials,168,1048576,1,99.999714,33.312060,7.7472,9.4369,4,612850060
2.2.13,aerials,168,1048576,1,99.999714,33.312630,7.7497,9.2040,4,612850060
2.2.14,aerials,168,1048576,1,99.999714,33.267525,7.7507,9.5485,4,612850060
2.2.15,aerials,168,1048576,1,99.999714,33.303276,7.7482,9.2709,4,612850060
2.2.16,aerials,168,1048576,1,99.999714,33.310018,7.7480,9.6053,4,612850060
2.2.17,aerials,168,1048576,1,99.999714,33.326504,7.7509,9.3518,4,612850060
2.2.18,aerials,168,1048576,1,99.999714,33.325283,7.7480,9.1860,4,612850060
2.2.19,aerials,168,1048576,1,99.999714,33.322607,7.7489,9.0198,4,612850060
2.2.20,aerials,168,1048576,1,99.999714,33.311197,7.7468,9.3513,4,612850060
2.2.21,aerials,168,1048576,1,99.999714,33.332624,7.7441,8.6022,4,612850060
2.2.22,aerials,168,1048576,1,99.999714,33.318231,7.7505,8.6566,4,612850060
2.2.23,aerials,168,1048576,1,99.999714,33.296088,7.7473,8.7469,4,612850060
2.2.24,aerials,168,1048576,1,99.999714,33.313981,7.7467,9.2730,4,612850060
wash-ir,aerials,168,5062500,1,99.999941,33.330367,7.7477,8.5162,4,612850060
4.1.01,misc,192,65536,1,99.993896,33.295235,7.7480,7.2854,5,1381566921
4.1.02,misc,192,65536,1,99.993896,33.338122,7.7336,6.2429,5,1381566921
4.1.03,misc,192,65536,1,99.993896,33.329516,7.7370,9.9547,5,1381566921
4.1.04,misc,192,65536,1,99.993896,33.304199,7.7400,8.8304,5,1381566921
4.1.05,misc,192,65536,1,99.993896,33.209044,7.7485,8.9108,5,1381566921
4.1.06,misc,192,65536,1,99.993896,33.258057,7.7487,8.1647,5,1381566921
4.1.07,misc,192,65536,1,99.993896,33.322037,7.7513,8.5756,5,1381566921
4.1.08,misc,192,65536,1,99.993896,33.292243,7.7514,8.6320,5,1381566921
4.2.01,misc,192,262144,1,99.998474,33.377922,7.7479,7.6281,5,1381566921
4.2.03,misc,192,262144,1,99.998474,33.417508,7.7442,8.7728,5,1381566921
4.2.05,misc,192,262144,1,99.998474,33.363227,7.7500,7.9783,5,1381566921
4.2.06,misc,192,262144,1,99.998474,33.408499,7.7369,8.0809,5,1381566921
4.2.07,misc,192,262144,1,99.998474,33.400497,7.7449,8.0783,5,1381566921
house,misc,192,262144,1,99.998474,33.427394,7.7435,8.4749,5,1381566921
2.1.01,aerials,192,262144,1,99.998474,33.337574,7.7471,9.4169,5,1381566921
2.1.02,aerials,192,262144,1,99.998474,33.375206,7.7445,8.8359,5,1381566921
2.1.03,aerials,192,262144,1,99.998474,33.354204,7.7451,8.3506,5,1381566921
2.1.04,aerials,192,262144,1,99.998474,33.367474,7.7448,9.3748,5,1381566921
2.1.05,aerials,192,262144,1,99.998474,33.397233,7.7350,8.9747,5,1381566921
2.1.06,aerials,192,262144,1,99.998474,33.334497,7.7420,9.2280,5,1381566921
2.1.07,aerials,192,262144,1,99.998474,33.317771,7.7486,8.7787,5,1381566921
2.1.08,aerials,192,262144,1,99.998474,33.309397,7.7446,8.4232,5,1381566921
2.1.09,aerials,192,262144,1,99.998474,33.330480,7.7493,8.6806,5,1381566921
2.1.10,aerials,192,262144,1,99.998474,33.353338,7.7428,8.6464,5,1381566921
2.1.11,aerials,192,262144,1,99.998474,33.389460,7.7416,9.3566,5,1381566921
2.1.12,aerials,192,262144,1,99.998474,33.389987,7.7403,8.4499,5,1381566921
2.2.01,aerials,192,1048576,1,99.999619,33.300989,7.7521,8.4872,5,1381566921
2.2.02,aerials,192,1048576,1,99.999619,33.316869,7.7492,8.7136,5,1381566921
2.2.03,aerials,192,1048576,1,99.999619,33.324301,7.7481,8.3747,5,1381566921
2.2.04,aerials,192,1048576,1,99.999619,33.337508,7.7475,8.5860,5,1381566921
2.2.05,aerials,192,1048576,1,99.999619,33.334306,7.7433,9.4158,5,1381566921
2.2.06,aerials,192,1048576,1,99.999619,33.320039,7.7490,8.7899,5,1381566921
2.2.07,aerials,192,1048576,1,99.999619,33.348765,7.7480,8.4958,5,1381566921
2.2.08,aerials,192,1048576,1,99.999619,33.336327,7.7466,8.5482,5,1381566921
2.2.09,aerials,192,1048576,1,99.999619,33.329127,7.7495,8.7080,5,1381566921
2.2.10,aerials,192,1048576,1,99.999619,33.313269,7.7519,8.7079,5,1381566921
2.2.11,aerials,192,1048576,1,99.999619,33.337985,7.7490,9.1608,5,1381566921
2.2.12,aerials,192,1048576,1,99.999619,33.319135,7.7469,9.4417,5,1381566921
2.2.13,aerials,192,1048576,1,99.999619,33.340960,7.7488,9.2112,5,1381566921
2.2.14,aerials,192,1048576,1,99.999619,33.330824,7.7482,9.5494,5,1381566921
2.2.15,aerials,192,1048576,1,99.999619,33.327405,7.7514,9.2724,5,1381566921
2.2.16,aerials,192,1048576,1,99.999619,33.321811,7.7520,9.6108,5,1381566921
2.2.17,aerials,192,1048576,1,99.999619,33.335287,7.7468,9.3551,5,1381566921
2.2.18,aerials,192,1048576,1,99.999619,33.347290,7.7500,9.1874,5,1381566921
2.2.19,aerials,192,1048576,1,99.999619,33.295469,7.7501,9.0218,5,1381566921
2.2.20,aerials,192,1048576,1,99.999619,33.346311,7.7478,9.3542,5,1381566921
2.2.21,aerials,192,1048576,1,99.999619,33.325611,7.7465,8.6039,5,1381566921
2.2.22,aerials,192,1048576,1,99.999619,33.330762,7.7493,8.6544,5,1381566921
2.2.23,aerials,192,1048576,1,99.999619,33.319634,7.7450,8.7480,5,1381566921
2.2.24,aerials,192,1048576,1,99.999619,33.328829,7.7479,9.2764,5,1381566921
wash-ir,aerials,192,5062500,1,99.999921,33.351420,7.7468,8.5161,5,1381566921
4.1.01,misc,216,65536,1,99.993896,33.339693,7.7466,7.2986,5,368436404
4.1.02,misc,216,65536,1,99.993896,33.389526,7.7660,6.2523,5,368436404
4.1.03,misc,216,65536,1,99.993896,33.301126,7.7454,9.9572,5,368436404
4.1.04,misc,216,65536,1,99.993896,33.187473,7.7649,8.8416,5,368436404
4.1.05,misc,216,65536,1,99.993896,33.229418,7.7595,8.9222,5,368436404
4.1.06,misc,216,65536,1,99.993896,33.360294,7.7628,8.1760,5,368436404
4.1.07,misc,216,65536,1,99.993896,33.395804,7.7549,8.5993,5,368436404
4.1.08,misc,216,65536,1,99.993896,33.281979,7.7704,8.6574,5,368436404
4.2.01,misc,216,262144,1,99.998474,33.280134,7.7537,7.6410,5,368436404
4.2.03,misc,216,262144,1,99.998474,33.298265,7.7552,8.7805,5,368436404
4.2.05,misc,216,262144,1,99.998474,33.238964,7.7564,7.9804,5,368436404
4.2.06,misc,216,262144,1,99.998474,33.284649,7.7540,8.0865,5,368436404
4.2.07,misc,216,262144,1,99.998474,33.259887,7.7553,8.0786,5,368436404
house,misc,216,262144,1,99.998474,33.277050,7.7558,8.4818,5,368436404
2.1.01,aerials,216,262144,1,99.998474,33.279268,7.7574,9.4241,5,368436404
2.1.02,aerials,216,262144,1,99.998474,33.238629,7.7533,8.8509,5,368436404
2.1.03,aerials,216,262144,1,99.998474,33.268227,7.7496,8.3671,5,368436404
2.1.04,aerials,216,262144,1,99.998474,33.297882,7.7499,9.3876,5,368436404
2.1.05,aerials,216,262144,1,99.998474,33.215552,7.7579,8.9805,5,368436404
2.1.06,aerials,216,262144,1,99.998474,33.378012,7.7402,9.2383,5,368436404
2.1.07,aerials,216,262144,1,99.998474,33.286972,7.7488,8.7811,5,368436404
2.1.08,aerials,216,262144,1,99.998474,33.259994,7.7567,8.4255,5,368436404
2.1.09,aerials,216,262144,1,99.998474,33.317201,7.7442,8.6892,5,368436404
2.1.10,aerials,216,262144,1,99.998474,33.248171,7.7532,8.6554,5,368436404
2.1.11,aerials,216,262144,1,99.998474,33.252873,7.7504,9.3607,5,368436404
2.1.12,aerials,216,262144,1,99.998474,33.224691,7.7560,8.4466,5,368436404
2.2.01,aerials,216,1048576,1,99.999619,33.322548,7.7480,8.4895,5,368436404
2.2.02,aerials,216,1048576,1,99.999619,33.314972,7.7499,8.7138,5,368436404
2.2.03,aerials,216,1048576,1,99.999619,33.280735,7.7545,8.3781,5,368436404
2.2.04,aerials,216,1048576,1,99.999619,33.326910,7.7491,8.5842,5,368436404
2.2.05,aerials,216,1048576,1,99.999619,33.341955,7.7465,9.4226,5,368436404
2.2.06,aerials,216,1048576,1,99.999619,33.339153,7.7490,8.7907,5,368436404
2.2.07,aerials,216,1048576,1,99.999619,33.306743,7.7555,8.4958,5,368436404
2.2.08,aerials,216,1048576,1,99.999619,33.333892,7.7462,8.5496,5,368436404
2.2.09,aerials,216,1048576,1,99.999619,33.354926,7.7471,8.7124,5,368436404
2.2.10,aerials,216,1048576,1,99.999619,33.331277,7.7476,8.7116,5,368436404
2.2.11,aerials,216,1048576,1,99.999619,33.331071,7.7485,9.1630,5,368436404
2.2.12,aerials,216,1048576,1,99.999619,33.350142,7.7452,9.4422,5,368436404
2.2.13,aerials,216,1048576,1,99.999619,33.312625,7.7511,9.2108,5,368436404
2.2.14,aerials,216,1048576,1,99.999619,33.315067,7.7489,9.5509,5,368436404
2.2.15,aerials,216,1048576,1,99.999619,33.320671,7.7500,9.2724,5,368436404
2.2.16,aerials,216,1048576,1,99.999619,33.327747,7.7478,9.6114,5,368436404
2.2.17,aerials,216,1048576,1,99.999619,33.326407,7.7493,9.3550,5,368436404
2.2.18,aerials,216,1048576,1,99.999619,33.348608,7.7438,9.1872,5,368436404
2.2.19,aerials,216,1048576,1,99.999619,33.319424,7.7467,9.0217,5,368436404
2.2.20,aerials,216,1048576,1,99.999619,33.323933,7.7498,9.3597,5,368436404
2.2.21,aerials,216,1048576,1,99.999619,33.321043,7.7450,8.6039,5,368436404
2.2.22,aerials,216,1048576,1,99.999619,33.341025,7.7509,8.6574,5,368436404
2.2.23,aerials,216,1048576,1,99.999619,33.295457,7.7473,8.7507,5,368436404
2.2.24,aerials,216,1048576,1,99.999619,33.321790,7.7501,9.2800,5,368436404
wash-ir,aerials,216,5062500,1,99.999921,33.312445,7.7502,8.5180,5,368436404
4.1.01,misc,240,65536,1,99.992371,33.388812,7.7577,7.3107,6,728210972
4.1.02,misc,240,65536,1,99.992371,33.265706,7.7680,6.2612,6,728210972
4.1.03,misc,240,65536,1,99.992371,33.277384,7.7564,9.9623,6,728210972
4.1.04,misc,240,65536,1,99.992371,33.279130,7.7669,8.8441,6,728210972
4.1.05,misc,240,65536,1,99.992371,33.231138,7.7641,8.9254,6,728210972
4.1.06,misc,240,65536,1,99.992371,33.185502,7.7672,8.1674,6,728210972
4.1.07,misc,240,65536,1,99.992371,33.355180,7.7451,8.6039,6,728210972
4.1.08,misc,240,65536,1,99.992371,33.290077,7.7564,8.6554,6,728210972
4.2.01,misc,240,262144,1,99.998093,33.298356,7.7547,7.6432,6,728210972
4.2.03,misc,240,262144,1,99.998093,33.330560,7.7578,8.7850,6,728210972
4.2.05,misc,240,262144,1,99.998093,33.274511,7.7564,7.9884,6,728210972
4.2.06,misc,240,262144,1,99.998093,33.290149,7.7514,8.0866,6,728210972
4.2.07,misc,240,262144,1,99.998093,33.314184,7.7519,8.0830,6,728210972
house,misc,240,262144,1,99.998093,33.255398,7.7613,8.4873,6,728210972
2.1.01,aerials,240,262144,1,99.998093,33.280983,7.7552,9.4215,6,728210972
2.1.02,aerials,240,262144,1,99.998093,33.240255,7.7568,8.8406,6,728210972
2.1.03,aerials,240,262144,1,99.998093,33.295410,7.7539,8.3643,6,728210972
2.1.04,aerials,240,262144,1,99.998093,33.290276,7.7628,9.3788,6,728210972
2.1.05,aerials,240,262144,1,99.998093,33.306150,7.7546,8.9817,6,728210972
2.1.06,aerials,240,262144,1,99.998093,33.321437,7.7529,9.2297,6,728210972
2.1.07,aerials,240,262144,1,99.998093,33.284751,7.7588,8.7825,6,728210972
2.1.08,aerials,240,262144,1,99.998093,33.320750,7.7496,8.4261,6,728210972
2.1.09,aerials,240,262144,1,99.998093,33.252965,7.7563,8.6864,6,728210972
2.1.10,aerials,240,262144,1,99.998093,33.249003,7.7576,8.6481,6,728210972
2.1.11,aerials,240,262144,1,99.998093,33.267305,7.7575,9.3691,6,728210972
2.1.12,aerials,240,262144,1,99.998093,33.279218,7.7614,8.4505,6,728210972
2.2.01,aerials,240,1048576,1,99.999523,33.304192,7.7496,8.4884,6,728210972
2.2.02,aerials,240,1048576,1,99.999523,33.326599,7.7496,8.7146,6,728210972
2.2.03,aerials,240,1048576,1,99.999523,33.328196,7.7498,8.3773,6,728210972
2.2.04,aerials,240,1048576,1,99.999523,33.329807,7.7501,8.5875,6,728210972
2.2.05,aerials,240,1048576,1,99.999523,33.315303,7.7489,9.4159,6,728210972
2.2.06,aerials,240,1048576,1,99.999523,33.307521,7.7506,8.7907,6,728210972
2.2.07,aerials,240,1048576,1,99.999523,33.319058,7.7505,8.4961,6,728210972
2.2.08,aerials,240,1048576,1,99.999523,33.293146,7.7547,8.5482,6,728210972
2.2.09,aerials,240,1048576,1,99.999523,33.302637,7.7522,8.7115,6,728210972
2.2.10,aerials,240,1048576,1,99.999523,33.323429,7.7493,8.7098,6,728210972
2.2.11,aerials,240,1048576,1,99.999523,33.315852,7.7489,9.1585,6,728210972
2.2.12,aerials,240,1048576,1,99.999523,33.300566,7.7500,9.4424,6,728210972
2.2.13,aerials,240,1048576,1,99.999523,33.297603,7.7510,9.2114,6,728210972
2.2.14,aerials,240,1048576,1,99.999523,33.316365,7.7484,9.5512,6,728210972
2.2.15,aerials,240,1048576,1,99.999523,33.312766,7.7503,9.2725,6,728210972
2.2.16,aerials,240,1048576,1,99.999523,33.322534,7.7474,9.6091,6,728210972
2.2.17,aerials,240,1048576,1,99.999523,33.312708,7.7526,9.3538,6,728210972
2.2.18,aerials,240,1048576,1,99.999523,33.323584,7.7487,9.1859,6,728210972
2.2.19,aerials,240,1048576,1,99.999523,33.333878,7.7501,9.0212,6,728210972
2.2.20,aerials,240,1048576,1,99.999523,33.300529,7.7489,9.3563,6,728210972
2.2.21,aerials,240,1048576,1,99.999523,33.306797,7.7506,8.6026,6,728210972
2.2.22,aerials,240,1048576,1,99.999523,33.341490,7.7473,8.6580,6,728210972
2.2.23,aerials,240,1048576,1,99.999523,33.331337,7.7497,8.7521,6,728210972
2.2.24,aerials,240,1048576,1,99.999523,33.325549,7.7502,9.2769,6,728210972
wash-ir,aerials,240,5062500,1,99.999881,33.327607,7.7486,8.5167,6,728210972
4.1.01,misc,264,65536,1,99.992371,33.231899,7.7641,7.3156,6,508984549
4.1.02,misc,264,65536,1,99.992371,33.348658,7.7708,6.2673,6,508984549
4.1.03,misc,264,65536,1,99.992371,33.170043,7.7761,9.9558,6,508984549
4.1.04,misc,264,65536,1,99.992371,33.366189,7.7554,8.8556,6,508984549
4.1.05,misc,264,65536,1,99.992371,33.277692,7.7606,8.9385,6,508984549
4.1.06,misc,264,65536,1,99.992371,33.293423,7.7572,8.1802,6,508984549
4.1.07,misc,264,65536,1,99.992371,33.277612,7.7607,8.6075,6,508984549
4.1.08,misc,264,65536,1,99.992371,33.249707,7.7660,8.6737,6,508984549
4.2.01,misc,264,262144,1,99.998093,33.379593,7.7420,7.6252,6,508984549
4.2.03,misc,264,262144,1,99.998093,33.410654,7.7406,8.7668,6,508984549
4.2.05,misc,264,262144,1,99.998093,33.394970,7.7481,7.9773,6,508984549
4.2.06,misc,264,262144,1,99.998093,33.397555,7.7407,8.0763,6,508984549
4.2.07,misc,264,262144,1,99.998093,33.405592,7.7405,8.0774,6,508984549
house,misc,264,262144,1,99.998093,33.382448,7.7386,8.4703,6,508984549
2.1.01,aerials,264,262144,1,99.998093,33.373850,7.7430,9.4071,6,508984549
2.1.02,aerials,264,262144,1,99.998093,33.347292,7.7454,8.8426,6,508984549
2.1.03,aerials,264,262144,1,99.998093,33.443757,7.7302,8.3526,6,508984549
2.1.04,aerials,264,262144,1,99.998093,33.345828,7.7441,9.3689,6,508984549
2.1.05,aerials,264,262144,1,99.998093,33.351202,7.7402,8.9601,6,508984549
2.1.06,aerials,264,262144,1,99.998093,33.375730,7.7419,9.2282,6,508984549
2.1.07,aerials,264,262144,1,99.998093,33.421965,7.7400,8.7701,6,508984549
2.1.08,aerials,264,262144,1,99.998093,33.367183,7.7472,8.4178,6,508984549
2.1.09,aerials,264,262144,1,99.998093,33.368047,7.7404,8.6778,6,508984549
2.1.10,aerials,264,262144,1,99.998093,33.435401,7.7368,8.6404,6,508984549
2.1.11,aerials,264,262144,1,99.998093,33.403802,7.7432,9.3479,6,508984549
2.1.12,aerials,264,262144,1,99.998093,33.415402,7.7309,8.4411,6,508984549
2.2.01,aerials,264,1048576,1,99.999523,33.356100,7.7434,8.4818,6,508984549
2.2.02,aerials,264,1048576,1,99.999523,33.360659,7.7440,8.7108,6,508984549
2.2.03,aerials,264,1048576,1,99.999523,33.373599,7.7487,8.3769,6,508984549
2.2.04,aerials,264,1048576,1,99.999523,33.372569,7.7453,8.5857,6,508984549
2.2.05,aerials,264,1048576,1,99.999523,33.372223,7.7464,9.4082,6,508984549
2.2.06,aerials,264,1048576,1,99.999523,33.361044,7.7429,8.7916,6,508984549
2.2.07,aerials,264,1048576,1,99.999523,33.339829,7.7476,8.4966,6,508984549
2.2.08,aerials,264,1048576,1,99.999523,33.333928,7.7476,8.5480,6,508984549
2.2.09,aerials,264,1048576,1,99.999523,33.357201,7.7500,8.7100,6,508984549
2.2.10,aerials,264,1048576,1,99.999523,33.362195,7.7429,8.7085,6,508984549
2.2.11,aerials,264,1048576,1,99.999523,33.346913,7.7467,9.1625,6,508984549
2.2.12,aerials,264,1048576,1,99.999523,33.338451,7.7469,9.4402,6,508984549
2.2.13,aerials,264,1048576,1,99.999523,33.361391,7.7455,9.2026,6,508984549
2.2.14,aerials,264,1048576,1,99.999523,33.351385,7.7480,9.5435,6,508984549
2.2.15,aerials,264,1048576,1,99.999523,33.365694,7.7426,9.2734,6,508984549
2.2.16,aerials,264,1048576,1,99.999523,33.330359,7.7471,9.6033,6,508984549
2.2.17,aerials,264,1048576,1,99.999523,33.360051,7.7442,9.3531,6,508984549
2.2.18,aerials,264,1048576,1,99.999523,33.363162,7.7452,9.1867,6,508984549
2.2.19,aerials,264,1048576,1,99.999523,33.349700,7.7431,9.0207,6,508984549
2.2.20,aerials,264,1048576,1,99.999523,33.360765,7.7479,9.3545,6,508984549
2.2.21,aerials,264,1048576,1,99.999523,33.353063,7.7457,8.6027,6,508984549
2.2.22,aerials,264,1048576,1,99.999523,33.349096,7.7483,8.6580,6,508984549
2.2.23,aerials,264,1048576,1,99.999523,33.357033,7.7451,8.7491,6,508984549
2.2.24,aerials,264,1048576,1,99.999523,33.368671,7.7481,9.2713,6,508984549
wash-ir,aerials,264,5062500,1,99.999901,33.328832,7.7490,8.5151,6,508984549
4.1.01,misc,288,65536,1,99.990845,33.419921,7.7496,7.2913,7,826410648
4.1.02,misc,288,65536,1,99.990845,33.428827,7.7466,6.2510,7,826410648
4.1.03,misc,288,65536,1,99.990845,33.382894,7.7573,9.9262,7,826410648
4.1.04,misc,288,65536,1,99.990845,33.428895,7.7503,8.8275,7,826410648
4.1.05,misc,288,65536,1,99.990845,33.424797,7.7592,8.9190,7,826410648
4.1.06,misc,288,65536,1,99.990845,33.422544,7.7642,8.1711,7,826410648
4.1.07,misc,288,65536,1,99.990845,33.451285,7.7503,8.5903,7,826410648
4.1.08,misc,288,65536,1,99.990845,33.444039,7.7557,8.6498,7,826410648
4.2.01,misc,288,262144,1,99.997711,33.394153,7.7548,7.6342,7,826410648
4.2.03,misc,288,262144,1,99.997711,33.413316,7.7486,8.7801,7,826410648
4.2.05,misc,288,262144,1,99.997711,33.404699,7.7499,7.9881,7,826410648
4.2.06,misc,288,262144,1,99.997711,33.367744,7.7573,8.0957,7,826410648
4.2.07,misc,288,262144,1,99.997711,33.422439,7.7522,8.0773,7,826410648
house,misc,288,262144,1,99.997711,33.412111,7.7599,8.4766,7,826410648
2.1.01,aerials,288,262144,1,99.997711,33.423284,7.7521,9.4133,7,826410648
2.1.02,aerials,288,262144,1,99.997711,33.362568,7.7519,8.8423,7,826410648
2.1.03,aerials,288,262144,1,99.997711,33.381110,7.7509,8.3609,7,826410648
2.1.04,aerials,288,262144,1,99.997711,33.440719,7.7528,9.3854,7,826410648
2.1.05,aerials,288,262144,1,99.997711,33.374126,7.7563,8.9808,7,826410648
2.1.06,aerials,288,262144,1,99.997711,33.397990,7.7533,9.2317,7,826410648
2.1.07,aerials,288,262144,1,99.997711,33.415029,7.7452,8.7862,7,826410648
2.1.08,aerials,288,262144,1,99.997711,33.388467,7.7509,8.4295,7,826410648
2.1.09,aerials,288,262144,1,99.997711,33.400864,7.7529,8.6941,7,826410648
2.1.10,aerials,288,262144,1,99.997711,33.405289,7.7455,8.6508,7,826410648
2.1.11,aerials,288,262144,1,99.997711,33.386244,7.7546,9.3589,7,826410648
2.1.12,aerials,288,262144,1,99.997711,33.451430,7.7503,8.4542,7,826410648
2.2.01,aerials,288,1048576,1,99.999428,33.333858,7.7516,8.4878,7,826410648
2.2.02,aerials,288,1048576,1,99.999428,33.333360,7.7534,8.7127,7,826410648
2.2.03,aerials,288,1048576,1,99.999428,33.359637,7.7493,8.3797,7,826410648
2.2.04,aerials,288,1048576,1,99.999428,33.358443,7.7530,8.5879,7,826410648
2.2.05,aerials,288,1048576,1,99.999428,33.377312,7.7475,9.4171,7,826410648
2.2.06,aerials,288,1048576,1,99.999428,33.350520,7.7500,8.7947,7,826410648
2.2.07,aerials,288,1048576,1,99.999428,33.330641,7.7493,8.4948,7,826410648
2.2.08,aerials,288,1048576,1,99.999428,33.344856,7.7520,8.5477,7,826410648
2.2.09,aerials,288,1048576,1,99.999428,33.348399,7.7511,8.7142,7,826410648
2.2.10,aerials,288,1048576,1,99.999428,33.351681,7.7476,8.7121,7,826410648
2.2.11,aerials,288,1048576,1,99.999428,33.344437,7.7497,9.1660,7,826410648
2.2.12,aerials,288,1048576,1,99.999428,33.357621,7.7461,9.4459,7,826410648
2.2.13,aerials,288,1048576,1,99.999428,33.329037,7.7530,9.2104,7,826410648
2.2.14,aerials,288,1048576,1,99.999428,33.362202,7.7497,9.5527,7,826410648
2.2.15,aerials,288,1048576,1,99.999428,33.351358,7.7479,9.2770,7,826410648
2.2.16,aerials,288,1048576,1,99.999428,33.326070,7.7547,9.6119,7,826410648
2.2.17,aerials,288,1048576,1,99.999428,33.336792,7.7477,9.3607,7,826410648
2.2.18,aerials,288,1048576,1,99.999428,33.341021,7.7524,9.1900,7,826410648
2.2.19,aerials,288,1048576,1,99.999428,33.344069,7.7470,9.0260,7,826410648
2.2.20,aerials,288,1048576,1,99.999428,33.323861,7.7533,9.3603,7,826410648
2.2.21,aerials,288,1048576,1,99.999428,33.331662,7.7529,8.6081,7,826410648
2.2.22,aerials,288,1048576,1,99.999428,33.340933,7.7482,8.6608,7,826410648
2.2.23,aerials,288,1048576,1,99.999428,33.367673,7.7483,8.7495,7,826410648
2.2.24,aerials,288,1048576,1,99.999428,33.384410,7.7483,9.2800,7,826410648
wash-ir,aerials,288,5062500,1,99.999881,33.326257,7.7485,8.5178,7,826410648
4.1.01,misc,312,65536,1,99.990845,33.409786,7.7340,7.2850,7,1421438631
4.1.02,misc,312,65536,1,99.990845,33.309875,7.7224,6.2354,7,1421438631
4.1.03,misc,312,65536,1,99.990845,33.452359,7.7414,9.9391,7,1421438631
4.1.04,misc,312,65536,1,99.990845,33.503070,7.7114,8.8170,7,1421438631
4.1.05,misc,312,65536,1,99.990845,33.358542,7.7386,8.8961,7,1421438631
4.1.06,misc,312,65536,1,99.990845,33.392382,7.7349,8.1327,7,1421438631
4.1.07,misc,312,65536,1,99.990845,33.362275,7.7270,8.5584,7,1421438631
4.1.08,misc,312,65536,1,99.990845,33.502462,7.7307,8.6333,7,1421438631
4.2.01,misc,312,262144,1,99.997711,33.364140,7.7436,7.6282,7,1421438631
4.2.03,misc,312,262144,1,99.997711,33.303223,7.7512,8.7710,7,1421438631
4.2.05,misc,312,262144,1,99.997711,33.372523,7.7450,7.9767,7,1421438631
4.2.06,misc,312,262144,1,99.997711,33.374207,7.7404,8.0834,7,1421438631
4.2.07,misc,312,262144,1,99.997711,33.337178,7.7417,8.0760,7,1421438631
house,misc,312,262144,1,99.997711,33.407007,7.7407,8.4653,7,1421438631
2.1.01,aerials,312,262144,1,99.997711,33.353181,7.7406,9.4092,7,1421438631
2.1.02,aerials,312,262144,1,99.997711,33.382496,7.7340,8.8437,7,1421438631
2.1.03,aerials,312,262144,1,99.997711,33.360074,7.7431,8.3467,7,1421438631
2.1.04,aerials,312,262144,1,99.997711,33.346512,7.7426,9.3740,7,1421438631
2.1.05,aerials,312,262144,1,99.997711,33.379079,7.7435,8.9760,7,1421438631
2.1.06,aerials,312,262144,1,99.997711,33.392518,7.7462,9.2183,7,1421438631
2.1.07,aerials,312,262144,1,99.997711,33.400448,7.7410,8.7801,7,1421438631
2.1.08,aerials,312,262144,1,99.997711,33.376030,7.7445,8.4180,7,1421438631
2.1.09,aerials,312,262144,1,99.997711,33.357699,7.7446,8.6848,7,1421438631
2.1.10,aerials,312,262144,1,99.997711,33.331216,7.7453,8.6460,7,1421438631
2.1.11,aerials,312,262144,1,99.997711,33.361847,7.7401,9.3508,7,1421438631
2.1.12,aerials,312,262144,1,99.997711,33.374158,7.7369,8.4435,7,1421438631
2.2.01,aerials,312,1048576,1,99.999428,33.362364,7.7412,8.4836,7,1421438631
2.2.02,aerials,312,1048576,1,99.999428,33.372367,7.7450,8.7068,7,1421438631
2.2.03,aerials,312,1048576,1,99.999428,33.345498,7.7448,8.3716,7,1421438631
2.2.04,aerials,312,1048576,1,99.999428,33.340082,7.7462,8.5797,7,1421438631
2.2.05,aerials,312,1048576,1,99.999428,33.369166,7.7416,9.4128,7,1421438631
2.2.06,aerials,312,1048576,1,99.999428,33.330987,7.7481,8.7879,7,1421438631
2.2.07,aerials,312,1048576,1,99.999428,33.366707,7.7417,8.4935,7,1421438631
2.2.08,aerials,312,1048576,1,99.999428,33.343935,7.7461,8.5471,7,1421438631
2.2.09,aerials,312,1048576,1,99.999428,33.333023,7.7449,8.7092,7,1421438631
2.2.10,aerials,312,1048576,1,99.999428,33.327544,7.7476,8.7082,7,1421438631
2.2.11,aerials,312,1048576,1,99.999428,33.342792,7.7457,9.1600,7,1421438631
2.2.12,aerials,312,1048576,1,99.999428,33.342916,7.7451,9.4387,7,1421438631
2.2.13,aerials,312,1048576,1,99.999428,33.321693,7.7464,9.2068,7,1421438631
2.2.14,aerials,312,1048576,1,99.999428,33.364632,7.7402,9.5476,7,1421438631
2.2.15,aerials,312,1048576,1,99.999428,33.335830,7.7464,9.2687,7,1421438631
2.2.16,aerials,312,1048576,1,99.999428,33.359531,7.7446,9.6063,7,1421438631
2.2.17,aerials,312,1048576,1,99.999428,33.353837,7.7439,9.3527,7,1421438631
2.2.18,aerials,312,1048576,1,99.999428,33.327540,7.7431,9.1847,7,1421438631
2.2.19,aerials,312,1048576,1,99.999428,33.330316,7.7467,9.0212,7,1421438631
2.2.20,aerials,312,1048576,1,99.999428,33.370168,7.7440,9.3537,7,1421438631
2.2.21,aerials,312,1048576,1,99.999428,33.353954,7.7425,8.6020,7,1421438631
2.2.22,aerials,312,1048576,1,99.999428,33.360949,7.7410,8.6545,7,1421438631
2.2.23,aerials,312,1048576,1,99.999428,33.332143,7.7421,8.7461,7,1421438631
2.2.24,aerials,312,1048576,1,99.999428,33.331100,7.7478,9.2716,7,1421438631
wash-ir,aerials,312,5062500,1,99.999862,33.348868,7.7455,8.5151,7,1421438631
4.1.01,misc,336,65536,1,99.989319,33.427876,7.7372,7.3165,8,374844614
4.1.02,misc,336,65536,1,99.989319,33.249806,7.7586,6.2675,8,374844614
4.1.03,misc,336,65536,1,99.989319,33.330158,7.7623,9.9471,8,374844614
4.1.04,misc,336,65536,1,99.989319,33.310396,7.7366,8.8296,8,374844614
4.1.05,misc,336,65536,1,99.989319,33.355889,7.7521,8.9167,8,374844614
4.1.06,misc,336,65536,1,99.989319,33.300070,7.7606,8.1798,8,374844614
4.1.07,misc,336,65536,1,99.989319,33.218346,7.7714,8.6050,8,374844614
4.1.08,misc,336,65536,1,99.989319,33.329821,7.7510,8.6502,8,374844614
4.2.01,misc,336,262144,1,99.997330,33.345203,7.7465,7.6267,8,374844614
4.2.03,misc,336,262144,1,99.997330,33.318519,7.7479,8.7678,8,374844614
4.2.05,misc,336,262144,1,99.997330,33.389266,7.7445,7.9829,8,374844614
4.2.06,misc,336,262144,1,99.997330,33.335120,7.7508,8.0792,8,374844614
4.2.07,misc,336,262144,1,99.997330,33.353310,7.7382,8.0743,8,374844614
house,misc,336,262144,1,99.997330,33.289946,7.7564,8.4724,8,374844614
2.1.01,aerials,336,262144,1,99.997330,33.356041,7.7450,9.4156,8,374844614
2.1.02,aerials,336,262144,1,99.997330,33.281601,7.7472,8.8397,8,374844614
2.1.03,aerials,336,262144,1,99.997330,33.346250,7.7474,8.3583,8,374844614
2.1.04,aerials,336,262144,1,99.997330,33.365115,7.7378,9.3736,8,374844614
2.1.05,aerials,336,262144,1,99.997330,33.318643,7.7471,8.9728,8,374844614
2.1.06,aerials,336,262144,1,99.997330,33.297442,7.7457,9.2163,8,374844614
2.1.07,aerials,336,262144,1,99.997330,33.326827,7.7473,8.7770,8,374844614
2.1.08,aerials,336,262144,1,99.997330,33.351607,7.7441,8.4205,8,374844614
2.1.09,aerials,336,262144,1,99.997330,33.344122,7.7410,8.6847,8,374844614
2.1.10,aerials,336,262144,1,99.997330,33.355557,7.7485,8.6439,8,374844614
2.1.11,aerials,336,262144,1,99.997330,33.334978,7.7460,9.3555,8,374844614
2.1.12,aerials,336,262144,1,99.997330,33.334180,7.7442,8.4511,8,374844614
2.2.01,aerials,336,1048576,1,99.999332,33.357958,7.7475,8.4809,8,374844614
2.2.02,aerials,336,1048576,1,99.999332,33.372933,7.7461,8.7154,8,374844614
2.2.03,aerials,336,1048576,1,99.999332,33.363647,7.7462,8.3784,8,374844614
2.2.04,aerials,336,1048576,1,99.999332,33.376589,7.7487,8.5855,8,374844614
2.2.05,aerials,336,1048576,1,99.999332,33.378064,7.7461,9.4144,8,374844614
2.2.06,aerials,336,1048576,1,99.999332,33.350441,7.7468,8.7893,8,374844614
2.2.07,aerials,336,1048576,1,99.999332,33.366817,7.7483,8.4966,8,374844614
2.2.08,aerials,336,1048576,1,99.999332,33.379139,7.7492,8.5470,8,374844614
2.2.09,aerials,336,1048576,1,99.999332,33.374245,7.7482,8.7097,8,374844614
2.2.10,aerials,336,1048576,1,99.999332,33.356931,7.7491,8.7072,8,374844614
2.2.11,aerials,336,1048576,1,99.999332,33.363237,7.7485,9.1603,8,374844614
2.2.12,aerials,336,1048576,1,99.999332,33.363906,7.7463,9.4378,8,374844614
2.2.13,aerials,336,1048576,1,99.999332,33.371209,7.7490,9.2072,8,374844614
2.2.14,aerials,336,1048576,1,99.999332,33.349751,7.7494,9.5464,8,374844614
2.2.15,aerials,336,1048576,1,99.999332,33.356622,7.7471,9.2735,8,374844614
2.2.16,aerials,336,1048576,1,99.999332,33.359659,7.7463,9.6075,8,374844614
2.2.17,aerials,336,1048576,1,99.999332,33.370748,7.7440,9.3560,8,374844614
2.2.18,aerials,336,1048576,1,99.999332,33.357111,7.7478,9.1854,8,374844614
2.2.19,aerials,336,1048576,1,99.999332,33.372462,7.7446,9.0210,8,374844614
2.2.20,aerials,336,1048576,1,99.999332,33.354932,7.7469,9.3529,8,374844614
2.2.21,aerials,336,1048576,1,99.999332,33.367795,7.7464,8.6045,8,374844614
2.2.22,aerials,336,1048576,1,99.999332,33.376886,7.7450,8.6584,8,374844614
2.2.23,aerials,336,1048576,1,99.999332,33.360743,7.7445,8.7518,8,374844614
2.2.24,aerials,336,1048576,1,99.999332,33.371227,7.7462,9.2750,8,374844614
wash-ir,aerials,336,5062500,1,99.999862,33.324776,7.7484,8.5171,8,374844614
4.1.01,misc,360,65536,1,99.989319,33.394260,7.7588,7.2996,8,1243025790
4.1.02,misc,360,65536,1,99.989319,33.398460,7.7324,6.2392,8,1243025790
4.1.03,misc,360,65536,1,99.989319,33.441221,7.7526,9.9402,8,1243025790
4.1.04,misc,360,65536,1,99.989319,33.386162,7.7417,8.8343,8,1243025790
4.1.05,misc,360,65536,1,99.989319,33.313716,7.7586,8.9135,8,1243025790
4.1.06,misc,360,65536,1,99.989319,33.390685,7.7493,8.1651,8,1243025790
4.1.07,misc,360,65536,1,99.989319,33.290921,7.7569,8.5877,8,1243025790
4.1.08,misc,360,65536,1,99.989319,33.328286,7.7665,8.6323,8,1243025790
4.2.01,misc,360,262144,1,99.997330,33.402612,7.7385,7.6167,8,1243025790
4.2.03,misc,360,262144,1,99.997330,33.366347,7.7461,8.7693,8,1243025790
4.2.05,misc,360,262144,1,99.997330,33.382177,7.7431,7.9694,8,1243025790
4.2.06,misc,360,262144,1,99.997330,33.353541,7.7437,8.0763,8,1243025790
4.2.07,misc,360,262144,1,99.997330,33.362313,7.7450,8.0652,8,1243025790
house,misc,360,262144,1,99.997330,33.368059,7.7407,8.4633,8,1243025790
2.1.01,aerials,360,262144,1,99.997330,33.344631,7.7422,9.4047,8,1243025790
2.1.02,aerials,360,262144,1,99.997330,33.380676,7.7414,8.8386,8,1243025790
2.1.03,aerials,360,262144,1,99.997330,33.395753,7.7401,8.3549,8,1243025790
2.1.04,aerials,360,262144,1,99.997330,33.391680,7.7419,9.3674,8,1243025790
2.1.05,aerials,360,262144,1,99.997330,33.346925,7.7366,8.9735,8,1243025790
2.1.06,aerials,360,262144,1,99.997330,33.424074,7.7355,9.2210,8,1243025790
2.1.07,aerials,360,262144,1,99.997330,33.425976,7.7396,8.7783,8,1243025790
2.1.08,aerials,360,262144,1,99.997330,33.344705,7.7473,8.4147,8,1243025790
2.1.09,aerials,360,262144,1,99.997330,33.364293,7.7346,8.6812,8,1243025790
2.1.10,aerials,360,262144,1,99.997330,33.387115,7.7372,8.6434,8,1243025790
2.1.11,aerials,360,262144,1,99.997330,33.391453,7.7407,9.3492,8,1243025790
2.1.12,aerials,360,262144,1,99.997330,33.314643,7.7449,8.4381,8,1243025790
2.2.01,aerials,360,1048576,1,99.999332,33.320039,7.7435,8.4816,8,1243025790
2.2.02,aerials,360,1048576,1,99.999332,33.359517,7.7421,8.7048,8,1243025790
2.2.03,aerials,360,1048576,1,99.999332,33.342098,7.7422,8.3716,8,1243025790
2.2.04,aerials,360,1048576,1,99.999332,33.333525,7.7453,8.5802,8,1243025790
2.2.05,aerials,360,1048576,1,99.999332,33.320494,7.7461,9.4157,8,1243025790
2.2.06,aerials,360,1048576,1,99.999332,33.344544,7.7421,8.7834,8,1243025790
2.2.07,aerials,360,1048576,1,99.999332,33.325680,7.7466,8.4903,8,1243025790
2.2.08,aerials,360,1048576,1,99.999332,33.340973,7.7419,8.5407,8,1243025790
2.2.09,aerials,360,1048576,1,99.999332,33.327140,7.7399,8.7064,8,1243025790
2.2.10,aerials,360,1048576,1,99.999332,33.323252,7.7436,8.7060,8,1243025790
2.2.11,aerials,360,1048576,1,99.999332,33.317656,7.7492,9.1560,8,1243025790
2.2.12,aerials,360,1048576,1,99.999332,33.346962,7.7443,9.4358,8,1243025790
2.2.13,aerials,360,1048576,1,99.999332,33.335092,7.7456,9.2050,8,1243025790
2.2.14,aerials,360,1048576,1,99.999332,33.329039,7.7455,9.5439,8,1243025790
2.2.15,aerials,360,1048576,1,99.999332,33.345302,7.7408,9.2667,8,1243025790
2.2.16,aerials,360,1048576,1,99.999332,33.322199,7.7465,9.6073,8,1243025790
2.2.17,aerials,360,1048576,1,99.999332,33.345662,7.7418,9.3503,8,1243025790
2.2.18,aerials,360,1048576,1,99.999332,33.344884,7.7449,9.1818,8,1243025790
2.2.19,aerials,360,1048576,1,99.999332,33.347333,7.7444,9.0151,8,1243025790
2.2.20,aerials,360,1048576,1,99.999332,33.311845,7.7432,9.3532,8,1243025790
2.2.21,aerials,360,1048576,1,99.999332,33.346305,7.7408,8.5979,8,1243025790
2.2.22,aerials,360,1048576,1,99.999332,33.337279,7.7414,8.6515,8,1243025790
2.2.23,aerials,360,1048576,1,99.999332,33.313698,7.7460,8.7426,8,1243025790
2.2.24,aerials,360,1048576,1,99.999332,33.315137,7.7409,9.2757,8,1243025790
wash-ir,aerials,360,5062500,1,99.999842,33.319830,7.7470,8.5163,8,1243025790
4.1.01,misc,384,65536,1,99.987793,33.253264,7.7494,7.2806,9,882132963
4.1.02,misc,384,65536,1,99.987793,33.357167,7.7414,6.2403,9,882132963
4.1.03,misc,384,65536,1,99.987793,33.297396,7.7504,9.9392,9,882132963
4.1.04,misc,384,65536,1,99.987793,33.273883,7.7449,8.8246,9,882132963
4.1.05,misc,384,65536,1,99.987793,33.243139,7.7438,8.9163,9,882132963
4.1.06,misc,384,65536,1,99.987793,33.370490,7.7389,8.1484,9,882132963
4.1.07,misc,384,65536,1,99.987793,33.418397,7.7344,8.5802,9,882132963
4.1.08,misc,384,65536,1,99.987793,33.274550,7.7515,8.6295,9,882132963
4.2.01,misc,384,262144,1,99.996948,33.362277,7.7478,7.6359,9,882132963
4.2.03,misc,384,262144,1,99.996948,33.321372,7.7594,8.7760,9,882132963
4.2.05,misc,384,262144,1,99.996948,33.304818,7.7569,7.9900,9,882132963
4.2.06,misc,384,262144,1,99.996948,33.349855,7.7438,8.0774,9,882132963
4.2.07,misc,384,262144,1,99.996948,33.327381,7.7483,8.0770,9,882132963
house,misc,384,262144,1,99.996948,33.271039,7.7502,8.4797,9,882132963
2.1.01,aerials,384,262144,1,99.996948,33.329618,7.7501,9.4101,9,882132963
2.1.02,aerials,384,262144,1,99.996948,33.308035,7.7499,8.8443,9,882132963
2.1.03,aerials,384,262144,1,99.996948,33.367761,7.7434,8.3562,9,882132963
2.1.04,aerials,384,262144,1,99.996948,33.347692,7.7413,9.3719,9,882132963
2.1.05,aerials,384,262144,1,99.996948,33.352311,7.7493,8.9756,9,882132963
2.1.06,aerials,384,262144,1,99.996948,33.380182,7.7442,9.2259,9,882132963
2.1.07,aerials,384,262144,1,99.996948,33.324412,7.7490,8.7825,9,882132963
2.1.08,aerials,384,262144,1,99.996948,33.364418,7.7382,8.4211,9,882132963
2.1.09,aerials,384,262144,1,99.996948,33.386139,7.7435,8.6910,9,882132963
2.1.10,aerials,384,262144,1,99.996948,33.345172,7.7464,8.6495,9,882132963
2.1.11,aerials,384,262144,1,99.996948,33.344906,7.7519,9.3574,9,882132963
2.1.12,aerials,384,262144,1,99.996948,33.358972,7.7516,8.4483,9,882132963
2.2.01,aerials,384,1048576,1,99.999237,33.334590,7.7494,8.4841,9,882132963
2.2.02,aerials,384,1048576,1,99.999237,33.333154,7.7443,8.7166,9,882132963
2.2.03,aerials,384,1048576,1,99.999237,33.321347,7.7476,8.3797,9,882132963
2.2.04,aerials,384,1048576,1,99.999237,33.332882,7.7476,8.5857,9,882132963
2.2.05,aerials,384,1048576,1,99.999237,33.340942,7.7458,9.4149,9,882132963
2.2.06,aerials,384,1048576,1,99.999237,33.306043,7.7499,8.7916,9,882132963
2.2.07,aerials,384,1048576,1,99.999237,33.340974,7.7440,8.4954,9,882132963
2.2.08,aerials,384,1048576,1,99.999237,33.319462,7.7484,8.5471,9,882132963
2.2.09,aerials,384,1048576,1,99.999237,33.347883,7.7463,8.7154,9,882132963
2.2.10,aerials,384,1048576,1,99.999237,33.344816,7.7444,8.7119,9,882132963
2.2.11,aerials,384,1048576,1,99.999237,33.320422,7.7478,9.1621,9,882132963
2.2.12,aerials,384,1048576,1,99.999237,33.340917,7.7462,9.4404,9,882132963
2.2.13,aerials,384,1048576,1,99.999237,33.323535,7.7485,9.2083,9,882132963
2.2.14,aerials,384,1048576,1,99.999237,33.328870,7.7470,9.5451,9,882132963
2.2.15,aerials,384,1048576,1,99.999237,33.292648,7.7515,9.2769,9,882132963
2.2.16,aerials,384,1048576,1,99.999237,33.311058,7.7483,9.6070,9,882132963
2.2.17,aerials,384,1048576,1,99.999237,33.300798,7.7473,9.3542,9,882132963
2.2.18,aerials,384,1048576,1,99.999237,33.335230,7.7467,9.1885,9,882132963
2.2.19,aerials,384,1048576,1,99.999237,33.337753,7.7491,9.0221,9,882132963
2.2.20,aerials,384,1048576,1,99.999237,33.323834,7.7458,9.3557,9,882132963
2.2.21,aerials,384,1048576,1,99.999237,33.310171,7.7451,8.6017,9,882132963
2.2.22,aerials,384,1048576,1,99.999237,33.335170,7.7460,8.6585,9,882132963
2.2.23,aerials,384,1048576,1,99.999237,33.341900,7.7485,8.7508,9,882132963
2.2.24,aerials,384,1048576,1,99.999237,33.330720,7.7469,9.2763,9,882132963
wash-ir,aerials,384,5062500,1,99.999842,33.333304,7.7457,8.5167,9,882132963
