K,flipped_key_bit,npcr_key_packed,uaci_key_packed,psnr_cipher_pair_db
24,1,100.000000,33.138105,7.8513
24,2,100.000000,33.526363,7.6918
24,3,100.000000,32.551354,7.9012
24,4,100.000000,33.747899,7.7407
24,5,100.000000,33.531581,7.8184
24,6,100.000000,33.434495,7.7246
24,7,100.000000,33.547036,7.7787
24,8,100.000000,32.933789,7.8174
24,9,100.000000,33.810537,7.7280
24,10,100.000000,33.316410,7.7689
24,11,100.000000,33.885678,7.7545
24,12,100.000000,32.788151,7.8747
24,13,100.000000,32.867556,7.8797
24,14,100.000000,33.362923,7.7029
24,15,100.000000,33.737473,7.7953
24,16,100.000000,33.335386,7.7746
24,17,100.000000,33.424602,7.7303
24,18,100.000000,32.912121,7.7339
24,19,100.000000,32.640664,7.6816
24,20,100.000000,34.159269,7.7271
24,21,100.000000,33.604552,7.7317
24,22,100.000000,33.704531,7.7329
24,23,100.000000,33.257434,7.8459
24,24,100.000000,32.780397,7.7765
48,1,99.998474,33.268817,7.7536
48,3,100.000000,33.308880,7.7748
48,5,100.000000,33.246881,7.7419
48,7,100.000000,33.262292,7.7559
48,9,100.000000,33.425151,7.7486
48,11,100.000000,33.368939,7.7474
48,13,100.000000,33.468526,7.7369
48,15,100.000000,33.322001,7.7554
48,17,100.000000,33.333412,7.7466
48,19,100.000000,33.267878,7.7455
48,21,100.000000,33.365538,7.7484
48,23,100.000000,33.267540,7.7601
48,26,100.000000,33.225572,7.7422
48,28,100.000000,33.228494,7.7472
48,30,100.000000,33.348980,7.7472
48,32,100.000000,33.212624,7.7476
48,34,100.000000,33.289246,7.7577
48,36,100.000000,33.427251,7.7382
48,38,100.000000,33.301349,7.7448
48,40,100.000000,33.453842,7.7339
48,42,100.000000,33.323661,7.7360
48,44,100.000000,33.308892,7.7489
48,46,100.000000,33.401753,7.7514
48,48,100.000000,33.463476,7.7343
72,1,99.998474,33.364449,7.7521
72,4,99.998474,33.395179,7.7498
72,7,99.998474,33.351892,7.7560
72,10,99.998474,33.282938,7.7783
72,13,99.998474,33.383253,7.7529
72,16,100.000000,33.435529,7.7462
72,20,100.000000,33.390643,7.7382
72,23,99.998474,33.309737,7.7539
72,26,100.000000,33.377261,7.7478
72,29,100.000000,33.358683,7.7532
72,32,100.000000,33.381606,7.7559
72,35,100.000000,33.271305,7.7451
72,38,100.000000,33.226201,7.7436
72,41,100.000000,33.116018,7.7615
72,44,100.000000,33.386850,7.7462
72,47,100.000000,33.528679,7.7402
72,50,100.000000,33.449301,7.7346
72,53,99.998474,33.319535,7.7547
72,57,100.000000,33.314784,7.7446
72,60,100.000000,33.407476,7.7444
72,63,99.998474,33.383220,7.7364
72,66,99.998474,33.517583,7.7453
72,69,99.998474,33.442454,7.7432
72,72,99.998474,33.267398,7.7568
96,1,99.996948,33.484047,7.7305
96,5,99.998474,33.389054,7.7351
96,9,99.998474,33.497333,7.7348
96,13,99.996948,33.234110,7.7545
96,18,99.998474,33.309544,7.7417
96,22,99.998474,33.295870,7.7352
96,26,100.000000,33.440761,7.7352
96,30,100.000000,33.397555,7.7460
96,34,100.000000,33.454203,7.7414
96,38,99.998474,33.424156,7.7413
96,42,99.998474,33.459638,7.7250
96,46,99.998474,33.384587,7.7216
96,51,99.998474,33.325108,7.7435
96,55,99.998474,33.510279,7.7300
96,59,99.998474,33.344108,7.7411
96,63,99.996948,33.380385,7.7405
96,67,99.998474,33.348821,7.7518
96,71,99.998474,33.351895,7.7143
96,75,99.996948,33.197341,7.7595
96,79,99.996948,33.321878,7.7538
96,84,99.998474,33.467006,7.7399
96,88,99.998474,33.175962,7.7516
96,92,99.998474,33.400333,7.7470
96,96,99.998474,33.386652,7.7389
120,1,99.996948,33.367497,7.7256
120,6,99.996948,33.405021,7.7241
120,11,99.996948,33.412052,7.7435
120,17,99.998474,33.336131,7.7414
120,22,99.998474,33.303032,7.7547
120,27,99.995422,33.517152,7.7483
120,32,99.998474,33.185413,7.7447
120,37,99.996948,33.403717,7.7345
120,42,100.000000,33.324263,7.7557
120,48,100.000000,33.432219,7.7379
120,53,100.000000,33.296364,7.7371
120,58,99.998474,33.470694,7.7377
120,63,99.998474,33.393359,7.7450
120,68,99.998474,33.398336,7.7445
120,73,99.998474,33.295171,7.7547
120,79,99.996948,33.330742,7.7413
120,84,100.000000,33.444491,7.7214
120,89,99.995422,33.422187,7.7238
120,94,99.996948,33.361809,7.7370
120,99,99.996948,33.209950,7.7626
120,104,99.998474,33.260093,7.7522
120,110,99.996948,33.375490,7.7356
120,115,99.996948,33.301705,7.7340
120,120,99.996948,33.417301,7.7444
144,1,99.995422,33.467160,7.7296
144,7,99.996948,33.355290,7.7455
144,13,99.995422,33.218290,7.7387
144,20,99.996948,33.331432,7.7418
144,26,99.996948,33.361283,7.7484
144,32,99.996948,33.321993,7.7432
144,38,99.998474,33.418820,7.7376
144,45,99.995422,33.529366,7.7499
144,51,99.995422,33.441566,7.7498
144,57,99.998474,33.300673,7.7413
144,63,99.996948,33.464448,7.7524
144,69,99.996948,33.500414,7.7351
144,76,99.995422,33.306243,7.7365
144,82,99.996948,33.199214,7.7455
144,88,99.998474,33.300633,7.7544
144,94,99.998474,33.427163,7.7331
144,100,99.998474,33.251227,7.7472
144,107,99.995422,33.363810,7.7432
144,113,99.992371,33.374196,7.7419
144,119,99.993896,33.386348,7.7418
144,125,99.995422,33.386373,7.7500
144,132,99.996948,33.234645,7.7701
144,138,99.996948,33.464537,7.7409
144,144,99.996948,33.224058,7.7704
168,1,99.995422,33.325812,7.7385
168,8,99.995422,33.410659,7.7468
168,16,99.996948,33.396109,7.7342
168,23,99.995422,33.521680,7.7458
168,30,99.995422,33.378091,7.7502
168,37,99.990845,33.540476,7.7332
168,45,99.993896,33.566687,7.7205
168,52,99.998474,33.405916,7.7367
168,59,99.993896,33.281232,7.7683
168,66,99.998474,33.299698,7.7535
168,74,99.996948,33.290349,7.7635
168,81,99.996948,33.333540,7.7336
168,88,99.996948,33.276201,7.7597
168,95,99.998474,33.289504,7.7654
168,103,99.992371,33.410300,7.7326
168,110,99.998474,33.366556,7.7403
168,117,99.995422,33.377029,7.7351
168,124,99.998474,33.383623,7.7366
168,132,99.996948,33.294394,7.7395
168,139,99.992371,33.370421,7.7447
168,146,99.996948,33.355630,7.7471
168,153,99.996948,33.510848,7.7260
168,161,99.995422,33.383049,7.7514
168,168,99.995422,33.304017,7.7521
192,1,99.993896,33.278763,7.7447
192,9,99.995422,33.294464,7.7519
192,18,99.995422,33.324036,7.7465
192,26,99.995422,33.188107,7.7716
192,34,99.995422,33.291550,7.7587
192,43,99.990845,33.439002,7.7501
192,51,99.993896,33.416719,7.7450
192,59,99.992371,33.279686,7.7611
192,67,99.992371,33.326149,7.7581
192,76,99.996948,33.371113,7.7558
192,84,99.996948,33.298927,7.7480
192,92,99.995422,33.240853,7.7482
192,101,99.995422,33.347680,7.7355
192,109,99.996948,33.470326,7.7450
192,117,99.998474,33.328838,7.7503
192,126,99.996948,33.280309,7.7653
192,134,99.998474,33.285864,7.7588
192,142,99.996948,33.332801,7.7323
192,150,99.995422,33.242288,7.7563
192,159,99.992371,33.364093,7.7546
192,167,99.992371,33.328661,7.7646
192,175,99.993896,33.277090,7.7599
192,184,99.995422,33.232723,7.7578
192,192,99.995422,33.277264,7.7463
216,1,99.993896,33.198430,7.7699
216,10,99.993896,33.312506,7.7630
216,20,99.995422,33.268273,7.7658
216,29,99.992371,33.341624,7.7412
216,38,99.995422,33.323281,7.7568
216,48,99.993896,33.180314,7.7600
216,57,99.990845,33.420735,7.7205
216,66,99.998474,33.356516,7.7563
216,76,99.996948,33.292170,7.7658
216,85,99.996948,33.256370,7.7584
216,94,99.996948,33.320157,7.7540
216,104,99.995422,33.414042,7.7540
216,113,99.995422,33.259330,7.7634
216,123,99.992371,33.374520,7.7466
216,132,99.996948,33.350120,7.7538
216,141,99.993896,33.239299,7.7460
216,151,99.992371,33.397151,7.7390
216,160,99.996948,33.195770,7.7602
216,169,99.987793,33.373442,7.7441
216,179,99.992371,33.109086,7.7694
216,188,99.993896,33.387469,7.7432
216,197,99.993896,33.277014,7.7435
216,207,99.993896,33.473671,7.7448
216,216,99.993896,33.323348,7.7388
240,1,99.992371,33.150741,7.7738
240,11,99.993896,33.280631,7.7657
240,22,99.993896,33.189081,7.7542
240,32,99.993896,33.267462,7.7460
240,43,99.989319,33.246313,7.7580
240,53,99.984741,33.327786,7.7584
240,63,99.990845,33.461285,7.7433
240,74,99.996948,33.284362,7.7494
240,84,99.996948,33.375612,7.7300
240,95,99.989319,33.334337,7.7444
240,105,99.995422,33.321864,7.7491
240,115,99.995422,33.370256,7.7567
240,126,99.993896,33.273744,7.7519
240,136,99.995422,33.276728,7.7572
240,146,99.995422,33.143346,7.7580
240,157,99.990845,33.275133,7.7525
240,167,99.990845,33.173129,7.7660
240,178,99.995422,33.183688,7.7491
240,188,99.993896,33.388609,7.7522
240,198,99.993896,33.289574,7.7588
240,209,99.989319,33.146246,7.7615
240,219,99.992371,33.396631,7.7346
240,230,99.993896,33.317576,7.7474
240,240,99.993896,33.227381,7.7694
264,1,99.992371,33.187206,7.7658
264,12,99.992371,33.407954,7.7406
264,24,99.992371,33.288665,7.7588
264,35,99.989319,33.230795,7.7594
264,47,99.989319,33.185283,7.7600
264,58,99.992371,33.363981,7.7381
264,70,99.995422,33.290413,7.7414
264,81,99.989319,33.315720,7.7604
264,92,99.996948,33.517376,7.7332
264,104,99.995422,33.291581,7.7516
264,115,99.990845,33.291313,7.7623
264,127,99.993896,33.260387,7.7595
264,138,99.993896,33.395795,7.7425
264,150,99.995422,33.279837,7.7671
264,161,99.995422,33.278256,7.7456
264,173,99.990845,33.365001,7.7465
264,184,99.996948,33.289440,7.7643
264,195,99.989319,33.254918,7.7656
264,207,99.986267,33.234689,7.7640
264,218,99.993896,33.367605,7.7401
264,230,99.992371,33.312532,7.7561
264,241,99.990845,33.455078,7.7551
264,253,99.992371,33.333486,7.7346
264,264,99.992371,33.207961,7.7694
288,1,99.990845,33.401085,7.7508
288,13,99.990845,33.277094,7.7604
288,26,99.992371,33.290885,7.7721
288,38,99.992371,33.352814,7.7438
288,51,99.986267,33.338698,7.7510
288,63,99.984741,33.171791,7.7662
288,76,99.996948,33.353526,7.7577
288,88,99.995422,33.258507,7.7517
288,101,99.990845,33.217915,7.7566
288,113,99.995422,33.343697,7.7540
288,126,99.993896,33.300467,7.7574
288,138,99.992371,33.206045,7.7481
288,151,99.993896,33.150288,7.7526
288,163,99.989319,33.426882,7.7598
288,176,99.993896,33.303376,7.7267
288,188,99.995422,33.399112,7.7351
288,201,99.989319,33.376261,7.7547
288,213,99.989319,33.318366,7.7538
288,226,99.992371,33.272665,7.7536
288,238,99.992371,33.305627,7.7421
288,251,99.987793,33.284070,7.7465
288,263,99.989319,33.380795,7.7377
288,276,99.992371,33.367017,7.7452
288,288,99.992371,33.328733,7.7278
312,1,99.990845,33.419642,7.7268
312,15,99.992371,33.496821,7.7393
312,28,99.990845,33.383943,7.7618
312,42,99.992371,33.319557,7.7564
312,55,99.984741,33.283153,7.7647
312,69,99.981689,33.373687,7.7535
312,82,99.993896,33.404506,7.7606
312,96,99.996948,33.259263,7.7592
312,109,99.989319,33.337102,7.7590
312,123,99.986267,33.381551,7.7539
312,136,99.993896,33.428724,7.7517
312,150,99.992371,33.403921,7.7423
312,163,99.992371,33.232784,7.7510
312,177,99.995422,33.409981,7.7428
312,190,99.993896,33.346874,7.7528
312,204,99.995422,33.280264,7.7643
312,217,99.987793,33.424739,7.7620
312,231,99.986267,33.385527,7.7473
312,244,99.992371,33.377336,7.7397
312,258,99.990845,33.364454,7.7464
312,271,99.987793,33.398055,7.7429
312,285,99.989319,33.260949,7.7521
312,298,99.992371,33.324345,7.7529
312,312,99.990845,33.262706,7.7514
336,1,99.989319,33.236327,7.7705
336,16,99.990845,33.408305,7.7396
336,30,99.990845,33.360759,7.7426
336,45,99.984741,33.362747,7.7459
336,59,99.984741,33.344249,7.7440
336,74,99.990845,33.307662,7.7553
336,88,99.995422,33.216087,7.7527
336,103,99.984741,33.309040,7.7526
336,118,99.993896,33.378804,7.7430
336,132,99.993896,33.056882,7.7763
336,147,99.987793,33.252039,7.7597
336,161,99.992371,33.430484,7.7347
336,176,99.990845,33.355806,7.7372
336,190,99.992371,33.323882,7.7377
336,205,99.993896,33.375346,7.7614
336,219,99.984741,33.403862,7.7338
336,234,99.995422,33.417863,7.7384
336,249,99.986267,33.459085,7.7400
336,263,99.981689,33.358157,7.7659
336,278,99.990845,33.244632,7.7582
336,292,99.990845,33.325035,7.7469
336,307,99.987793,33.147798,7.7721
336,321,99.989319,33.263668,7.7681
336,336,99.990845,33.415691,7.7571
360,1,99.989319,33.377731,7.7496
360,17,99.990845,33.238973,7.7663
360,32,99.989319,33.387793,7.7472
360,48,99.989319,33.326218,7.7521
360,63,99.984741,33.323208,7.7450
360,79,99.980164,33.342061,7.7433
360,95,99.984741,33.181814,7.7550
360,110,99.993896,33.302380,7.7464
360,126,99.993896,33.382179,7.7507
360,141,99.993896,33.310760,7.7522
360,157,99.992371,33.388953,7.7396
360,173,99.992371,33.248743,7.7690
360,188,99.990845,33.329090,7.7324
360,204,99.992371,33.305002,7.7439
360,220,99.993896,33.284728,7.7616
360,235,99.984741,33.310525,7.7572
360,251,99.986267,33.222120,7.7534
360,266,99.992371,33.390968,7.7375
360,282,99.989319,33.258150,7.7431
360,298,99.990845,33.270382,7.7710
360,313,99.983215,33.455843,7.7486
360,329,99.986267,33.300790,7.7540
360,344,99.990845,33.174239,7.7526
360,360,99.989319,33.242129,7.7323
384,1,99.987793,33.252175,7.7411
384,18,99.989319,33.177651,7.7560
384,34,99.989319,33.387791,7.7325
384,51,99.983215,33.224320,7.7457
384,68,99.989319,33.259310,7.7560
384,84,99.989319,33.270383,7.7462
384,101,99.984741,33.334100,7.7375
384,118,99.993896,33.248652,7.7469
384,134,99.992371,33.431446,7.7512
384,151,99.981689,33.468960,7.7303
384,168,99.990845,33.177831,7.7634
384,184,99.989319,33.235870,7.7478
384,201,99.990845,33.113468,7.7580
384,217,99.990845,33.180870,7.7568
384,234,99.992371,33.215394,7.7550
384,251,99.983215,33.226056,7.7546
384,267,99.981689,33.312966,7.7571
384,284,99.995422,33.271209,7.7366
384,301,99.974060,33.303366,7.7548
384,317,99.978638,33.110049,7.7593
384,334,99.989319,33.288920,7.7379
384,351,99.986267,33.176963,7.7653
384,367,99.987793,33.371431,7.7293
384,384,99.989319,33.318305,7.7331
