image,volume,K,num_pixels,psnr_plain_cipher_db,psnr_plain_wrongkey_db,psnr_roundtrip_db
4.1.01,misc,24,65536,7.2149,7.3719,Inf
4.1.02,misc,24,65536,6.1989,6.3466,Inf
4.1.03,misc,24,65536,10.0050,9.8931,Inf
4.1.04,misc,24,65536,8.8422,8.8538,Inf
4.1.05,misc,24,65536,8.8945,8.9437,Inf
4.1.06,misc,24,65536,8.0975,8.2248,Inf
4.1.07,misc,24,65536,8.4692,8.6305,Inf
4.1.08,misc,24,65536,8.6414,8.7057,Inf
4.2.01,misc,24,262144,7.5846,7.7099,Inf
4.2.03,misc,24,262144,8.7762,8.8153,Inf
4.2.05,misc,24,262144,7.8191,8.0609,Inf
4.2.06,misc,24,262144,8.1852,8.1638,Inf
4.2.07,misc,24,262144,8.0336,8.1425,Inf
house,misc,24,262144,8.4629,8.5326,Inf
2.1.01,aerials,24,262144,9.4394,9.4333,Inf
2.1.02,aerials,24,262144,8.8906,8.8792,Inf
2.1.03,aerials,24,262144,8.3928,8.3153,Inf
2.1.04,aerials,24,262144,9.4500,9.3242,Inf
2.1.05,aerials,24,262144,9.0024,9.0027,Inf
2.1.06,aerials,24,262144,9.2683,9.2509,Inf
2.1.07,aerials,24,262144,8.7538,8.8815,Inf
2.1.08,aerials,24,262144,8.5608,8.5271,Inf
2.1.09,aerials,24,262144,8.7201,8.7955,Inf
2.1.10,aerials,24,262144,8.7533,8.7230,Inf
2.1.11,aerials,24,262144,9.3167,9.3715,Inf
2.1.12,aerials,24,262144,8.4816,8.5500,Inf
2.2.01,aerials,24,1048576,8.5316,8.5230,Inf
2.2.02,aerials,24,1048576,8.6685,8.8163,Inf
2.2.03,aerials,24,1048576,8.3029,8.4849,Inf
2.2.04,aerials,24,1048576,8.5963,8.6667,Inf
2.2.05,aerials,24,1048576,9.3825,9.4296,Inf
2.2.06,aerials,24,1048576,8.7907,8.9087,Inf
2.2.07,aerials,24,1048576,8.4158,8.5997,Inf
2.2.08,aerials,24,1048576,8.4868,8.5899,Inf
2.2.09,aerials,24,1048576,8.6805,8.8165,Inf
2.2.10,aerials,24,1048576,8.7135,8.8169,Inf
2.2.11,aerials,24,1048576,9.1506,9.2103,Inf
2.2.12,aerials,24,1048576,9.4425,9.4427,Inf
2.2.13,aerials,24,1048576,9.1842,9.2083,Inf
2.2.14,aerials,24,1048576,9.5406,9.5075,Inf
2.2.15,aerials,24,1048576,9.1088,9.3081,Inf
2.2.16,aerials,24,1048576,9.6224,9.5513,Inf
2.2.17,aerials,24,1048576,9.3659,9.3542,Inf
2.2.18,aerials,24,1048576,9.3210,9.2153,Inf
2.2.19,aerials,24,1048576,8.9635,9.0955,Inf
2.2.20,aerials,24,1048576,9.3525,9.3413,Inf
2.2.21,aerials,24,1048576,8.6636,8.6824,Inf
2.2.22,aerials,24,1048576,8.5899,8.7567,Inf
2.2.23,aerials,24,1048576,8.7594,8.8626,Inf
2.2.24,aerials,24,1048576,9.2397,9.2628,Inf
wash-ir,aerials,24,5062500,8.4721,8.5656,Inf
4.1.01,misc,48,65536,7.2938,7.2743,Inf
4.1.02,misc,48,65536,6.2610,6.2373,Inf
4.1.03,misc,48,65536,9.9528,9.9415,Inf
4.1.04,misc,48,65536,8.8370,8.8181,Inf
4.1.05,misc,48,65536,8.8984,8.9135,Inf
4.1.06,misc,48,65536,8.1599,8.1399,Inf
4.1.07,misc,48,65536,8.5685,8.5871,Inf
4.1.08,misc,48,65536,8.6492,8.6416,Inf
4.2.01,misc,48,262144,7.6307,7.6277,Inf
4.2.03,misc,48,262144,8.7662,8.7761,Inf
4.2.05,misc,48,262144,7.9878,7.9761,Inf
4.2.06,misc,48,262144,8.0768,8.0810,Inf
4.2.07,misc,48,262144,8.0809,8.0676,Inf
house,misc,48,262144,8.4840,8.4596,Inf
2.1.01,aerials,48,262144,9.4137,9.4146,Inf
2.1.02,aerials,48,262144,8.8495,8.8421,Inf
2.1.03,aerials,48,262144,8.3571,8.3524,Inf
2.1.04,aerials,48,262144,9.3721,9.3733,Inf
2.1.05,aerials,48,262144,8.9796,8.9821,Inf
2.1.06,aerials,48,262144,9.2212,9.2244,Inf
2.1.07,aerials,48,262144,8.7778,8.7796,Inf
2.1.08,aerials,48,262144,8.4132,8.4222,Inf
2.1.09,aerials,48,262144,8.6915,8.6876,Inf
2.1.10,aerials,48,262144,8.6456,8.6451,Inf
2.1.11,aerials,48,262144,9.3556,9.3557,Inf
2.1.12,aerials,48,262144,8.4424,8.4461,Inf
2.2.01,aerials,48,1048576,8.4886,8.4901,Inf
2.2.02,aerials,48,1048576,8.7119,8.7126,Inf
2.2.03,aerials,48,1048576,8.3796,8.3767,Inf
2.2.04,aerials,48,1048576,8.5833,8.5862,Inf
2.2.05,aerials,48,1048576,9.4198,9.4146,Inf
2.2.06,aerials,48,1048576,8.7903,8.7899,Inf
2.2.07,aerials,48,1048576,8.4927,8.4942,Inf
2.2.08,aerials,48,1048576,8.5466,8.5465,Inf
2.2.09,aerials,48,1048576,8.7074,8.7076,Inf
2.2.10,aerials,48,1048576,8.7076,8.7107,Inf
2.2.11,aerials,48,1048576,9.1638,9.1595,Inf
2.2.12,aerials,48,1048576,9.4403,9.4415,Inf
2.2.13,aerials,48,1048576,9.2114,9.2143,Inf
2.2.14,aerials,48,1048576,9.5492,9.5504,Inf
2.2.15,aerials,48,1048576,9.2720,9.2702,Inf
2.2.16,aerials,48,1048576,9.6101,9.6073,Inf
2.2.17,aerials,48,1048576,9.3510,9.3536,Inf
2.2.18,aerials,48,1048576,9.1855,9.1843,Inf
2.2.19,aerials,48,1048576,9.0229,9.0193,Inf
2.2.20,aerials,48,1048576,9.3548,9.3512,Inf
2.2.21,aerials,48,1048576,8.5997,8.6014,Inf
2.2.22,aerials,48,1048576,8.6515,8.6554,Inf
2.2.23,aerials,48,1048576,8.7526,8.7490,Inf
2.2.24,aerials,48,1048576,9.2739,9.2771,Inf
wash-ir,aerials,48,5062500,8.5178,8.5178,Inf
4.1.01,misc,72,65536,7.2892,7.2853,Inf
4.1.02,misc,72,65536,6.2567,6.2474,Inf
4.1.03,misc,72,65536,9.9492,9.9522,Inf
4.1.04,misc,72,65536,8.8399,8.8444,Inf
4.1.05,misc,72,65536,8.9269,8.9198,Inf
4.1.06,misc,72,65536,8.1597,8.1587,Inf
4.1.07,misc,72,65536,8.5952,8.5838,Inf
4.1.08,misc,72,65536,8.6439,8.6384,Inf
4.2.01,misc,72,262144,7.6255,7.6275,Inf
4.2.03,misc,72,262144,8.7853,8.7744,Inf
4.2.05,misc,72,262144,7.9784,7.9818,Inf
4.2.06,misc,72,262144,8.0938,8.0825,Inf
4.2.07,misc,72,262144,8.0803,8.0772,Inf
house,misc,72,262144,8.4764,8.4780,Inf
2.1.01,aerials,72,262144,9.4101,9.4214,Inf
2.1.02,aerials,72,262144,8.8486,8.8520,Inf
2.1.03,aerials,72,262144,8.3686,8.3625,Inf
2.1.04,aerials,72,262144,9.3752,9.3804,Inf
2.1.05,aerials,72,262144,8.9814,8.9768,Inf
2.1.06,aerials,72,262144,9.2288,9.2273,Inf
2.1.07,aerials,72,262144,8.7811,8.7857,Inf
2.1.08,aerials,72,262144,8.4186,8.4280,Inf
2.1.09,aerials,72,262144,8.6846,8.6902,Inf
2.1.10,aerials,72,262144,8.6484,8.6531,Inf
2.1.11,aerials,72,262144,9.3523,9.3662,Inf
2.1.12,aerials,72,262144,8.4548,8.4471,Inf
2.2.01,aerials,72,1048576,8.4817,8.4868,Inf
2.2.02,aerials,72,1048576,8.7123,8.7098,Inf
2.2.03,aerials,72,1048576,8.3741,8.3755,Inf
2.2.04,aerials,72,1048576,8.5838,8.5823,Inf
2.2.05,aerials,72,1048576,9.4185,9.4153,Inf
2.2.06,aerials,72,1048576,8.7884,8.7860,Inf
2.2.07,aerials,72,1048576,8.4971,8.4933,Inf
2.2.08,aerials,72,1048576,8.5455,8.5496,Inf
2.2.09,aerials,72,1048576,8.7102,8.7089,Inf
2.2.10,aerials,72,1048576,8.7105,8.7070,Inf
2.2.11,aerials,72,1048576,9.1593,9.1597,Inf
2.2.12,aerials,72,1048576,9.4403,9.4392,Inf
2.2.13,aerials,72,1048576,9.2057,9.2155,Inf
2.2.14,aerials,72,1048576,9.5453,9.5492,Inf
2.2.15,aerials,72,1048576,9.2694,9.2694,Inf
2.2.16,aerials,72,1048576,9.6088,9.6082,Inf
2.2.17,aerials,72,1048576,9.3520,9.3529,Inf
2.2.18,aerials,72,1048576,9.1846,9.1843,Inf
2.2.19,aerials,72,1048576,9.0182,9.0174,Inf
2.2.20,aerials,72,1048576,9.3538,9.3535,Inf
2.2.21,aerials,72,1048576,8.6020,8.6030,Inf
2.2.22,aerials,72,1048576,8.6498,8.6546,Inf
2.2.23,aerials,72,1048576,8.7462,8.7465,Inf
2.2.24,aerials,72,1048576,9.2764,9.2779,Inf
wash-ir,aerials,72,5062500,8.5152,8.5182,Inf
4.1.01,misc,96,65536,7.2762,7.2877,Inf
4.1.02,misc,96,65536,6.2519,6.2498,Inf
4.1.03,misc,96,65536,9.9528,9.9404,Inf
4.1.04,misc,96,65536,8.8287,8.8435,Inf
4.1.05,misc,96,65536,8.9107,8.9118,Inf
4.1.06,misc,96,65536,8.1672,8.1669,Inf
4.1.07,misc,96,65536,8.5972,8.5932,Inf
4.1.08,misc,96,65536,8.6353,8.6380,Inf
4.2.01,misc,96,262144,7.6242,7.6262,Inf
4.2.03,misc,96,262144,8.7667,8.7767,Inf
4.2.05,misc,96,262144,7.9833,7.9840,Inf
4.2.06,misc,96,262144,8.0846,8.0869,Inf
4.2.07,misc,96,262144,8.0677,8.0786,Inf
house,misc,96,262144,8.4802,8.4740,Inf
2.1.01,aerials,96,262144,9.4017,9.4181,Inf
2.1.02,aerials,96,262144,8.8436,8.8520,Inf
2.1.03,aerials,96,262144,8.3693,8.3593,Inf
2.1.04,aerials,96,262144,9.3811,9.3784,Inf
2.1.05,aerials,96,262144,8.9785,8.9787,Inf
2.1.06,aerials,96,262144,9.2323,9.2279,Inf
2.1.07,aerials,96,262144,8.7768,8.7746,Inf
2.1.08,aerials,96,262144,8.4207,8.4236,Inf
2.1.09,aerials,96,262144,8.6826,8.6907,Inf
2.1.10,aerials,96,262144,8.6513,8.6455,Inf
2.1.11,aerials,96,262144,9.3720,9.3641,Inf
2.1.12,aerials,96,262144,8.4489,8.4451,Inf
2.2.01,aerials,96,1048576,8.4859,8.4887,Inf
2.2.02,aerials,96,1048576,8.7070,8.7172,Inf
2.2.03,aerials,96,1048576,8.3738,8.3798,Inf
2.2.04,aerials,96,1048576,8.5855,8.5855,Inf
2.2.05,aerials,96,1048576,9.4128,9.4173,Inf
2.2.06,aerials,96,1048576,8.7860,8.7912,Inf
2.2.07,aerials,96,1048576,8.4949,8.4957,Inf
2.2.08,aerials,96,1048576,8.5440,8.5499,Inf
2.2.09,aerials,96,1048576,8.7128,8.7125,Inf
2.2.10,aerials,96,1048576,8.7123,8.7118,Inf
2.2.11,aerials,96,1048576,9.1598,9.1607,Inf
2.2.12,aerials,96,1048576,9.4419,9.4439,Inf
2.2.13,aerials,96,1048576,9.2084,9.2091,Inf
2.2.14,aerials,96,1048576,9.5450,9.5497,Inf
2.2.15,aerials,96,1048576,9.2728,9.2746,Inf
2.2.16,aerials,96,1048576,9.6081,9.6095,Inf
2.2.17,aerials,96,1048576,9.3533,9.3552,Inf
2.2.18,aerials,96,1048576,9.1859,9.1879,Inf
2.2.19,aerials,96,1048576,9.0225,9.0237,Inf
2.2.20,aerials,96,1048576,9.3531,9.3539,Inf
2.2.21,aerials,96,1048576,8.6014,8.6077,Inf
2.2.22,aerials,96,1048576,8.6534,8.6605,Inf
2.2.23,aerials,96,1048576,8.7484,8.7527,Inf
2.2.24,aerials,96,1048576,9.2756,9.2773,Inf
wash-ir,aerials,96,5062500,8.5169,8.5171,Inf
4.1.01,misc,120,65536,7.2765,7.2878,Inf
4.1.02,misc,120,65536,6.2377,6.2448,Inf
4.1.03,misc,120,65536,9.9472,9.9483,Inf
4.1.04,misc,120,65536,8.8371,8.8318,Inf
4.1.05,misc,120,65536,8.8776,8.9101,Inf
4.1.06,misc,120,65536,8.1507,8.1586,Inf
4.1.07,misc,120,65536,8.5981,8.5804,Inf
4.1.08,misc,120,65536,8.6499,8.6402,Inf
4.2.01,misc,120,262144,7.6344,7.6299,Inf
4.2.03,misc,120,262144,8.7870,8.7760,Inf
4.2.05,misc,120,262144,7.9805,7.9770,Inf
4.2.06,misc,120,262144,8.0872,8.0841,Inf
4.2.07,misc,120,262144,8.0782,8.0734,Inf
house,misc,120,262144,8.4842,8.4742,Inf
2.1.01,aerials,120,262144,9.4144,9.4170,Inf
2.1.02,aerials,120,262144,8.8431,8.8485,Inf
2.1.03,aerials,120,262144,8.3529,8.3632,Inf
2.1.04,aerials,120,262144,9.3830,9.3849,Inf
2.1.05,aerials,120,262144,8.9817,8.9737,Inf
2.1.06,aerials,120,262144,9.2250,9.2235,Inf
2.1.07,aerials,120,262144,8.7791,8.7760,Inf
2.1.08,aerials,120,262144,8.4258,8.4076,Inf
2.1.09,aerials,120,262144,8.6895,8.6835,Inf
2.1.10,aerials,120,262144,8.6543,8.6457,Inf
2.1.11,aerials,120,262144,9.3626,9.3607,Inf
2.1.12,aerials,120,262144,8.4457,8.4407,Inf
2.2.01,aerials,120,1048576,8.4831,8.4835,Inf
2.2.02,aerials,120,1048576,8.7143,8.7066,Inf
2.2.03,aerials,120,1048576,8.3729,8.3685,Inf
2.2.04,aerials,120,1048576,8.5890,8.5785,Inf
2.2.05,aerials,120,1048576,9.4145,9.4139,Inf
2.2.06,aerials,120,1048576,8.7913,8.7837,Inf
2.2.07,aerials,120,1048576,8.4941,8.4868,Inf
2.2.08,aerials,120,1048576,8.5463,8.5465,Inf
2.2.09,aerials,120,1048576,8.7126,8.7050,Inf
2.2.10,aerials,120,1048576,8.7115,8.7051,Inf
2.2.11,aerials,120,1048576,9.1568,9.1582,Inf
2.2.12,aerials,120,1048576,9.4372,9.4358,Inf
2.2.13,aerials,120,1048576,9.2089,9.2084,Inf
2.2.14,aerials,120,1048576,9.5445,9.5411,Inf
2.2.15,aerials,120,1048576,9.2695,9.2669,Inf
2.2.16,aerials,120,1048576,9.6078,9.6065,Inf
2.2.17,aerials,120,1048576,9.3568,9.3526,Inf
2.2.18,aerials,120,1048576,9.1842,9.1822,Inf
2.2.19,aerials,120,1048576,9.0201,9.0148,Inf
2.2.20,aerials,120,1048576,9.3541,9.3502,Inf
2.2.21,aerials,120,1048576,8.6028,8.5951,Inf
2.2.22,aerials,120,1048576,8.6603,8.6526,Inf
2.2.23,aerials,120,1048576,8.7514,8.7440,Inf
2.2.24,aerials,120,1048576,9.2752,9.2747,Inf
wash-ir,aerials,120,5062500,8.5194,8.5160,Inf
4.1.01,misc,144,65536,7.2889,7.2603,Inf
4.1.02,misc,144,65536,6.2367,6.2426,Inf
4.1.03,misc,144,65536,9.9458,9.9515,Inf
4.1.04,misc,144,65536,8.8331,8.8260,Inf
4.1.05,misc,144,65536,8.8958,8.8865,Inf
4.1.06,misc,144,65536,8.1610,8.1464,Inf
4.1.07,misc,144,65536,8.5720,8.5649,Inf
4.1.08,misc,144,65536,8.6318,8.6244,Inf
4.2.01,misc,144,262144,7.6231,7.6269,Inf
4.2.03,misc,144,262144,8.7799,8.7650,Inf
4.2.05,misc,144,262144,7.9896,7.9704,Inf
4.2.06,misc,144,262144,8.0845,8.0701,Inf
4.2.07,misc,144,262144,8.0815,8.0662,Inf
house,misc,144,262144,8.4728,8.4663,Inf
2.1.01,aerials,144,262144,9.4138,9.4157,Inf
2.1.02,aerials,144,262144,8.8439,8.8436,Inf
2.1.03,aerials,144,262144,8.3580,8.3598,Inf
2.1.04,aerials,144,262144,9.3764,9.3678,Inf
2.1.05,aerials,144,262144,8.9717,8.9679,Inf
2.1.06,aerials,144,262144,9.2249,9.2199,Inf
2.1.07,aerials,144,262144,8.7916,8.7672,Inf
2.1.08,aerials,144,262144,8.4294,8.4110,Inf
2.1.09,aerials,144,262144,8.6935,8.6778,Inf
2.1.10,aerials,144,262144,8.6453,8.6372,Inf
2.1.11,aerials,144,262144,9.3530,9.3499,Inf
2.1.12,aerials,144,262144,8.4497,8.4356,Inf
2.2.01,aerials,144,1048576,8.4849,8.4853,Inf
2.2.02,aerials,144,1048576,8.7125,8.7068,Inf
2.2.03,aerials,144,1048576,8.3777,8.3717,Inf
2.2.04,aerials,144,1048576,8.5784,8.5801,Inf
2.2.05,aerials,144,1048576,9.4132,9.4119,Inf
2.2.06,aerials,144,1048576,8.7899,8.7874,Inf
2.2.07,aerials,144,1048576,8.4944,8.4904,Inf
2.2.08,aerials,144,1048576,8.5462,8.5453,Inf
2.2.09,aerials,144,1048576,8.7081,8.7072,Inf
2.2.10,aerials,144,1048576,8.7076,8.7072,Inf
2.2.11,aerials,144,1048576,9.1562,9.1584,Inf
2.2.12,aerials,144,1048576,9.4372,9.4357,Inf
2.2.13,aerials,144,1048576,9.2087,9.2023,Inf
2.2.14,aerials,144,1048576,9.5482,9.5452,Inf
2.2.15,aerials,144,1048576,9.2740,9.2692,Inf
2.2.16,aerials,144,1048576,9.6112,9.6033,Inf
2.2.17,aerials,144,1048576,9.3552,9.3493,Inf
2.2.18,aerials,144,1048576,9.1797,9.1799,Inf
2.2.19,aerials,144,1048576,9.0186,9.0169,Inf
2.2.20,aerials,144,1048576,9.3562,9.3507,Inf
2.2.21,aerials,144,1048576,8.6023,8.6011,Inf
2.2.22,aerials,144,1048576,8.6584,8.6549,Inf
2.2.23,aerials,144,1048576,8.7473,8.7469,Inf
2.2.24,aerials,144,1048576,9.2699,9.2750,Inf
wash-ir,aerials,144,5062500,8.5155,8.5181,Inf
4.1.01,misc,168,65536,7.2885,7.2851,Inf
4.1.02,misc,168,65536,6.2364,6.2452,Inf
4.1.03,misc,168,65536,9.9472,9.9385,Inf
4.1.04,misc,168,65536,8.8409,8.8231,Inf
4.1.05,misc,168,65536,8.9017,8.8988,Inf
4.1.06,misc,168,65536,8.1583,8.1527,Inf
4.1.07,misc,168,65536,8.5824,8.5857,Inf
4.1.08,misc,168,65536,8.6346,8.6347,Inf
4.2.01,misc,168,262144,7.6263,7.6264,Inf
4.2.03,misc,168,262144,8.7781,8.7709,Inf
4.2.05,misc,168,262144,7.9655,7.9758,Inf
4.2.06,misc,168,262144,8.0711,8.0815,Inf
4.2.07,misc,168,262144,8.0716,8.0705,Inf
house,misc,168,262144,8.4655,8.4692,Inf
2.1.01,aerials,168,262144,9.4086,9.4135,Inf
2.1.02,aerials,168,262144,8.8487,8.8368,Inf
2.1.03,aerials,168,262144,8.3542,8.3477,Inf
2.1.04,aerials,168,262144,9.3630,9.3685,Inf
2.1.05,aerials,168,262144,8.9723,8.9692,Inf
2.1.06,aerials,168,262144,9.2323,9.2238,Inf
2.1.07,aerials,168,262144,8.7772,8.7803,Inf
2.1.08,aerials,168,262144,8.4240,8.4201,Inf
2.1.09,aerials,168,262144,8.6942,8.6902,Inf
2.1.10,aerials,168,262144,8.6333,8.6484,Inf
2.1.11,aerials,168,262144,9.3658,9.3542,Inf
2.1.12,aerials,168,262144,8.4546,8.4499,Inf
2.2.01,aerials,168,1048576,8.4828,8.4842,Inf
2.2.02,aerials,168,1048576,8.7117,8.7132,Inf
2.2.03,aerials,168,1048576,8.3747,8.3778,Inf
2.2.04,aerials,168,1048576,8.5824,8.5863,Inf
2.2.05,aerials,168,1048576,9.4112,9.4133,Inf
2.2.06,aerials,168,1048576,8.7909,8.7892,Inf
2.2.07,aerials,168,1048576,8.4905,8.4953,Inf
2.2.08,aerials,168,1048576,8.5450,8.5424,Inf
2.2.09,aerials,168,1048576,8.7099,8.7090,Inf
2.2.10,aerials,168,1048576,8.7111,8.7115,Inf
2.2.11,aerials,168,1048576,9.1593,9.1616,Inf
2.2.12,aerials,168,1048576,9.4437,9.4369,Inf
2.2.13,aerials,168,1048576,9.2082,9.2040,Inf
2.2.14,aerials,168,1048576,9.5486,9.5485,Inf
2.2.15,aerials,168,1048576,9.2731,9.2709,Inf
2.2.16,aerials,168,1048576,9.6043,9.6053,Inf
2.2.17,aerials,168,1048576,9.3553,9.3518,Inf
2.2.18,aerials,168,1048576,9.1866,9.1860,Inf
2.2.19,aerials,168,1048576,9.0239,9.0198,Inf
2.2.20,aerials,168,1048576,9.3551,9.3513,Inf
2.2.21,aerials,168,1048576,8.5966,8.6022,Inf
2.2.22,aerials,168,1048576,8.6577,8.6566,Inf
2.2.23,aerials,168,1048576,8.7432,8.7469,Inf
2.2.24,aerials,168,1048576,9.2794,9.2730,Inf
wash-ir,aerials,168,5062500,8.5167,8.5162,Inf
4.1.01,misc,192,65536,7.2961,7.2854,Inf
4.1.02,misc,192,65536,6.2497,6.2429,Inf
4.1.03,misc,192,65536,9.9321,9.9547,Inf
4.1.04,misc,192,65536,8.8191,8.8304,Inf
4.1.05,misc,192,65536,8.9191,8.9108,Inf
4.1.06,misc,192,65536,8.1720,8.1647,Inf
4.1.07,misc,192,65536,8.5893,8.5756,Inf
4.1.08,misc,192,65536,8.6457,8.6320,Inf
4.2.01,misc,192,262144,7.6286,7.6281,Inf
4.2.03,misc,192,262144,8.7716,8.7728,Inf
4.2.05,misc,192,262144,7.9837,7.9783,Inf
4.2.06,misc,192,262144,8.0815,8.0809,Inf
4.2.07,misc,192,262144,8.0828,8.0783,Inf
house,misc,192,262144,8.4692,8.4749,Inf
2.1.01,aerials,192,262144,9.4145,9.4169,Inf
2.1.02,aerials,192,262144,8.8446,8.8359,Inf
2.1.03,aerials,192,262144,8.3701,8.3506,Inf
2.1.04,aerials,192,262144,9.3810,9.3748,Inf
2.1.05,aerials,192,262144,8.9757,8.9747,Inf
2.1.06,aerials,192,262144,9.2241,9.2280,Inf
2.1.07,aerials,192,262144,8.7806,8.7787,Inf
2.1.08,aerials,192,262144,8.4264,8.4232,Inf
2.1.09,aerials,192,262144,8.6906,8.6806,Inf
2.1.10,aerials,192,262144,8.6406,8.6464,Inf
2.1.11,aerials,192,262144,9.3617,9.3566,Inf
2.1.12,aerials,192,262144,8.4420,8.4499,Inf
2.2.01,aerials,192,1048576,8.4854,8.4872,Inf
2.2.02,aerials,192,1048576,8.7129,8.7136,Inf
2.2.03,aerials,192,1048576,8.3752,8.3747,Inf
2.2.04,aerials,192,1048576,8.5808,8.5860,Inf
2.2.05,aerials,192,1048576,9.4182,9.4158,Inf
2.2.06,aerials,192,1048576,8.7847,8.7899,Inf
2.2.07,aerials,192,1048576,8.4906,8.4958,Inf
2.2.08,aerials,192,1048576,8.5462,8.5482,Inf
2.2.09,aerials,192,1048576,8.7114,8.7080,Inf
2.2.10,aerials,192,1048576,8.7070,8.7079,Inf
2.2.11,aerials,192,1048576,9.1621,9.1608,Inf
2.2.12,aerials,192,1048576,9.4387,9.4417,Inf
2.2.13,aerials,192,1048576,9.2116,9.2112,Inf
2.2.14,aerials,192,1048576,9.5440,9.5494,Inf
2.2.15,aerials,192,1048576,9.2723,9.2724,Inf
2.2.16,aerials,192,1048576,9.6062,9.6108,Inf
2.2.17,aerials,192,1048576,9.3568,9.3551,Inf
2.2.18,aerials,192,1048576,9.1844,9.1874,Inf
2.2.19,aerials,192,1048576,9.0192,9.0218,Inf
2.2.20,aerials,192,1048576,9.3538,9.3542,Inf
2.2.21,aerials,192,1048576,8.6024,8.6039,Inf
2.2.22,aerials,192,1048576,8.6573,8.6544,Inf
2.2.23,aerials,192,1048576,8.7436,8.7480,Inf
2.2.24,aerials,192,1048576,9.2746,9.2764,Inf
wash-ir,aerials,192,5062500,8.5179,8.5161,Inf
4.1.01,misc,216,65536,7.3043,7.2986,Inf
4.1.02,misc,216,65536,6.2440,6.2523,Inf
4.1.03,misc,216,65536,9.9452,9.9572,Inf
4.1.04,misc,216,65536,8.8329,8.8416,Inf
4.1.05,misc,216,65536,8.9156,8.9222,Inf
4.1.06,misc,216,65536,8.1688,8.1760,Inf
4.1.07,misc,216,65536,8.6019,8.5993,Inf
4.1.08,misc,216,65536,8.6315,8.6574,Inf
4.2.01,misc,216,262144,7.6347,7.6410,Inf
4.2.03,misc,216,262144,8.7737,8.7805,Inf
4.2.05,misc,216,262144,7.9749,7.9804,Inf
4.2.06,misc,216,262144,8.0828,8.0865,Inf
4.2.07,misc,216,262144,8.0735,8.0786,Inf
house,misc,216,262144,8.4701,8.4818,Inf
2.1.01,aerials,216,262144,9.4134,9.4241,Inf
2.1.02,aerials,216,262144,8.8424,8.8509,Inf
2.1.03,aerials,216,262144,8.3535,8.3671,Inf
2.1.04,aerials,216,262144,9.3715,9.3876,Inf
2.1.05,aerials,216,262144,8.9706,8.9805,Inf
2.1.06,aerials,216,262144,9.2249,9.2383,Inf
2.1.07,aerials,216,262144,8.7726,8.7811,Inf
2.1.08,aerials,216,262144,8.4200,8.4255,Inf
2.1.09,aerials,216,262144,8.6915,8.6892,Inf
2.1.10,aerials,216,262144,8.6450,8.6554,Inf
2.1.11,aerials,216,262144,9.3524,9.3607,Inf
2.1.12,aerials,216,262144,8.4543,8.4466,Inf
2.2.01,aerials,216,1048576,8.4857,8.4895,Inf
2.2.02,aerials,216,1048576,8.7146,8.7138,Inf
2.2.03,aerials,216,1048576,8.3776,8.3781,Inf
2.2.04,aerials,216,1048576,8.5846,8.5842,Inf
2.2.05,aerials,216,1048576,9.4104,9.4226,Inf
2.2.06,aerials,216,1048576,8.7926,8.7907,Inf
2.2.07,aerials,216,1048576,8.5000,8.4958,Inf
2.2.08,aerials,216,1048576,8.5455,8.5496,Inf
2.2.09,aerials,216,1048576,8.7074,8.7124,Inf
2.2.10,aerials,216,1048576,8.7030,8.7116,Inf
2.2.11,aerials,216,1048576,9.1563,9.1630,Inf
2.2.12,aerials,216,1048576,9.4412,9.4422,Inf
2.2.13,aerials,216,1048576,9.2087,9.2108,Inf
2.2.14,aerials,216,1048576,9.5464,9.5509,Inf
2.2.15,aerials,216,1048576,9.2722,9.2724,Inf
2.2.16,aerials,216,1048576,9.6124,9.6114,Inf
2.2.17,aerials,216,1048576,9.3521,9.3550,Inf
2.2.18,aerials,216,1048576,9.1843,9.1872,Inf
2.2.19,aerials,216,1048576,9.0185,9.0217,Inf
2.2.20,aerials,216,1048576,9.3529,9.3597,Inf
2.2.21,aerials,216,1048576,8.6021,8.6039,Inf
2.2.22,aerials,216,1048576,8.6518,8.6574,Inf
2.2.23,aerials,216,1048576,8.7485,8.7507,Inf
2.2.24,aerials,216,1048576,9.2777,9.2800,Inf
wash-ir,aerials,216,5062500,8.5150,8.5180,Inf
4.1.01,misc,240,65536,7.2921,7.3107,Inf
4.1.02,misc,240,65536,6.2365,6.2612,Inf
4.1.03,misc,240,65536,9.9446,9.9623,Inf
4.1.04,misc,240,65536,8.8217,8.8441,Inf
4.1.05,misc,240,65536,8.9289,8.9254,Inf
4.1.06,misc,240,65536,8.1642,8.1674,Inf
4.1.07,misc,240,65536,8.5944,8.6039,Inf
4.1.08,misc,240,65536,8.6284,8.6554,Inf
4.2.01,misc,240,262144,7.6311,7.6432,Inf
4.2.03,misc,240,262144,8.7730,8.7850,Inf
4.2.05,misc,240,262144,7.9842,7.9884,Inf
4.2.06,misc,240,262144,8.0821,8.0866,Inf
4.2.07,misc,240,262144,8.0797,8.0830,Inf
house,misc,240,262144,8.4739,8.4873,Inf
2.1.01,aerials,240,262144,9.4213,9.4215,Inf
2.1.02,aerials,240,262144,8.8470,8.8406,Inf
2.1.03,aerials,240,262144,8.3454,8.3643,Inf
2.1.04,aerials,240,262144,9.3888,9.3788,Inf
2.1.05,aerials,240,262144,8.9676,8.9817,Inf
2.1.06,aerials,240,262144,9.2263,9.2297,Inf
2.1.07,aerials,240,262144,8.7984,8.7825,Inf
2.1.08,aerials,240,262144,8.4243,8.4261,Inf
2.1.09,aerials,240,262144,8.6880,8.6864,Inf
2.1.10,aerials,240,262144,8.6501,8.6481,Inf
2.1.11,aerials,240,262144,9.3608,9.3691,Inf
2.1.12,aerials,240,262144,8.4457,8.4505,Inf
2.2.01,aerials,240,1048576,8.4803,8.4884,Inf
2.2.02,aerials,240,1048576,8.7068,8.7146,Inf
2.2.03,aerials,240,1048576,8.3785,8.3773,Inf
2.2.04,aerials,240,1048576,8.5826,8.5875,Inf
2.2.05,aerials,240,1048576,9.4185,9.4159,Inf
2.2.06,aerials,240,1048576,8.7896,8.7907,Inf
2.2.07,aerials,240,1048576,8.4960,8.4961,Inf
2.2.08,aerials,240,1048576,8.5474,8.5482,Inf
2.2.09,aerials,240,1048576,8.7143,8.7115,Inf
2.2.10,aerials,240,1048576,8.7079,8.7098,Inf
2.2.11,aerials,240,1048576,9.1595,9.1585,Inf
2.2.12,aerials,240,1048576,9.4400,9.4424,Inf
2.2.13,aerials,240,1048576,9.2060,9.2114,Inf
2.2.14,aerials,240,1048576,9.5504,9.5512,Inf
2.2.15,aerials,240,1048576,9.2709,9.2725,Inf
2.2.16,aerials,240,1048576,9.6073,9.6091,Inf
2.2.17,aerials,240,1048576,9.3536,9.3538,Inf
2.2.18,aerials,240,1048576,9.1887,9.1859,Inf
2.2.19,aerials,240,1048576,9.0204,9.0212,Inf
2.2.20,aerials,240,1048576,9.3552,9.3563,Inf
2.2.21,aerials,240,1048576,8.6005,8.6026,Inf
2.2.22,aerials,240,1048576,8.6536,8.6580,Inf
2.2.23,aerials,240,1048576,8.7466,8.7521,Inf
2.2.24,aerials,240,1048576,9.2772,9.2769,Inf
wash-ir,aerials,240,5062500,8.5154,8.5167,Inf
4.1.01,misc,264,65536,7.2922,7.3156,Inf
4.1.02,misc,264,65536,6.2542,6.2673,Inf
4.1.03,misc,264,65536,9.9540,9.9558,Inf
4.1.04,misc,264,65536,8.8406,8.8556,Inf
4.1.05,misc,264,65536,8.9076,8.9385,Inf
4.1.06,misc,264,65536,8.1736,8.1802,Inf
4.1.07,misc,264,65536,8.5843,8.6075,Inf
4.1.08,misc,264,65536,8.6275,8.6737,Inf
4.2.01,misc,264,262144,7.6276,7.6252,Inf
4.2.03,misc,264,262144,8.7777,8.7668,Inf
4.2.05,misc,264,262144,7.9777,7.9773,Inf
4.2.06,misc,264,262144,8.0792,8.0763,Inf
4.2.07,misc,264,262144,8.0863,8.0774,Inf
house,misc,264,262144,8.4676,8.4703,Inf
2.1.01,aerials,264,262144,9.4116,9.4071,Inf
2.1.02,aerials,264,262144,8.8472,8.8426,Inf
2.1.03,aerials,264,262144,8.3581,8.3526,Inf
2.1.04,aerials,264,262144,9.3749,9.3689,Inf
2.1.05,aerials,264,262144,8.9734,8.9601,Inf
2.1.06,aerials,264,262144,9.2331,9.2282,Inf
2.1.07,aerials,264,262144,8.7907,8.7701,Inf
2.1.08,aerials,264,262144,8.4212,8.4178,Inf
2.1.09,aerials,264,262144,8.6856,8.6778,Inf
2.1.10,aerials,264,262144,8.6490,8.6404,Inf
2.1.11,aerials,264,262144,9.3628,9.3479,Inf
2.1.12,aerials,264,262144,8.4446,8.4411,Inf
2.2.01,aerials,264,1048576,8.4830,8.4818,Inf
2.2.02,aerials,264,1048576,8.7120,8.7108,Inf
2.2.03,aerials,264,1048576,8.3758,8.3769,Inf
2.2.04,aerials,264,1048576,8.5827,8.5857,Inf
2.2.05,aerials,264,1048576,9.4146,9.4082,Inf
2.2.06,aerials,264,1048576,8.7831,8.7916,Inf
2.2.07,aerials,264,1048576,8.4926,8.4966,Inf
2.2.08,aerials,264,1048576,8.5485,8.5480,Inf
2.2.09,aerials,264,1048576,8.7103,8.7100,Inf
2.2.10,aerials,264,1048576,8.7092,8.7085,Inf
2.2.11,aerials,264,1048576,9.1589,9.1625,Inf
2.2.12,aerials,264,1048576,9.4404,9.4402,Inf
2.2.13,aerials,264,1048576,9.2068,9.2026,Inf
2.2.14,aerials,264,1048576,9.5431,9.5435,Inf
2.2.15,aerials,264,1048576,9.2679,9.2734,Inf
2.2.16,aerials,264,1048576,9.6068,9.6033,Inf
2.2.17,aerials,264,1048576,9.3539,9.3531,Inf
2.2.18,aerials,264,1048576,9.1860,9.1867,Inf
2.2.19,aerials,264,1048576,9.0218,9.0207,Inf
2.2.20,aerials,264,1048576,9.3560,9.3545,Inf
2.2.21,aerials,264,1048576,8.6058,8.6027,Inf
2.2.22,aerials,264,1048576,8.6607,8.6580,Inf
2.2.23,aerials,264,1048576,8.7503,8.7491,Inf
2.2.24,aerials,264,1048576,9.2760,9.2713,Inf
wash-ir,aerials,264,5062500,8.5171,8.5151,Inf
4.1.01,misc,288,65536,7.2543,7.2913,Inf
4.1.02,misc,288,65536,6.2367,6.2510,Inf
4.1.03,misc,288,65536,9.9624,9.9262,Inf
4.1.04,misc,288,65536,8.8251,8.8275,Inf
4.1.05,misc,288,65536,8.9042,8.9190,Inf
4.1.06,misc,288,65536,8.1644,8.1711,Inf
4.1.07,misc,288,65536,8.5910,8.5903,Inf
4.1.08,misc,288,65536,8.6328,8.6498,Inf
4.2.01,misc,288,262144,7.6374,7.6342,Inf
4.2.03,misc,288,262144,8.7575,8.7801,Inf
4.2.05,misc,288,262144,7.9651,7.9881,Inf
4.2.06,misc,288,262144,8.0820,8.0957,Inf
4.2.07,misc,288,262144,8.0756,8.0773,Inf
house,misc,288,262144,8.4705,8.4766,Inf
2.1.01,aerials,288,262144,9.4188,9.4133,Inf
2.1.02,aerials,288,262144,8.8462,8.8423,Inf
2.1.03,aerials,288,262144,8.3577,8.3609,Inf
2.1.04,aerials,288,262144,9.3725,9.3854,Inf
2.1.05,aerials,288,262144,8.9725,8.9808,Inf
2.1.06,aerials,288,262144,9.2211,9.2317,Inf
2.1.07,aerials,288,262144,8.7869,8.7862,Inf
2.1.08,aerials,288,262144,8.4193,8.4295,Inf
2.1.09,aerials,288,262144,8.6966,8.6941,Inf
2.1.10,aerials,288,262144,8.6419,8.6508,Inf
2.1.11,aerials,288,262144,9.3590,9.3589,Inf
2.1.12,aerials,288,262144,8.4478,8.4542,Inf
2.2.01,aerials,288,1048576,8.4844,8.4878,Inf
2.2.02,aerials,288,1048576,8.7119,8.7127,Inf
2.2.03,aerials,288,1048576,8.3800,8.3797,Inf
2.2.04,aerials,288,1048576,8.5805,8.5879,Inf
2.2.05,aerials,288,1048576,9.4126,9.4171,Inf
2.2.06,aerials,288,1048576,8.7945,8.7947,Inf
2.2.07,aerials,288,1048576,8.4898,8.4948,Inf
2.2.08,aerials,288,1048576,8.5438,8.5477,Inf
2.2.09,aerials,288,1048576,8.7134,8.7142,Inf
2.2.10,aerials,288,1048576,8.7081,8.7121,Inf
2.2.11,aerials,288,1048576,9.1579,9.1660,Inf
2.2.12,aerials,288,1048576,9.4401,9.4459,Inf
2.2.13,aerials,288,1048576,9.2095,9.2104,Inf
2.2.14,aerials,288,1048576,9.5476,9.5527,Inf
2.2.15,aerials,288,1048576,9.2726,9.2770,Inf
2.2.16,aerials,288,1048576,9.6089,9.6119,Inf
2.2.17,aerials,288,1048576,9.3515,9.3607,Inf
2.2.18,aerials,288,1048576,9.1873,9.1900,Inf
2.2.19,aerials,288,1048576,9.0153,9.0260,Inf
2.2.20,aerials,288,1048576,9.3556,9.3603,Inf
2.2.21,aerials,288,1048576,8.6025,8.6081,Inf
2.2.22,aerials,288,1048576,8.6540,8.6608,Inf
2.2.23,aerials,288,1048576,8.7431,8.7495,Inf
2.2.24,aerials,288,1048576,9.2754,9.2800,Inf
wash-ir,aerials,288,5062500,8.5141,8.5178,Inf
4.1.01,misc,312,65536,7.2689,7.2850,Inf
4.1.02,misc,312,65536,6.2635,6.2354,Inf
4.1.03,misc,312,65536,9.9537,9.9391,Inf
4.1.04,misc,312,65536,8.8216,8.8170,Inf
4.1.05,misc,312,65536,8.9089,8.8961,Inf
4.1.06,misc,312,65536,8.1572,8.1327,Inf
4.1.07,misc,312,65536,8.5938,8.5584,Inf
4.1.08,misc,312,65536,8.6406,8.6333,Inf
4.2.01,misc,312,262144,7.6302,7.6282,Inf
4.2.03,misc,312,262144,8.7737,8.7710,Inf
4.2.05,misc,312,262144,7.9803,7.9767,Inf
4.2.06,misc,312,262144,8.0833,8.0834,Inf
4.2.07,misc,312,262144,8.0763,8.0760,Inf
house,misc,312,262144,8.4670,8.4653,Inf
2.1.01,aerials,312,262144,9.4110,9.4092,Inf
2.1.02,aerials,312,262144,8.8455,8.8437,Inf
2.1.03,aerials,312,262144,8.3553,8.3467,Inf
2.1.04,aerials,312,262144,9.3846,9.3740,Inf
2.1.05,aerials,312,262144,8.9726,8.9760,Inf
2.1.06,aerials,312,262144,9.2208,9.2183,Inf
2.1.07,aerials,312,262144,8.7797,8.7801,Inf
2.1.08,aerials,312,262144,8.4190,8.4180,Inf
2.1.09,aerials,312,262144,8.6953,8.6848,Inf
2.1.10,aerials,312,262144,8.6539,8.6460,Inf
2.1.11,aerials,312,262144,9.3648,9.3508,Inf
2.1.12,aerials,312,262144,8.4481,8.4435,Inf
2.2.01,aerials,312,1048576,8.4870,8.4836,Inf
2.2.02,aerials,312,1048576,8.7096,8.7068,Inf
2.2.03,aerials,312,1048576,8.3797,8.3716,Inf
2.2.04,aerials,312,1048576,8.5896,8.5797,Inf
2.2.05,aerials,312,1048576,9.4164,9.4128,Inf
2.2.06,aerials,312,1048576,8.7887,8.7879,Inf
2.2.07,aerials,312,1048576,8.4950,8.4935,Inf
2.2.08,aerials,312,1048576,8.5447,8.5471,Inf
2.2.09,aerials,312,1048576,8.7049,8.7092,Inf
2.2.10,aerials,312,1048576,8.7096,8.7082,Inf
2.2.11,aerials,312,1048576,9.1575,9.1600,Inf
2.2.12,aerials,312,1048576,9.4406,9.4387,Inf
2.2.13,aerials,312,1048576,9.2104,9.2068,Inf
2.2.14,aerials,312,1048576,9.5460,9.5476,Inf
2.2.15,aerials,312,1048576,9.2759,9.2687,Inf
2.2.16,aerials,312,1048576,9.6080,9.6063,Inf
2.2.17,aerials,312,1048576,9.3595,9.3527,Inf
2.2.18,aerials,312,1048576,9.1867,9.1847,Inf
2.2.19,aerials,312,1048576,9.0203,9.0212,Inf
2.2.20,aerials,312,1048576,9.3508,9.3537,Inf
2.2.21,aerials,312,1048576,8.5990,8.6020,Inf
2.2.22,aerials,312,1048576,8.6567,8.6545,Inf
2.2.23,aerials,312,1048576,8.7493,8.7461,Inf
2.2.24,aerials,312,1048576,9.2795,9.2716,Inf
wash-ir,aerials,312,5062500,8.5153,8.5151,Inf
4.1.01,misc,336,65536,7.2949,7.3165,Inf
4.1.02,misc,336,65536,6.2477,6.2675,Inf
4.1.03,misc,336,65536,9.9661,9.9471,Inf
4.1.04,misc,336,65536,8.8127,8.8296,Inf
4.1.05,misc,336,65536,8.9032,8.9167,Inf
4.1.06,misc,336,65536,8.1700,8.1798,Inf
4.1.07,misc,336,65536,8.5930,8.6050,Inf
4.1.08,misc,336,65536,8.6427,8.6502,Inf
4.2.01,misc,336,262144,7.6308,7.6267,Inf
4.2.03,misc,336,262144,8.7760,8.7678,Inf
4.2.05,misc,336,262144,7.9891,7.9829,Inf
4.2.06,misc,336,262144,8.0850,8.0792,Inf
4.2.07,misc,336,262144,8.0811,8.0743,Inf
house,misc,336,262144,8.4715,8.4724,Inf
2.1.01,aerials,336,262144,9.4188,9.4156,Inf
2.1.02,aerials,336,262144,8.8430,8.8397,Inf
2.1.03,aerials,336,262144,8.3562,8.3583,Inf
2.1.04,aerials,336,262144,9.3792,9.3736,Inf
2.1.05,aerials,336,262144,8.9782,8.9728,Inf
2.1.06,aerials,336,262144,9.2197,9.2163,Inf
2.1.07,aerials,336,262144,8.7816,8.7770,Inf
2.1.08,aerials,336,262144,8.4249,8.4205,Inf
2.1.09,aerials,336,262144,8.6719,8.6847,Inf
2.1.10,aerials,336,262144,8.6504,8.6439,Inf
2.1.11,aerials,336,262144,9.3559,9.3555,Inf
2.1.12,aerials,336,262144,8.4531,8.4511,Inf
2.2.01,aerials,336,1048576,8.4853,8.4809,Inf
2.2.02,aerials,336,1048576,8.7103,8.7154,Inf
2.2.03,aerials,336,1048576,8.3783,8.3784,Inf
2.2.04,aerials,336,1048576,8.5850,8.5855,Inf
2.2.05,aerials,336,1048576,9.4181,9.4144,Inf
2.2.06,aerials,336,1048576,8.7905,8.7893,Inf
2.2.07,aerials,336,1048576,8.5010,8.4966,Inf
2.2.08,aerials,336,1048576,8.5488,8.5470,Inf
2.2.09,aerials,336,1048576,8.7098,8.7097,Inf
2.2.10,aerials,336,1048576,8.7062,8.7072,Inf
2.2.11,aerials,336,1048576,9.1611,9.1603,Inf
2.2.12,aerials,336,1048576,9.4345,9.4378,Inf
2.2.13,aerials,336,1048576,9.2056,9.2072,Inf
2.2.14,aerials,336,1048576,9.5472,9.5464,Inf
2.2.15,aerials,336,1048576,9.2740,9.2735,Inf
2.2.16,aerials,336,1048576,9.6049,9.6075,Inf
2.2.17,aerials,336,1048576,9.3531,9.3560,Inf
2.2.18,aerials,336,1048576,9.1884,9.1854,Inf
2.2.19,aerials,336,1048576,9.0205,9.0210,Inf
2.2.20,aerials,336,1048576,9.3512,9.3529,Inf
2.2.21,aerials,336,1048576,8.6044,8.6045,Inf
2.2.22,aerials,336,1048576,8.6589,8.6584,Inf
2.2.23,aerials,336,1048576,8.7441,8.7518,Inf
2.2.24,aerials,336,1048576,9.2766,9.2750,Inf
wash-ir,aerials,336,5062500,8.5154,8.5171,Inf
4.1.01,misc,360,65536,7.2875,7.2996,Inf
4.1.02,misc,360,65536,6.2442,6.2392,Inf
4.1.03,misc,360,65536,9.9607,9.9402,Inf
4.1.04,misc,360,65536,8.8472,8.8343,Inf
4.1.05,misc,360,65536,8.9212,8.9135,Inf
4.1.06,misc,360,65536,8.1384,8.1651,Inf
4.1.07,misc,360,65536,8.5842,8.5877,Inf
4.1.08,misc,360,65536,8.6529,8.6323,Inf
4.2.01,misc,360,262144,7.6399,7.6167,Inf
4.2.03,misc,360,262144,8.7793,8.7693,Inf
4.2.05,misc,360,262144,7.9802,7.9694,Inf
4.2.06,misc,360,262144,8.0795,8.0763,Inf
4.2.07,misc,360,262144,8.0825,8.0652,Inf
house,misc,360,262144,8.4685,8.4633,Inf
2.1.01,aerials,360,262144,9.4190,9.4047,Inf
2.1.02,aerials,360,262144,8.8463,8.8386,Inf
2.1.03,aerials,360,262144,8.3602,8.3549,Inf
2.1.04,aerials,360,262144,9.3692,9.3674,Inf
2.1.05,aerials,360,262144,8.9790,8.9735,Inf
2.1.06,aerials,360,262144,9.2245,9.2210,Inf
2.1.07,aerials,360,262144,8.7840,8.7783,Inf
2.1.08,aerials,360,262144,8.4254,8.4147,Inf
2.1.09,aerials,360,262144,8.6880,8.6812,Inf
2.1.10,aerials,360,262144,8.6508,8.6434,Inf
2.1.11,aerials,360,262144,9.3604,9.3492,Inf
2.1.12,aerials,360,262144,8.4556,8.4381,Inf
2.2.01,aerials,360,1048576,8.4850,8.4816,Inf
2.2.02,aerials,360,1048576,8.7093,8.7048,Inf
2.2.03,aerials,360,1048576,8.3777,8.3716,Inf
2.2.04,aerials,360,1048576,8.5854,8.5802,Inf
2.2.05,aerials,360,1048576,9.4171,9.4157,Inf
2.2.06,aerials,360,1048576,8.7883,8.7834,Inf
2.2.07,aerials,360,1048576,8.4992,8.4903,Inf
2.2.08,aerials,360,1048576,8.5458,8.5407,Inf
2.2.09,aerials,360,1048576,8.7090,8.7064,Inf
2.2.10,aerials,360,1048576,8.7100,8.7060,Inf
2.2.11,aerials,360,1048576,9.1620,9.1560,Inf
2.2.12,aerials,360,1048576,9.4362,9.4358,Inf
2.2.13,aerials,360,1048576,9.2097,9.2050,Inf
2.2.14,aerials,360,1048576,9.5462,9.5439,Inf
2.2.15,aerials,360,1048576,9.2684,9.2667,Inf
2.2.16,aerials,360,1048576,9.6096,9.6073,Inf
2.2.17,aerials,360,1048576,9.3573,9.3503,Inf
2.2.18,aerials,360,1048576,9.1852,9.1818,Inf
2.2.19,aerials,360,1048576,9.0180,9.0151,Inf
2.2.20,aerials,360,1048576,9.3522,9.3532,Inf
2.2.21,aerials,360,1048576,8.6016,8.5979,Inf
2.2.22,aerials,360,1048576,8.6579,8.6515,Inf
2.2.23,aerials,360,1048576,8.7467,8.7426,Inf
2.2.24,aerials,360,1048576,9.2725,9.2757,Inf
wash-ir,aerials,360,5062500,8.5188,8.5163,Inf
4.1.01,misc,384,65536,7.2821,7.2806,Inf
4.1.02,misc,384,65536,6.2504,6.2403,Inf
4.1.03,misc,384,65536,9.9333,9.9392,Inf
4.1.04,misc,384,65536,8.8552,8.8246,Inf
4.1.05,misc,384,65536,8.9209,8.9163,Inf
4.1.06,misc,384,65536,8.1470,8.1484,Inf
4.1.07,misc,384,65536,8.6053,8.5802,Inf
4.1.08,misc,384,65536,8.6505,8.6295,Inf
4.2.01,misc,384,262144,7.6244,7.6359,Inf
4.2.03,misc,384,262144,8.7887,8.7760,Inf
4.2.05,misc,384,262144,7.9788,7.9900,Inf
4.2.06,misc,384,262144,8.0920,8.0774,Inf
4.2.07,misc,384,262144,8.0715,8.0770,Inf
house,misc,384,262144,8.4672,8.4797,Inf
2.1.01,aerials,384,262144,9.4143,9.4101,Inf
2.1.02,aerials,384,262144,8.8469,8.8443,Inf
2.1.03,aerials,384,262144,8.3639,8.3562,Inf
2.1.04,aerials,384,262144,9.3722,9.3719,Inf
2.1.05,aerials,384,262144,8.9789,8.9756,Inf
2.1.06,aerials,384,262144,9.2289,9.2259,Inf
2.1.07,aerials,384,262144,8.7819,8.7825,Inf
2.1.08,aerials,384,262144,8.4192,8.4211,Inf
2.1.09,aerials,384,262144,8.6864,8.6910,Inf
2.1.10,aerials,384,262144,8.6475,8.6495,Inf
2.1.11,aerials,384,262144,9.3627,9.3574,Inf
2.1.12,aerials,384,262144,8.4462,8.4483,Inf
2.2.01,aerials,384,1048576,8.4834,8.4841,Inf
2.2.02,aerials,384,1048576,8.7053,8.7166,Inf
2.2.03,aerials,384,1048576,8.3776,8.3797,Inf
2.2.04,aerials,384,1048576,8.5862,8.5857,Inf
2.2.05,aerials,384,1048576,9.4137,9.4149,Inf
2.2.06,aerials,384,1048576,8.7905,8.7916,Inf
2.2.07,aerials,384,1048576,8.4909,8.4954,Inf
2.2.08,aerials,384,1048576,8.5482,8.5471,Inf
2.2.09,aerials,384,1048576,8.7105,8.7154,Inf
2.2.10,aerials,384,1048576,8.7060,8.7119,Inf
2.2.11,aerials,384,1048576,9.1597,9.1621,Inf
2.2.12,aerials,384,1048576,9.4477,9.4404,Inf
2.2.13,aerials,384,1048576,9.2070,9.2083,Inf
2.2.14,aerials,384,1048576,9.5446,9.5451,Inf
2.2.15,aerials,384,1048576,9.2710,9.2769,Inf
2.2.16,aerials,384,1048576,9.6115,9.6070,Inf
2.2.17,aerials,384,1048576,9.3519,9.3542,Inf
2.2.18,aerials,384,1048576,9.1870,9.1885,Inf
2.2.19,aerials,384,1048576,9.0236,9.0221,Inf
2.2.20,aerials,384,1048576,9.3472,9.3557,Inf
2.2.21,aerials,384,1048576,8.6027,8.6017,Inf
2.2.22,aerials,384,1048576,8.6547,8.6585,Inf
2.2.23,aerials,384,1048576,8.7492,8.7508,Inf
2.2.24,aerials,384,1048576,9.2806,9.2763,Inf
wash-ir,aerials,384,5062500,8.5155,8.5167,Inf
