image,K,height,width,num_pixels,mean_entropy_cipher,mean_abs_corrH_cipher,npcr_packed,uaci_packed,seconds
4.1.01,24,256,256,65536,7.995557,0.008826,100.000000,33.065294,2.4747
4.1.02,24,256,256,65536,7.995395,0.031644,100.000000,33.805130,4.7556
4.1.03,24,256,256,65536,7.990523,0.026872,100.000000,33.881426,2.4132
4.1.04,24,256,256,65536,7.996729,0.025614,100.000000,33.635703,4.4833
4.1.05,24,256,256,65536,7.994854,0.026498,100.000000,32.725826,2.3677
4.1.06,24,256,256,65536,7.996075,0.022757,100.000000,34.065720,4.5606
4.1.07,24,256,256,65536,7.991852,0.019374,100.000000,32.977859,2.4011
4.1.08,24,256,256,65536,7.994455,0.018656,100.000000,33.004966,4.6017
4.2.01,24,512,512,262144,7.996714,0.040378,100.000000,33.485378,9.8250
4.2.03,24,512,512,262144,7.998992,0.016439,100.000000,33.953817,11.9674
4.2.05,24,512,512,262144,7.996531,0.015777,100.000000,33.301929,10.0427
4.2.06,24,512,512,262144,7.999012,0.004858,100.000000,33.496480,12.0460
4.2.07,24,512,512,262144,7.998661,0.030541,100.000000,33.754120,9.1762
house,24,512,512,262144,7.998857,0.031360,100.000000,33.671846,12.0432
2.1.01,24,512,512,262144,7.998770,0.025784,100.000000,33.473801,9.8433
2.1.02,24,512,512,262144,7.998978,0.023906,100.000000,32.987158,12.0353
2.1.03,24,512,512,262144,7.993773,0.017127,100.000000,33.453917,9.4685
2.1.04,24,512,512,262144,7.996399,0.004444,100.000000,33.330884,11.8103
2.1.05,24,512,512,262144,7.998743,0.019024,100.000000,32.960130,9.9256
2.1.06,24,512,512,262144,7.998942,0.008977,100.000000,33.911139,12.0503
2.1.07,24,512,512,262144,7.995337,0.017619,100.000000,32.156720,9.7724
2.1.08,24,512,512,262144,7.995867,0.037872,100.000000,32.608048,12.2290
2.1.09,24,512,512,262144,7.996446,0.051015,100.000000,33.059732,9.6874
2.1.10,24,512,512,262144,7.998092,0.018814,100.000000,33.121584,12.0115
2.1.11,24,512,512,262144,7.998658,0.007358,100.000000,33.148295,9.9725
2.1.12,24,512,512,262144,7.996007,0.032457,100.000000,32.185784,12.1687
2.2.01,24,1024,1024,1048576,7.998869,0.009503,100.000000,33.832178,38.4987
2.2.02,24,1024,1024,1048576,7.994648,0.043385,100.000000,33.533080,41.0180
2.2.03,24,1024,1024,1048576,7.995888,0.034483,100.000000,34.199446,38.6294
2.2.04,24,1024,1024,1048576,7.997242,0.010789,100.000000,33.723151,40.5174
2.2.05,24,1024,1024,1048576,7.998258,0.029120,100.000000,33.626070,39.2227
2.2.06,24,1024,1024,1048576,7.993374,0.020296,100.000000,33.677609,41.5126
2.2.07,24,1024,1024,1048576,7.996728,0.033876,100.000000,32.682779,37.3798
2.2.08,24,1024,1024,1048576,7.999347,0.016021,100.000000,33.046050,40.0882
2.2.09,24,1024,1024,1048576,7.996703,0.025454,100.000000,33.463309,36.8389
2.2.10,24,1024,1024,1048576,7.995879,0.013494,100.000000,33.893888,40.3346
2.2.11,24,1024,1024,1048576,7.996662,0.011086,100.000000,33.769503,37.9087
2.2.12,24,1024,1024,1048576,7.997232,0.027323,100.000000,32.758880,40.1438
2.2.13,24,1024,1024,1048576,7.998864,0.027277,100.000000,33.503472,38.2421
2.2.14,24,1024,1024,1048576,7.999000,0.015849,100.000000,33.446909,41.3858
2.2.15,24,1024,1024,1048576,7.993921,0.014813,100.000000,33.253454,38.1479
2.2.16,24,1024,1024,1048576,7.997714,0.012686,100.000000,33.822247,40.5670
2.2.17,24,1024,1024,1048576,7.999166,0.014799,100.000000,34.324331,39.5990
2.2.18,24,1024,1024,1048576,7.997612,0.012946,100.000000,33.265374,42.0249
2.2.19,24,1024,1024,1048576,7.996845,0.015808,100.000000,33.595032,38.2219
2.2.20,24,1024,1024,1048576,7.997623,0.037034,100.000000,33.357690,40.0203
2.2.21,24,1024,1024,1048576,7.997750,0.022942,100.000000,33.572249,38.9255
2.2.22,24,1024,1024,1048576,7.996552,0.049236,100.000000,32.697065,41.0745
2.2.23,24,1024,1024,1048576,7.993730,0.042273,100.000000,33.002788,36.7490
2.2.24,24,1024,1024,1048576,7.996636,0.025927,100.000000,33.327108,37.1347
wash-ir,24,2250,2250,5062500,7.999699,0.014781,100.000000,33.042543,184.1532
4.1.01,48,256,256,65536,7.997063,0.012582,100.000000,33.265958,1.6573
4.1.02,48,256,256,65536,7.997037,0.005280,100.000000,33.314804,1.6638
4.1.03,48,256,256,65536,7.997425,0.021446,100.000000,33.228086,1.7564
4.1.04,48,256,256,65536,7.997135,0.012504,100.000000,33.409479,1.7528
4.1.05,48,256,256,65536,7.997292,0.017056,100.000000,33.290853,1.7319
4.1.06,48,256,256,65536,7.997474,0.013228,100.000000,33.309642,1.7184
4.1.07,48,256,256,65536,7.997216,0.012665,100.000000,33.256377,1.7324
4.1.08,48,256,256,65536,7.997099,0.004221,100.000000,33.335519,1.7316
4.2.01,48,512,512,262144,7.999337,0.009369,100.000000,33.338441,6.7748
4.2.03,48,512,512,262144,7.999286,0.013222,100.000000,33.312501,7.2945
4.2.05,48,512,512,262144,7.999271,0.006390,100.000000,33.312864,7.2928
4.2.06,48,512,512,262144,7.999357,0.011182,100.000000,33.265799,6.7985
4.2.07,48,512,512,262144,7.999332,0.007917,100.000000,33.395807,7.2722
house,48,512,512,262144,7.999260,0.013087,100.000000,33.387063,6.7024
2.1.01,48,512,512,262144,7.999311,0.009334,100.000000,33.323947,6.8699
2.1.02,48,512,512,262144,7.999318,0.008734,100.000000,33.271980,6.4523
2.1.03,48,512,512,262144,7.999269,0.017469,100.000000,33.403892,6.8479
2.1.04,48,512,512,262144,7.999258,0.021937,100.000000,33.354522,6.8089
2.1.05,48,512,512,262144,7.999308,0.012921,100.000000,33.328685,6.7424
2.1.06,48,512,512,262144,7.999284,0.022221,100.000000,33.425931,6.6935
2.1.07,48,512,512,262144,7.999223,0.014502,100.000000,33.414967,6.4911
2.1.08,48,512,512,262144,7.999296,0.020325,100.000000,33.394261,7.0000
2.1.09,48,512,512,262144,7.999341,0.028806,100.000000,33.317575,6.6902
2.1.10,48,512,512,262144,7.999266,0.024926,100.000000,33.318261,6.4930
2.1.11,48,512,512,262144,7.999260,0.014360,100.000000,33.351348,6.6270
2.1.12,48,512,512,262144,7.999365,0.008364,100.000000,33.314531,6.6361
2.2.01,48,1024,1024,1048576,7.999819,0.009125,100.000000,33.352681,27.1227
2.2.02,48,1024,1024,1048576,7.999822,0.010577,100.000000,33.318793,26.4422
2.2.03,48,1024,1024,1048576,7.999811,0.012739,100.000000,33.348957,27.0726
2.2.04,48,1024,1024,1048576,7.999808,0.008584,100.000000,33.325814,25.7993
2.2.05,48,1024,1024,1048576,7.999828,0.012109,100.000000,33.320749,25.7465
2.2.06,48,1024,1024,1048576,7.999824,0.013478,99.999905,33.354008,26.1395
2.2.07,48,1024,1024,1048576,7.999825,0.009593,100.000000,33.332949,26.2864
2.2.08,48,1024,1024,1048576,7.999840,0.019785,100.000000,33.330752,27.3137
2.2.09,48,1024,1024,1048576,7.999822,0.013152,100.000000,33.380168,26.8830
2.2.10,48,1024,1024,1048576,7.999843,0.017839,100.000000,33.365879,26.7758
2.2.11,48,1024,1024,1048576,7.999831,0.012386,100.000000,33.308035,26.8140
2.2.12,48,1024,1024,1048576,7.999811,0.003535,100.000000,33.346295,27.5968
2.2.13,48,1024,1024,1048576,7.999837,0.021655,100.000000,33.331771,27.7998
2.2.14,48,1024,1024,1048576,7.999810,0.013080,100.000000,33.341217,27.5848
2.2.15,48,1024,1024,1048576,7.999832,0.017151,100.000000,33.356828,26.6107
2.2.16,48,1024,1024,1048576,7.999822,0.016903,100.000000,33.327602,26.8998
2.2.17,48,1024,1024,1048576,7.999828,0.022059,100.000000,33.322705,26.9356
2.2.18,48,1024,1024,1048576,7.999835,0.015445,100.000000,33.333400,26.4446
2.2.19,48,1024,1024,1048576,7.999816,0.016654,100.000000,33.344234,27.1806
2.2.20,48,1024,1024,1048576,7.999816,0.011501,100.000000,33.310984,26.8908
2.2.21,48,1024,1024,1048576,7.999831,0.015403,100.000000,33.371791,26.8065
2.2.22,48,1024,1024,1048576,7.999837,0.014260,100.000000,33.349266,27.1374
2.2.23,48,1024,1024,1048576,7.999820,0.008852,100.000000,33.316651,27.6528
2.2.24,48,1024,1024,1048576,7.999817,0.009047,100.000000,33.307047,28.2165
wash-ir,48,2250,2250,5062500,7.999963,0.016417,100.000000,33.331964,133.4583
4.1.01,72,256,256,65536,7.997103,0.004022,100.000000,33.390649,1.5251
4.1.02,72,256,256,65536,7.996907,0.017696,100.000000,33.285602,1.5374
4.1.03,72,256,256,65536,7.997243,0.009213,100.000000,33.205008,1.5326
4.1.04,72,256,256,65536,7.997252,0.031743,100.000000,33.431570,1.5163
4.1.05,72,256,256,65536,7.997047,0.011073,100.000000,33.309719,1.5136
4.1.06,72,256,256,65536,7.996857,0.023748,100.000000,33.221880,1.5079
4.1.07,72,256,256,65536,7.997186,0.011714,100.000000,33.312311,1.5239
4.1.08,72,256,256,65536,7.997025,0.023716,100.000000,33.138140,1.4785
4.2.01,72,512,512,262144,7.999289,0.018469,100.000000,33.285531,5.9933
4.2.03,72,512,512,262144,7.999252,0.005684,100.000000,33.274548,6.3953
4.2.05,72,512,512,262144,7.999386,0.018839,100.000000,33.331995,6.0147
4.2.06,72,512,512,262144,7.999289,0.013057,100.000000,33.335603,5.5641
4.2.07,72,512,512,262144,7.999315,0.023353,100.000000,33.382889,6.0154
house,72,512,512,262144,7.999272,0.013368,100.000000,33.370560,6.4184
2.1.01,72,512,512,262144,7.999320,0.007582,100.000000,33.390800,6.3806
2.1.02,72,512,512,262144,7.999338,0.007870,100.000000,33.386067,6.1991
2.1.03,72,512,512,262144,7.999288,0.008435,100.000000,33.324855,5.6288
2.1.04,72,512,512,262144,7.999319,0.033456,100.000000,33.345613,5.8537
2.1.05,72,512,512,262144,7.999307,0.011194,100.000000,33.401330,5.7277
2.1.06,72,512,512,262144,7.999281,0.026185,100.000000,33.276656,5.7478
2.1.07,72,512,512,262144,7.999382,0.010296,100.000000,33.379895,5.7512
2.1.08,72,512,512,262144,7.999339,0.010599,100.000000,33.375614,5.9884
2.1.09,72,512,512,262144,7.999361,0.005656,100.000000,33.262124,6.3914
2.1.10,72,512,512,262144,7.999337,0.011368,100.000000,33.336070,6.4188
2.1.11,72,512,512,262144,7.999279,0.015821,100.000000,33.388062,6.5898
2.1.12,72,512,512,262144,7.999324,0.013464,100.000000,33.314041,5.9671
2.2.01,72,1024,1024,1048576,7.999820,0.012448,100.000000,33.369474,23.5707
2.2.02,72,1024,1024,1048576,7.999822,0.012353,100.000000,33.302394,22.7073
2.2.03,72,1024,1024,1048576,7.999823,0.010677,100.000000,33.356837,23.6375
2.2.04,72,1024,1024,1048576,7.999809,0.007401,100.000000,33.325730,25.6042
2.2.05,72,1024,1024,1048576,7.999822,0.018157,100.000000,33.354605,23.4639
2.2.06,72,1024,1024,1048576,7.999816,0.020349,100.000000,33.354357,23.7294
2.2.07,72,1024,1024,1048576,7.999832,0.007013,100.000000,33.345290,24.1222
2.2.08,72,1024,1024,1048576,7.999821,0.007503,100.000000,33.335701,23.5057
2.2.09,72,1024,1024,1048576,7.999820,0.002422,100.000000,33.370938,25.6931
2.2.10,72,1024,1024,1048576,7.999813,0.019938,100.000000,33.349465,24.9897
2.2.11,72,1024,1024,1048576,7.999835,0.015372,100.000000,33.370353,23.6871
2.2.12,72,1024,1024,1048576,7.999832,0.013123,100.000000,33.326528,23.7768
2.2.13,72,1024,1024,1048576,7.999816,0.016985,100.000000,33.368679,24.4449
2.2.14,72,1024,1024,1048576,7.999824,0.019634,100.000000,33.359369,23.4411
2.2.15,72,1024,1024,1048576,7.999827,0.024747,100.000000,33.345152,24.3342
2.2.16,72,1024,1024,1048576,7.999828,0.011018,100.000000,33.372493,23.5398
2.2.17,72,1024,1024,1048576,7.999818,0.016828,99.999905,33.332202,23.5423
2.2.18,72,1024,1024,1048576,7.999823,0.020410,100.000000,33.331181,22.4652
2.2.19,72,1024,1024,1048576,7.999843,0.022032,100.000000,33.318739,23.1615
2.2.20,72,1024,1024,1048576,7.999819,0.007898,100.000000,33.304307,22.9553
2.2.21,72,1024,1024,1048576,7.999812,0.005354,100.000000,33.328413,23.5000
2.2.22,72,1024,1024,1048576,7.999815,0.006951,100.000000,33.343026,24.4398
2.2.23,72,1024,1024,1048576,7.999823,0.010924,100.000000,33.331675,23.9383
2.2.24,72,1024,1024,1048576,7.999820,0.013338,100.000000,33.319346,23.1253
wash-ir,72,2250,2250,5062500,7.999966,0.004058,100.000000,33.338007,112.5903
4.1.01,96,256,256,65536,7.997140,0.018418,100.000000,33.384984,1.5120
4.1.02,96,256,256,65536,7.997229,0.015017,100.000000,33.108134,1.4864
4.1.03,96,256,256,65536,7.997095,0.017075,100.000000,33.197453,1.3937
4.1.04,96,256,256,65536,7.997089,0.018748,100.000000,33.372306,1.3706
4.1.05,96,256,256,65536,7.997217,0.007097,100.000000,33.303410,1.3694
4.1.06,96,256,256,65536,7.997054,0.015005,100.000000,33.396580,1.3957
4.1.07,96,256,256,65536,7.997237,0.018084,100.000000,33.431872,1.3977
4.1.08,96,256,256,65536,7.997144,0.016892,100.000000,33.275527,1.4017
4.2.01,96,512,512,262144,7.999312,0.022451,100.000000,33.401357,5.6131
4.2.03,96,512,512,262144,7.999320,0.015917,100.000000,33.296603,5.9244
4.2.05,96,512,512,262144,7.999364,0.032286,100.000000,33.319637,5.9850
4.2.06,96,512,512,262144,7.999321,0.014171,100.000000,33.371008,5.8092
4.2.07,96,512,512,262144,7.999293,0.027360,100.000000,33.403588,5.6088
house,96,512,512,262144,7.999253,0.004425,100.000000,33.345269,5.6457
2.1.01,96,512,512,262144,7.999346,0.011186,100.000000,33.393788,5.7471
2.1.02,96,512,512,262144,7.999275,0.020246,100.000000,33.386468,5.7592
2.1.03,96,512,512,262144,7.999295,0.017269,100.000000,33.341766,5.7409
2.1.04,96,512,512,262144,7.999370,0.013601,100.000000,33.252000,5.8153
2.1.05,96,512,512,262144,7.999319,0.002493,100.000000,33.387597,5.8232
2.1.06,96,512,512,262144,7.999261,0.016103,100.000000,33.247238,5.7341
2.1.07,96,512,512,262144,7.999354,0.010087,99.999619,33.323736,5.5895
2.1.08,96,512,512,262144,7.999302,0.013016,100.000000,33.374829,5.9571
2.1.09,96,512,512,262144,7.999341,0.016751,100.000000,33.373569,5.9256
2.1.10,96,512,512,262144,7.999264,0.009839,100.000000,33.268076,5.6754
2.1.11,96,512,512,262144,7.999290,0.005132,100.000000,33.233983,5.8436
2.1.12,96,512,512,262144,7.999313,0.016697,100.000000,33.365292,5.4534
2.2.01,96,1024,1024,1048576,7.999828,0.006324,100.000000,33.307563,22.1897
2.2.02,96,1024,1024,1048576,7.999832,0.014311,100.000000,33.328425,22.3440
2.2.03,96,1024,1024,1048576,7.999835,0.016542,99.999905,33.358468,22.0366
2.2.04,96,1024,1024,1048576,7.999834,0.013630,100.000000,33.334635,21.8917
2.2.05,96,1024,1024,1048576,7.999823,0.012389,100.000000,33.320105,22.3832
2.2.06,96,1024,1024,1048576,7.999825,0.008896,99.999905,33.341869,22.8254
2.2.07,96,1024,1024,1048576,7.999811,0.007548,100.000000,33.338039,22.7292
2.2.08,96,1024,1024,1048576,7.999828,0.012355,100.000000,33.320553,22.0142
2.2.09,96,1024,1024,1048576,7.999816,0.021791,100.000000,33.318148,21.4807
2.2.10,96,1024,1024,1048576,7.999835,0.016662,100.000000,33.306220,21.8578
2.2.11,96,1024,1024,1048576,7.999826,0.014308,100.000000,33.337474,22.1082
2.2.12,96,1024,1024,1048576,7.999819,0.006339,100.000000,33.300502,22.2101
2.2.13,96,1024,1024,1048576,7.999831,0.010633,100.000000,33.325512,22.2763
2.2.14,96,1024,1024,1048576,7.999822,0.010827,100.000000,33.317559,22.4924
2.2.15,96,1024,1024,1048576,7.999834,0.013560,100.000000,33.340358,22.6116
2.2.16,96,1024,1024,1048576,7.999816,0.013811,100.000000,33.322669,23.8012
2.2.17,96,1024,1024,1048576,7.999823,0.017154,100.000000,33.343702,23.2904
2.2.18,96,1024,1024,1048576,7.999813,0.011405,100.000000,33.345235,22.7578
2.2.19,96,1024,1024,1048576,7.999822,0.021236,100.000000,33.310832,22.9408
2.2.20,96,1024,1024,1048576,7.999831,0.004620,100.000000,33.300486,22.8176
2.2.21,96,1024,1024,1048576,7.999822,0.005703,100.000000,33.291760,23.1337
2.2.22,96,1024,1024,1048576,7.999836,0.018914,100.000000,33.301935,23.9271
2.2.23,96,1024,1024,1048576,7.999833,0.014455,100.000000,33.334233,22.8023
2.2.24,96,1024,1024,1048576,7.999832,0.010556,100.000000,33.331122,22.7486
wash-ir,96,2250,2250,5062500,7.999965,0.014289,99.999960,33.344945,110.3744
4.1.01,120,256,256,65536,7.997085,0.022692,100.000000,33.386412,1.3409
4.1.02,120,256,256,65536,7.997375,0.015736,100.000000,33.334107,1.3725
4.1.03,120,256,256,65536,7.997234,0.013217,100.000000,33.519434,1.3166
4.1.04,120,256,256,65536,7.997368,0.010862,100.000000,33.373543,1.3713
4.1.05,120,256,256,65536,7.997229,0.014056,100.000000,33.379402,1.3168
4.1.06,120,256,256,65536,7.997122,0.017834,100.000000,33.416375,1.3502
4.1.07,120,256,256,65536,7.997178,0.014542,100.000000,33.313152,1.4099
4.1.08,120,256,256,65536,7.997179,0.007326,100.000000,33.243134,1.3460
4.2.01,120,512,512,262144,7.999329,0.019277,100.000000,33.278688,5.2531
4.2.03,120,512,512,262144,7.999226,0.013523,100.000000,33.267746,5.5509
4.2.05,120,512,512,262144,7.999293,0.006406,100.000000,33.383592,5.3220
4.2.06,120,512,512,262144,7.999300,0.012640,100.000000,33.373110,5.5793
4.2.07,120,512,512,262144,7.999287,0.019623,100.000000,33.278664,5.3431
house,120,512,512,262144,7.999316,0.015834,100.000000,33.243677,5.6470
2.1.01,120,512,512,262144,7.999309,0.027569,100.000000,33.315287,5.3309
2.1.02,120,512,512,262144,7.999293,0.007119,100.000000,33.311027,5.5449
2.1.03,120,512,512,262144,7.999266,0.015537,100.000000,33.296863,5.2662
2.1.04,120,512,512,262144,7.999341,0.010836,100.000000,33.376110,5.5470
2.1.05,120,512,512,262144,7.999260,0.020454,100.000000,33.248163,5.2558
2.1.06,120,512,512,262144,7.999245,0.021636,100.000000,33.394215,5.5849
2.1.07,120,512,512,262144,7.999267,0.003566,100.000000,33.311625,5.3911
2.1.08,120,512,512,262144,7.999324,0.009657,100.000000,33.333607,5.0058
2.1.09,120,512,512,262144,7.999293,0.016265,100.000000,33.264293,5.0313
2.1.10,120,512,512,262144,7.999296,0.023623,100.000000,33.347266,5.3845
2.1.11,120,512,512,262144,7.999311,0.015107,100.000000,33.346321,5.3272
2.1.12,120,512,512,262144,7.999252,0.019545,100.000000,33.431165,5.1606
2.2.01,120,1024,1024,1048576,7.999820,0.004610,100.000000,33.355584,20.7985
2.2.02,120,1024,1024,1048576,7.999824,0.016030,100.000000,33.310426,22.3741
2.2.03,120,1024,1024,1048576,7.999837,0.004768,100.000000,33.322734,22.0175
2.2.04,120,1024,1024,1048576,7.999829,0.033593,100.000000,33.319514,21.3273
2.2.05,120,1024,1024,1048576,7.999811,0.005604,100.000000,33.325738,21.2202
2.2.06,120,1024,1024,1048576,7.999819,0.007389,100.000000,33.310488,21.2050
2.2.07,120,1024,1024,1048576,7.999836,0.007144,100.000000,33.374374,21.4982
2.2.08,120,1024,1024,1048576,7.999811,0.014348,100.000000,33.360592,21.6947
2.2.09,120,1024,1024,1048576,7.999814,0.026339,100.000000,33.322149,20.9346
2.2.10,120,1024,1024,1048576,7.999831,0.011260,100.000000,33.311416,21.7970
2.2.11,120,1024,1024,1048576,7.999819,0.013890,100.000000,33.321722,21.0413
2.2.12,120,1024,1024,1048576,7.999832,0.020573,100.000000,33.324741,20.9898
2.2.13,120,1024,1024,1048576,7.999820,0.009987,100.000000,33.339688,20.8293
2.2.14,120,1024,1024,1048576,7.999838,0.017164,100.000000,33.356850,20.6879
2.2.15,120,1024,1024,1048576,7.999828,0.007547,100.000000,33.359197,22.0637
2.2.16,120,1024,1024,1048576,7.999840,0.008773,100.000000,33.317974,22.0341
2.2.17,120,1024,1024,1048576,7.999809,0.012442,100.000000,33.342443,21.8860
2.2.18,120,1024,1024,1048576,7.999821,0.013440,100.000000,33.328393,21.3301
2.2.19,120,1024,1024,1048576,7.999831,0.004574,100.000000,33.357092,21.2712
2.2.20,120,1024,1024,1048576,7.999805,0.014661,99.999905,33.278908,21.5035
2.2.21,120,1024,1024,1048576,7.999839,0.019122,100.000000,33.358215,22.0737
2.2.22,120,1024,1024,1048576,7.999818,0.006096,100.000000,33.282782,21.4132
2.2.23,120,1024,1024,1048576,7.999826,0.015579,100.000000,33.310223,21.5686
2.2.24,120,1024,1024,1048576,7.999824,0.017304,100.000000,33.354437,21.9127
wash-ir,120,2250,2250,5062500,7.999965,0.004886,100.000000,33.347761,103.3482
4.1.01,144,256,256,65536,7.997266,0.025978,100.000000,33.433598,1.2851
4.1.02,144,256,256,65536,7.997038,0.012291,100.000000,33.352695,1.2722
4.1.03,144,256,256,65536,7.997458,0.014967,100.000000,33.310452,1.2587
4.1.04,144,256,256,65536,7.997219,0.022066,100.000000,33.349371,1.2527
4.1.05,144,256,256,65536,7.997169,0.018341,100.000000,33.371010,1.2494
4.1.06,144,256,256,65536,7.996893,0.009816,100.000000,33.282005,1.2534
4.1.07,144,256,256,65536,7.997021,0.014639,100.000000,33.294372,1.2620
4.1.08,144,256,256,65536,7.996891,0.012861,100.000000,33.115389,1.2745
4.2.01,144,512,512,262144,7.999289,0.005523,100.000000,33.349686,5.0311
4.2.03,144,512,512,262144,7.999285,0.016788,100.000000,33.329072,5.0589
4.2.05,144,512,512,262144,7.999313,0.012500,100.000000,33.269049,5.3208
4.2.06,144,512,512,262144,7.999286,0.006197,100.000000,33.325595,5.1736
4.2.07,144,512,512,262144,7.999293,0.003763,100.000000,33.338173,5.2089
house,144,512,512,262144,7.999307,0.015073,100.000000,33.295685,5.1441
2.1.01,144,512,512,262144,7.999280,0.019584,100.000000,33.296879,5.2213
2.1.02,144,512,512,262144,7.999321,0.014028,100.000000,33.373718,5.0783
2.1.03,144,512,512,262144,7.999271,0.015375,100.000000,33.332447,5.1854
2.1.04,144,512,512,262144,7.999345,0.025749,100.000000,33.389366,5.2241
2.1.05,144,512,512,262144,7.999342,0.021124,100.000000,33.398853,5.0175
2.1.06,144,512,512,262144,7.999292,0.016067,100.000000,33.324968,4.8392
2.1.07,144,512,512,262144,7.999363,0.009778,100.000000,33.342025,5.2494
2.1.08,144,512,512,262144,7.999216,0.025401,100.000000,33.278601,5.0832
2.1.09,144,512,512,262144,7.999263,0.032295,100.000000,33.321596,5.2065
2.1.10,144,512,512,262144,7.999318,0.016499,100.000000,33.378901,5.1709
2.1.11,144,512,512,262144,7.999294,0.013885,100.000000,33.309656,5.3382
2.1.12,144,512,512,262144,7.999341,0.016371,100.000000,33.391626,5.0273
2.2.01,144,1024,1024,1048576,7.999816,0.010188,100.000000,33.298876,20.7669
2.2.02,144,1024,1024,1048576,7.999834,0.009351,100.000000,33.320663,20.8268
2.2.03,144,1024,1024,1048576,7.999838,0.012460,100.000000,33.318884,20.8402
2.2.04,144,1024,1024,1048576,7.999831,0.009423,100.000000,33.319593,20.7498
2.2.05,144,1024,1024,1048576,7.999827,0.005079,100.000000,33.360945,20.1016
2.2.06,144,1024,1024,1048576,7.999829,0.018407,100.000000,33.336678,20.2121
2.2.07,144,1024,1024,1048576,7.999824,0.019411,100.000000,33.347224,20.2194
2.2.08,144,1024,1024,1048576,7.999832,0.026487,100.000000,33.364414,20.4320
2.2.09,144,1024,1024,1048576,7.999822,0.013588,100.000000,33.298633,20.2716
2.2.10,144,1024,1024,1048576,7.999809,0.016269,100.000000,33.316231,20.5301
2.2.11,144,1024,1024,1048576,7.999842,0.013087,100.000000,33.308307,20.9191
2.2.12,144,1024,1024,1048576,7.999836,0.013164,100.000000,33.340679,22.3140
2.2.13,144,1024,1024,1048576,7.999831,0.006605,100.000000,33.388432,20.6097
2.2.14,144,1024,1024,1048576,7.999832,0.010617,100.000000,33.321666,20.2370
2.2.15,144,1024,1024,1048576,7.999815,0.011710,100.000000,33.339142,21.1202
2.2.16,144,1024,1024,1048576,7.999840,0.017979,99.999905,33.280585,20.7166
2.2.17,144,1024,1024,1048576,7.999831,0.020572,100.000000,33.335747,21.4336
2.2.18,144,1024,1024,1048576,7.999827,0.016006,100.000000,33.368977,20.8218
2.2.19,144,1024,1024,1048576,7.999818,0.030149,100.000000,33.300197,20.9145
2.2.20,144,1024,1024,1048576,7.999819,0.012318,99.999905,33.348577,21.9765
2.2.21,144,1024,1024,1048576,7.999830,0.014848,100.000000,33.357651,20.8203
2.2.22,144,1024,1024,1048576,7.999833,0.012014,99.999905,33.319199,21.2930
2.2.23,144,1024,1024,1048576,7.999822,0.013608,100.000000,33.315676,20.5164
2.2.24,144,1024,1024,1048576,7.999838,0.017105,100.000000,33.340141,20.2962
wash-ir,144,2250,2250,5062500,7.999964,0.017949,100.000000,33.339293,102.7802
4.1.01,168,256,256,65536,7.997018,0.016471,100.000000,33.491603,1.2637
4.1.02,168,256,256,65536,7.997228,0.011173,100.000000,33.409751,1.2551
4.1.03,168,256,256,65536,7.997160,0.018895,100.000000,33.252097,1.2423
4.1.04,168,256,256,65536,7.997282,0.020394,100.000000,33.302460,1.2311
4.1.05,168,256,256,65536,7.997056,0.016052,100.000000,33.314533,1.2103
4.1.06,168,256,256,65536,7.997207,0.011939,100.000000,33.316836,1.2337
4.1.07,168,256,256,65536,7.997212,0.013820,100.000000,33.358395,1.2284
4.1.08,168,256,256,65536,7.997363,0.009484,100.000000,33.209321,1.2846
4.2.01,168,512,512,262144,7.999223,0.014361,100.000000,33.347593,4.9652
4.2.03,168,512,512,262144,7.999274,0.013527,100.000000,33.392505,4.7864
4.2.05,168,512,512,262144,7.999301,0.017289,100.000000,33.342423,4.8283
4.2.06,168,512,512,262144,7.999338,0.010585,100.000000,33.373904,4.6963
4.2.07,168,512,512,262144,7.999295,0.015581,100.000000,33.382811,4.8235
house,168,512,512,262144,7.999323,0.014505,100.000000,33.421138,4.7761
2.1.01,168,512,512,262144,7.999325,0.015428,100.000000,33.397011,4.9715
2.1.02,168,512,512,262144,7.999321,0.015351,100.000000,33.349759,4.9648
2.1.03,168,512,512,262144,7.999315,0.010157,100.000000,33.296409,5.1014
2.1.04,168,512,512,262144,7.999307,0.018634,100.000000,33.328258,5.1467
2.1.05,168,512,512,262144,7.999241,0.010819,100.000000,33.311080,5.3261
2.1.06,168,512,512,262144,7.999257,0.005469,100.000000,33.388864,4.9133
2.1.07,168,512,512,262144,7.999256,0.015240,100.000000,33.367056,5.1549
2.1.08,168,512,512,262144,7.999301,0.016554,100.000000,33.335159,4.9944
2.1.09,168,512,512,262144,7.999342,0.016243,100.000000,33.345578,5.1480
2.1.10,168,512,512,262144,7.999312,0.012034,100.000000,33.281836,4.8756
2.1.11,168,512,512,262144,7.999354,0.004302,100.000000,33.322538,5.1552
2.1.12,168,512,512,262144,7.999275,0.018006,100.000000,33.245433,4.9884
2.2.01,168,1024,1024,1048576,7.999817,0.014734,100.000000,33.370622,19.4649
2.2.02,168,1024,1024,1048576,7.999840,0.020194,100.000000,33.325775,19.7928
2.2.03,168,1024,1024,1048576,7.999819,0.011320,100.000000,33.309220,19.8886
2.2.04,168,1024,1024,1048576,7.999831,0.019982,100.000000,33.334175,19.3528
2.2.05,168,1024,1024,1048576,7.999833,0.019729,100.000000,33.286844,20.1609
2.2.06,168,1024,1024,1048576,7.999810,0.030944,100.000000,33.374795,19.9333
2.2.07,168,1024,1024,1048576,7.999817,0.010895,100.000000,33.320867,20.0628
2.2.08,168,1024,1024,1048576,7.999830,0.015594,100.000000,33.309348,20.4280
2.2.09,168,1024,1024,1048576,7.999836,0.018931,100.000000,33.329803,21.5928
2.2.10,168,1024,1024,1048576,7.999828,0.010812,100.000000,33.332030,19.7363
2.2.11,168,1024,1024,1048576,7.999824,0.010165,100.000000,33.357918,19.9700
2.2.12,168,1024,1024,1048576,7.999833,0.015504,100.000000,33.336694,20.2532
2.2.13,168,1024,1024,1048576,7.999814,0.008002,100.000000,33.337698,20.1643
2.2.14,168,1024,1024,1048576,7.999825,0.012644,100.000000,33.342944,20.7439
2.2.15,168,1024,1024,1048576,7.999818,0.011447,100.000000,33.302955,21.9867
2.2.16,168,1024,1024,1048576,7.999810,0.015943,100.000000,33.348960,20.9619
2.2.17,168,1024,1024,1048576,7.999829,0.007634,100.000000,33.344437,20.4350
2.2.18,168,1024,1024,1048576,7.999819,0.006720,100.000000,33.348763,20.2477
2.2.19,168,1024,1024,1048576,7.999834,0.014777,100.000000,33.338953,20.0541
2.2.20,168,1024,1024,1048576,7.999824,0.009793,100.000000,33.352937,20.0824
2.2.21,168,1024,1024,1048576,7.999814,0.018400,100.000000,33.344960,20.3239
2.2.22,168,1024,1024,1048576,7.999825,0.022397,100.000000,33.325930,20.1132
2.2.23,168,1024,1024,1048576,7.999814,0.017954,99.999905,33.340863,20.5231
2.2.24,168,1024,1024,1048576,7.999841,0.008634,100.000000,33.326990,20.8940
wash-ir,168,2250,2250,5062500,7.999963,0.011163,100.000000,33.333899,101.8558
4.1.01,192,256,256,65536,7.996955,0.021618,100.000000,33.235682,1.2569
4.1.02,192,256,256,65536,7.997256,0.014588,100.000000,33.402827,1.2455
4.1.03,192,256,256,65536,7.997283,0.013725,100.000000,33.207041,1.2380
4.1.04,192,256,256,65536,7.997233,0.011443,100.000000,33.345415,1.2449
4.1.05,192,256,256,65536,7.997138,0.007978,100.000000,33.308997,1.2385
4.1.06,192,256,256,65536,7.997289,0.010069,100.000000,33.328877,1.2511
4.1.07,192,256,256,65536,7.996931,0.017099,100.000000,33.270170,1.2976
4.1.08,192,256,256,65536,7.997112,0.021970,100.000000,33.183872,1.2608
4.2.01,192,512,512,262144,7.999265,0.015191,100.000000,33.291812,4.9143
4.2.03,192,512,512,262144,7.999250,0.017218,100.000000,33.316058,4.9624
4.2.05,192,512,512,262144,7.999270,0.016113,100.000000,33.304629,4.9948
4.2.06,192,512,512,262144,7.999301,0.020250,100.000000,33.324055,4.8279
4.2.07,192,512,512,262144,7.999340,0.019989,100.000000,33.314120,5.2645
house,192,512,512,262144,7.999308,0.006154,100.000000,33.326064,5.3563
2.1.01,192,512,512,262144,7.999309,0.018308,100.000000,33.319256,5.5860
2.1.02,192,512,512,262144,7.999315,0.013135,99.999619,33.343350,5.4279
2.1.03,192,512,512,262144,7.999362,0.020667,100.000000,33.321599,5.1027
2.1.04,192,512,512,262144,7.999305,0.026159,100.000000,33.329747,5.4657
2.1.05,192,512,512,262144,7.999265,0.008317,100.000000,33.297143,5.0900
2.1.06,192,512,512,262144,7.999315,0.015270,100.000000,33.312185,5.0188
2.1.07,192,512,512,262144,7.999323,0.010095,100.000000,33.354876,4.9691
2.1.08,192,512,512,262144,7.999355,0.020971,100.000000,33.271498,4.8929
2.1.09,192,512,512,262144,7.999301,0.009613,100.000000,33.300924,4.9053
2.1.10,192,512,512,262144,7.999318,0.014690,100.000000,33.360635,4.8461
2.1.11,192,512,512,262144,7.999241,0.011535,100.000000,33.359520,5.0088
2.1.12,192,512,512,262144,7.999306,0.008466,100.000000,33.352880,4.9775
2.2.01,192,1024,1024,1048576,7.999831,0.029495,100.000000,33.348315,19.7593
2.2.02,192,1024,1024,1048576,7.999831,0.005598,100.000000,33.325713,19.7461
2.2.03,192,1024,1024,1048576,7.999806,0.004110,100.000000,33.352039,19.6256
2.2.04,192,1024,1024,1048576,7.999817,0.010909,100.000000,33.345771,20.0320
2.2.05,192,1024,1024,1048576,7.999833,0.020012,100.000000,33.329671,20.9341
2.2.06,192,1024,1024,1048576,7.999816,0.015642,100.000000,33.352228,20.6968
2.2.07,192,1024,1024,1048576,7.999831,0.008080,100.000000,33.360217,19.9398
2.2.08,192,1024,1024,1048576,7.999828,0.008358,100.000000,33.335311,20.1601
2.2.09,192,1024,1024,1048576,7.999833,0.021287,100.000000,33.321125,20.0145
2.2.10,192,1024,1024,1048576,7.999841,0.008377,100.000000,33.309385,19.4303
2.2.11,192,1024,1024,1048576,7.999825,0.019409,100.000000,33.349855,20.4068
2.2.12,192,1024,1024,1048576,7.999823,0.010268,100.000000,33.334278,20.5621
2.2.13,192,1024,1024,1048576,7.999844,0.007383,99.999905,33.336373,20.1899
2.2.14,192,1024,1024,1048576,7.999818,0.020532,100.000000,33.353206,19.7968
2.2.15,192,1024,1024,1048576,7.999824,0.005496,100.000000,33.314153,19.9124
2.2.16,192,1024,1024,1048576,7.999838,0.016997,100.000000,33.304425,20.0818
2.2.17,192,1024,1024,1048576,7.999822,0.018190,99.999905,33.364584,19.7510
2.2.18,192,1024,1024,1048576,7.999835,0.004897,100.000000,33.369711,20.7719
2.2.19,192,1024,1024,1048576,7.999819,0.012413,100.000000,33.359794,20.1531
2.2.20,192,1024,1024,1048576,7.999825,0.014007,100.000000,33.308664,19.6113
2.2.21,192,1024,1024,1048576,7.999826,0.018285,100.000000,33.293510,19.6122
2.2.22,192,1024,1024,1048576,7.999825,0.002583,100.000000,33.328209,19.5224
2.2.23,192,1024,1024,1048576,7.999809,0.023426,100.000000,33.339418,19.8286
2.2.24,192,1024,1024,1048576,7.999827,0.011233,100.000000,33.329213,20.2832
wash-ir,192,2250,2250,5062500,7.999963,0.007046,100.000000,33.335482,96.2155
4.1.01,216,256,256,65536,7.997211,0.004308,100.000000,33.327675,1.1699
4.1.02,216,256,256,65536,7.997265,0.013001,100.000000,33.394277,1.2629
4.1.03,216,256,256,65536,7.997290,0.020375,100.000000,33.399561,1.1848
4.1.04,216,256,256,65536,7.997308,0.011386,100.000000,33.280664,1.2220
4.1.05,216,256,256,65536,7.997268,0.011770,100.000000,33.336936,1.2154
4.1.06,216,256,256,65536,7.997143,0.029523,100.000000,33.526015,1.1985
4.1.07,216,256,256,65536,7.997307,0.014672,100.000000,33.323218,1.2264
4.1.08,216,256,256,65536,7.996994,0.027473,100.000000,33.504056,1.1996
4.2.01,216,512,512,262144,7.999338,0.005904,100.000000,33.367236,5.4452
4.2.03,216,512,512,262144,7.999223,0.007294,100.000000,33.290537,5.0069
4.2.05,216,512,512,262144,7.999240,0.011140,100.000000,33.329855,4.8428
4.2.06,216,512,512,262144,7.999286,0.003464,100.000000,33.423423,5.1313
4.2.07,216,512,512,262144,7.999283,0.013826,100.000000,33.295119,5.4697
house,216,512,512,262144,7.999381,0.009862,100.000000,33.310063,4.9817
2.1.01,216,512,512,262144,7.999327,0.015954,100.000000,33.319120,5.0326
2.1.02,216,512,512,262144,7.999300,0.012597,100.000000,33.241686,4.7857
2.1.03,216,512,512,262144,7.999330,0.015347,100.000000,33.328188,4.9906
2.1.04,216,512,512,262144,7.999299,0.014788,100.000000,33.419055,4.9652
2.1.05,216,512,512,262144,7.999256,0.011396,100.000000,33.337848,4.8130
2.1.06,216,512,512,262144,7.999323,0.013135,100.000000,33.276246,5.1583
2.1.07,216,512,512,262144,7.999320,0.018296,100.000000,33.414028,4.6728
2.1.08,216,512,512,262144,7.999255,0.013412,100.000000,33.253616,4.9117
2.1.09,216,512,512,262144,7.999259,0.011801,100.000000,33.374195,4.7749
2.1.10,216,512,512,262144,7.999353,0.016089,100.000000,33.270719,4.9100
2.1.11,216,512,512,262144,7.999299,0.017694,100.000000,33.394541,4.7662
2.1.12,216,512,512,262144,7.999253,0.010634,100.000000,33.177575,4.8583
2.2.01,216,1024,1024,1048576,7.999836,0.014427,100.000000,33.283647,19.4150
2.2.02,216,1024,1024,1048576,7.999827,0.018087,100.000000,33.346803,18.9705
2.2.03,216,1024,1024,1048576,7.999833,0.006424,100.000000,33.334776,19.0642
2.2.04,216,1024,1024,1048576,7.999815,0.024809,100.000000,33.362602,18.6758
2.2.05,216,1024,1024,1048576,7.999817,0.009849,99.999905,33.325605,19.9834
2.2.06,216,1024,1024,1048576,7.999815,0.015960,100.000000,33.348656,19.3101
2.2.07,216,1024,1024,1048576,7.999821,0.011745,100.000000,33.338823,9.9882
2.2.08,216,1024,1024,1048576,7.999832,0.015325,100.000000,33.323132,9.9820
2.2.09,216,1024,1024,1048576,7.999824,0.016114,100.000000,33.341630,9.9205
2.2.10,216,1024,1024,1048576,7.999815,0.019626,100.000000,33.333435,10.0763
2.2.11,216,1024,1024,1048576,7.999814,0.007269,100.000000,33.294071,10.0389
2.2.12,216,1024,1024,1048576,7.999831,0.016095,100.000000,33.324844,9.8937
2.2.13,216,1024,1024,1048576,7.999815,0.012094,100.000000,33.280931,12.2300
2.2.14,216,1024,1024,1048576,7.999822,0.025709,100.000000,33.310377,18.8196
2.2.15,216,1024,1024,1048576,7.999813,0.009540,100.000000,33.316843,17.2982
2.2.16,216,1024,1024,1048576,7.999827,0.020861,100.000000,33.298804,18.8318
2.2.17,216,1024,1024,1048576,7.999817,0.014199,100.000000,33.378985,19.7761
2.2.18,216,1024,1024,1048576,7.999826,0.018822,100.000000,33.306906,19.2269
2.2.19,216,1024,1024,1048576,7.999834,0.021182,100.000000,33.308379,19.2053
2.2.20,216,1024,1024,1048576,7.999825,0.008662,100.000000,33.335531,19.6483
2.2.21,216,1024,1024,1048576,7.999827,0.004841,100.000000,33.338560,20.8783
2.2.22,216,1024,1024,1048576,7.999823,0.016780,100.000000,33.364123,19.6017
2.2.23,216,1024,1024,1048576,7.999822,0.010362,100.000000,33.325904,18.2644
2.2.24,216,1024,1024,1048576,7.999824,0.007552,100.000000,33.338729,18.7333
wash-ir,216,2250,2250,5062500,7.999962,0.016991,100.000000,33.336619,94.4649
4.1.01,240,256,256,65536,7.997249,0.004893,100.000000,33.293874,1.5072
4.1.02,240,256,256,65536,7.997185,0.006160,100.000000,33.417246,1.1705
4.1.03,240,256,256,65536,7.997347,0.019115,100.000000,33.401212,1.2408
4.1.04,240,256,256,65536,7.997234,0.007981,100.000000,33.272668,1.1938
4.1.05,240,256,256,65536,7.997118,0.020821,100.000000,33.489076,1.4284
4.1.06,240,256,256,65536,7.997229,0.007471,100.000000,33.354942,1.1212
4.1.07,240,256,256,65536,7.997075,0.005921,100.000000,33.362669,1.1363
4.1.08,240,256,256,65536,7.996980,0.021170,100.000000,33.378509,1.2305
4.2.01,240,512,512,262144,7.999315,0.016481,100.000000,33.227084,4.8478
4.2.03,240,512,512,262144,7.999314,0.026163,100.000000,33.294666,4.6910
4.2.05,240,512,512,262144,7.999308,0.015793,100.000000,33.353758,4.6080
4.2.06,240,512,512,262144,7.999262,0.013915,100.000000,33.362678,4.6196
4.2.07,240,512,512,262144,7.999308,0.015759,100.000000,33.421728,4.9784
house,240,512,512,262144,7.999316,0.011817,100.000000,33.305997,4.7461
2.1.01,240,512,512,262144,7.999371,0.009335,100.000000,33.374626,4.6452
2.1.02,240,512,512,262144,7.999303,0.019193,100.000000,33.315745,4.8038
2.1.03,240,512,512,262144,7.999237,0.012893,100.000000,33.388992,4.5411
2.1.04,240,512,512,262144,7.999251,0.014269,100.000000,33.238627,4.7129
2.1.05,240,512,512,262144,7.999235,0.024011,100.000000,33.341069,4.5714
2.1.06,240,512,512,262144,7.999266,0.011174,100.000000,33.359811,4.7003
2.1.07,240,512,512,262144,7.999295,0.007846,100.000000,33.258234,5.0349
2.1.08,240,512,512,262144,7.999291,0.012800,100.000000,33.380132,4.8601
2.1.09,240,512,512,262144,7.999305,0.008474,100.000000,33.301991,4.8528
2.1.10,240,512,512,262144,7.999300,0.011595,100.000000,33.297749,4.8887
2.1.11,240,512,512,262144,7.999371,0.023069,100.000000,33.336633,4.9125
2.1.12,240,512,512,262144,7.999294,0.014231,100.000000,33.307176,5.3373
2.2.01,240,1024,1024,1048576,7.999820,0.013798,100.000000,33.335130,19.8825
2.2.02,240,1024,1024,1048576,7.999810,0.016863,99.999905,33.349980,19.2038
2.2.03,240,1024,1024,1048576,7.999827,0.009663,100.000000,33.333690,19.3058
2.2.04,240,1024,1024,1048576,7.999823,0.015333,100.000000,33.356890,18.9759
2.2.05,240,1024,1024,1048576,7.999813,0.017370,100.000000,33.334931,18.8054
2.2.06,240,1024,1024,1048576,7.999820,0.018569,100.000000,33.302747,19.3631
2.2.07,240,1024,1024,1048576,7.999830,0.019298,100.000000,33.330861,20.2721
2.2.08,240,1024,1024,1048576,7.999809,0.016742,100.000000,33.363582,19.2331
2.2.09,240,1024,1024,1048576,7.999815,0.026241,100.000000,33.328004,19.8050
2.2.10,240,1024,1024,1048576,7.999818,0.005143,100.000000,33.292668,19.3312
2.2.11,240,1024,1024,1048576,7.999832,0.019610,100.000000,33.346258,19.3656
2.2.12,240,1024,1024,1048576,7.999833,0.018045,100.000000,33.337673,18.6700
2.2.13,240,1024,1024,1048576,7.999825,0.014856,100.000000,33.295984,19.1280
2.2.14,240,1024,1024,1048576,7.999819,0.007958,100.000000,33.328301,19.1255
2.2.15,240,1024,1024,1048576,7.999815,0.013154,99.999809,33.327415,19.0443
2.2.16,240,1024,1024,1048576,7.999822,0.015300,100.000000,33.344918,19.4331
2.2.17,240,1024,1024,1048576,7.999821,0.014864,100.000000,33.347914,19.5876
2.2.18,240,1024,1024,1048576,7.999819,0.017303,100.000000,33.344747,19.8272
2.2.19,240,1024,1024,1048576,7.999834,0.015122,100.000000,33.361705,19.4652
2.2.20,240,1024,1024,1048576,7.999827,0.010597,100.000000,33.331460,9.8944
2.2.21,240,1024,1024,1048576,7.999825,0.023986,100.000000,33.300366,9.8668
2.2.22,240,1024,1024,1048576,7.999813,0.008305,100.000000,33.360217,9.9046
2.2.23,240,1024,1024,1048576,7.999831,0.017176,100.000000,33.312389,9.8651
2.2.24,240,1024,1024,1048576,7.999823,0.009532,100.000000,33.310958,9.9002
wash-ir,240,2250,2250,5062500,7.999965,0.010970,99.999980,33.323547,72.9604
4.1.01,264,256,256,65536,7.997233,0.014424,100.000000,33.293592,1.2212
4.1.02,264,256,256,65536,7.997166,0.018500,100.000000,33.354569,1.2234
4.1.03,264,256,256,65536,7.997173,0.011961,100.000000,33.286967,1.2198
4.1.04,264,256,256,65536,7.997138,0.020496,100.000000,33.528511,1.3164
4.1.05,264,256,256,65536,7.997233,0.014988,100.000000,33.308682,1.2725
4.1.06,264,256,256,65536,7.997550,0.004011,100.000000,33.314641,1.2615
4.1.07,264,256,256,65536,7.997130,0.011467,100.000000,33.528866,1.2024
4.1.08,264,256,256,65536,7.997129,0.003982,100.000000,33.305905,1.2724
4.2.01,264,512,512,262144,7.999264,0.015420,100.000000,33.359277,4.7705
4.2.03,264,512,512,262144,7.999252,0.009821,100.000000,33.429431,4.8759
4.2.05,264,512,512,262144,7.999300,0.016020,100.000000,33.331121,4.8062
4.2.06,264,512,512,262144,7.999248,0.020505,100.000000,33.288082,4.8124
4.2.07,264,512,512,262144,7.999341,0.011728,100.000000,33.318138,4.3006
house,264,512,512,262144,7.999269,0.020018,100.000000,33.405078,4.8010
2.1.01,264,512,512,262144,7.999345,0.023991,100.000000,33.383929,4.8026
2.1.02,264,512,512,262144,7.999319,0.014080,100.000000,33.394121,4.7714
2.1.03,264,512,512,262144,7.999338,0.007099,100.000000,33.384556,5.0269
2.1.04,264,512,512,262144,7.999253,0.015836,100.000000,33.409047,4.7360
2.1.05,264,512,512,262144,7.999346,0.011463,100.000000,33.331307,4.5830
2.1.06,264,512,512,262144,7.999303,0.022358,100.000000,33.288560,4.2559
2.1.07,264,512,512,262144,7.999280,0.013066,100.000000,33.291650,3.1392
2.1.08,264,512,512,262144,7.999342,0.018489,100.000000,33.288650,2.9173
2.1.09,264,512,512,262144,7.999272,0.010992,100.000000,33.373787,2.9531
2.1.10,264,512,512,262144,7.999342,0.021544,100.000000,33.277056,3.0765
2.1.11,264,512,512,262144,7.999307,0.006942,100.000000,33.347555,4.0078
2.1.12,264,512,512,262144,7.999255,0.009115,100.000000,33.340421,4.6250
2.2.01,264,1024,1024,1048576,7.999838,0.009527,100.000000,33.322515,19.0210
2.2.02,264,1024,1024,1048576,7.999822,0.020348,100.000000,33.300398,19.3359
2.2.03,264,1024,1024,1048576,7.999807,0.023652,100.000000,33.332098,20.4483
2.2.04,264,1024,1024,1048576,7.999826,0.012150,100.000000,33.309430,19.1571
2.2.05,264,1024,1024,1048576,7.999819,0.016613,100.000000,33.307682,19.3011
2.2.06,264,1024,1024,1048576,7.999828,0.008478,100.000000,33.334542,19.1445
2.2.07,264,1024,1024,1048576,7.999827,0.006559,100.000000,33.312954,19.5610
2.2.08,264,1024,1024,1048576,7.999820,0.010472,100.000000,33.330873,18.9207
2.2.09,264,1024,1024,1048576,7.999824,0.009814,100.000000,33.316826,18.9365
2.2.10,264,1024,1024,1048576,7.999829,0.017570,100.000000,33.297352,19.1124
2.2.11,264,1024,1024,1048576,7.999811,0.018766,100.000000,33.317453,19.1603
2.2.12,264,1024,1024,1048576,7.999826,0.008754,100.000000,33.318616,19.8586
2.2.13,264,1024,1024,1048576,7.999816,0.003129,100.000000,33.348252,19.2168
2.2.14,264,1024,1024,1048576,7.999814,0.005980,100.000000,33.334974,19.1997
2.2.15,264,1024,1024,1048576,7.999834,0.015394,100.000000,33.337513,18.9724
2.2.16,264,1024,1024,1048576,7.999835,0.024084,100.000000,33.347652,19.3705
2.2.17,264,1024,1024,1048576,7.999818,0.009663,100.000000,33.331491,10.1371
2.2.18,264,1024,1024,1048576,7.999823,0.031596,100.000000,33.351380,10.0236
2.2.19,264,1024,1024,1048576,7.999821,0.010308,99.999905,33.319443,10.0621
2.2.20,264,1024,1024,1048576,7.999811,0.021807,100.000000,33.350019,10.0134
2.2.21,264,1024,1024,1048576,7.999819,0.025824,100.000000,33.323251,10.5119
2.2.22,264,1024,1024,1048576,7.999815,0.017072,100.000000,33.363907,13.3584
2.2.23,264,1024,1024,1048576,7.999820,0.013442,99.999905,33.376615,19.1644
2.2.24,264,1024,1024,1048576,7.999815,0.020839,100.000000,33.339366,19.3508
wash-ir,264,2250,2250,5062500,7.999963,0.016944,100.000000,33.344433,93.2404
4.1.01,288,256,256,65536,7.997203,0.009910,100.000000,33.346702,1.1863
4.1.02,288,256,256,65536,7.997293,0.019749,100.000000,33.437299,1.2398
4.1.03,288,256,256,65536,7.997313,0.029654,100.000000,33.239570,1.2003
4.1.04,288,256,256,65536,7.997120,0.014784,100.000000,33.278787,1.2165
4.1.05,288,256,256,65536,7.997406,0.021744,100.000000,33.195326,1.2852
4.1.06,288,256,256,65536,7.997176,0.006876,100.000000,33.175391,1.3650
4.1.07,288,256,256,65536,7.997059,0.022958,100.000000,33.406990,1.1654
4.1.08,288,256,256,65536,7.997115,0.009121,100.000000,33.431755,1.2828
4.2.01,288,512,512,262144,7.999341,0.010675,99.999619,33.342782,5.1018
4.2.03,288,512,512,262144,7.999326,0.011066,100.000000,33.305818,5.1777
4.2.05,288,512,512,262144,7.999340,0.016273,100.000000,33.376996,5.3565
4.2.06,288,512,512,262144,7.999265,0.003188,100.000000,33.310696,5.0593
4.2.07,288,512,512,262144,7.999286,0.012806,100.000000,33.291407,4.9693
house,288,512,512,262144,7.999290,0.012615,100.000000,33.366062,5.1397
2.1.01,288,512,512,262144,7.999291,0.018057,100.000000,33.266101,4.9282
2.1.02,288,512,512,262144,7.999275,0.007502,100.000000,33.384008,4.5351
2.1.03,288,512,512,262144,7.999322,0.003144,100.000000,33.333346,4.7100
2.1.04,288,512,512,262144,7.999352,0.021568,100.000000,33.359973,4.5914
2.1.05,288,512,512,262144,7.999330,0.025537,100.000000,33.347237,4.7031
2.1.06,288,512,512,262144,7.999308,0.015380,100.000000,33.354303,4.6206
2.1.07,288,512,512,262144,7.999241,0.016834,100.000000,33.282266,4.9212
2.1.08,288,512,512,262144,7.999273,0.007964,100.000000,33.361619,4.9111
2.1.09,288,512,512,262144,7.999293,0.009788,100.000000,33.324196,4.5766
2.1.10,288,512,512,262144,7.999360,0.014383,100.000000,33.309796,4.8832
2.1.11,288,512,512,262144,7.999251,0.002394,100.000000,33.388486,4.7784
2.1.12,288,512,512,262144,7.999340,0.009683,100.000000,33.380457,4.8765
2.2.01,288,1024,1024,1048576,7.999820,0.011344,99.999905,33.338529,19.2547
2.2.02,288,1024,1024,1048576,7.999813,0.026682,100.000000,33.327342,20.0746
2.2.03,288,1024,1024,1048576,7.999810,0.013900,100.000000,33.309019,20.2390
2.2.04,288,1024,1024,1048576,7.999836,0.009440,100.000000,33.376015,20.4977
2.2.05,288,1024,1024,1048576,7.999810,0.009435,100.000000,33.325110,19.9123
2.2.06,288,1024,1024,1048576,7.999808,0.017671,100.000000,33.349985,15.0387
2.2.07,288,1024,1024,1048576,7.999822,0.020182,100.000000,33.298299,19.8313
2.2.08,288,1024,1024,1048576,7.999833,0.022125,100.000000,33.308676,19.2636
2.2.09,288,1024,1024,1048576,7.999825,0.008006,100.000000,33.342148,19.4607
2.2.10,288,1024,1024,1048576,7.999839,0.015744,100.000000,33.372666,19.7407
2.2.11,288,1024,1024,1048576,7.999824,0.017053,100.000000,33.292485,20.0163
2.2.12,288,1024,1024,1048576,7.999816,0.018412,100.000000,33.321666,19.9426
2.2.13,288,1024,1024,1048576,7.999818,0.015871,100.000000,33.278909,19.4349
2.2.14,288,1024,1024,1048576,7.999833,0.023848,100.000000,33.364658,18.7847
2.2.15,288,1024,1024,1048576,7.999833,0.023495,100.000000,33.339764,18.9229
2.2.16,288,1024,1024,1048576,7.999817,0.013365,100.000000,33.316833,18.9019
2.2.17,288,1024,1024,1048576,7.999825,0.015260,100.000000,33.338814,19.1495
2.2.18,288,1024,1024,1048576,7.999837,0.012711,100.000000,33.332985,19.0942
2.2.19,288,1024,1024,1048576,7.999830,0.009638,100.000000,33.343868,19.8429
2.2.20,288,1024,1024,1048576,7.999836,0.035928,100.000000,33.336332,19.7166
2.2.21,288,1024,1024,1048576,7.999827,0.008592,100.000000,33.298481,19.5252
2.2.22,288,1024,1024,1048576,7.999818,0.016075,100.000000,33.332957,10.0130
2.2.23,288,1024,1024,1048576,7.999816,0.018177,100.000000,33.310460,10.0367
2.2.24,288,1024,1024,1048576,7.999831,0.013728,99.999905,33.300398,9.9325
wash-ir,288,2250,2250,5062500,7.999962,0.016015,99.999980,33.317441,59.1017
4.1.01,312,256,256,65536,7.996889,0.006442,100.000000,33.337358,1.1443
4.1.02,312,256,256,65536,7.996993,0.015796,100.000000,33.270651,1.1359
4.1.03,312,256,256,65536,7.997226,0.014672,100.000000,33.345101,1.1402
4.1.04,312,256,256,65536,7.997277,0.018637,100.000000,33.460251,1.1466
4.1.05,312,256,256,65536,7.997396,0.013007,100.000000,33.485924,1.2088
4.1.06,312,256,256,65536,7.996944,0.010706,100.000000,33.225916,1.1612
4.1.07,312,256,256,65536,7.997242,0.030360,100.000000,33.332468,1.1505
4.1.08,312,256,256,65536,7.997228,0.023767,100.000000,33.426998,1.1238
4.2.01,312,512,512,262144,7.999364,0.010510,100.000000,33.320369,4.5200
4.2.03,312,512,512,262144,7.999324,0.012100,100.000000,33.263696,4.6352
4.2.05,312,512,512,262144,7.999297,0.020322,100.000000,33.277862,4.9417
4.2.06,312,512,512,262144,7.999340,0.013410,100.000000,33.338651,5.0837
4.2.07,312,512,512,262144,7.999334,0.012630,100.000000,33.298847,4.7660
house,312,512,512,262144,7.999302,0.003226,100.000000,33.270398,4.8997
2.1.01,312,512,512,262144,7.999254,0.017005,100.000000,33.354931,4.7647
2.1.02,312,512,512,262144,7.999310,0.014530,100.000000,33.359114,5.0586
2.1.03,312,512,512,262144,7.999320,0.004508,100.000000,33.379692,5.0467
2.1.04,312,512,512,262144,7.999262,0.006096,100.000000,33.274553,5.0533
2.1.05,312,512,512,262144,7.999335,0.020852,100.000000,33.408911,4.9352
2.1.06,312,512,512,262144,7.999283,0.022146,100.000000,33.328691,5.0780
2.1.07,312,512,512,262144,7.999340,0.004610,100.000000,33.312469,5.1315
2.1.08,312,512,512,262144,7.999277,0.009396,100.000000,33.330525,4.7714
2.1.09,312,512,512,262144,7.999326,0.006162,100.000000,33.338726,4.6416
2.1.10,312,512,512,262144,7.999288,0.023000,100.000000,33.308619,4.5889
2.1.11,312,512,512,262144,7.999246,0.021750,100.000000,33.423058,4.9352
2.1.12,312,512,512,262144,7.999231,0.012634,100.000000,33.377388,4.9515
2.2.01,312,1024,1024,1048576,7.999825,0.019674,100.000000,33.342804,19.1170
2.2.02,312,1024,1024,1048576,7.999834,0.016919,100.000000,33.354031,18.8631
2.2.03,312,1024,1024,1048576,7.999810,0.014761,99.999905,33.319563,19.1801
2.2.04,312,1024,1024,1048576,7.999839,0.007714,100.000000,33.291995,20.0748
2.2.05,312,1024,1024,1048576,7.999811,0.014785,100.000000,33.376453,19.9249
2.2.06,312,1024,1024,1048576,7.999817,0.017196,100.000000,33.317205,19.6867
2.2.07,312,1024,1024,1048576,7.999807,0.012402,100.000000,33.341778,19.8691
2.2.08,312,1024,1024,1048576,7.999816,0.019674,100.000000,33.339474,19.0919
2.2.09,312,1024,1024,1048576,7.999814,0.018881,100.000000,33.307993,19.2965
2.2.10,312,1024,1024,1048576,7.999826,0.016985,100.000000,33.309968,19.2057
2.2.11,312,1024,1024,1048576,7.999828,0.021098,100.000000,33.355056,19.3426
2.2.12,312,1024,1024,1048576,7.999823,0.018559,100.000000,33.367095,19.3173
2.2.13,312,1024,1024,1048576,7.999826,0.014112,100.000000,33.332106,19.0735
2.2.14,312,1024,1024,1048576,7.999845,0.003282,100.000000,33.343848,19.1279
2.2.15,312,1024,1024,1048576,7.999826,0.009280,99.999905,33.310380,18.7906
2.2.16,312,1024,1024,1048576,7.999823,0.013062,100.000000,33.328795,18.3680
2.2.17,312,1024,1024,1048576,7.999831,0.009502,100.000000,33.353824,19.5897
2.2.18,312,1024,1024,1048576,7.999815,0.014666,100.000000,33.322588,20.4252
2.2.19,312,1024,1024,1048576,7.999819,0.011557,100.000000,33.357828,18.6313
2.2.20,312,1024,1024,1048576,7.999832,0.006542,100.000000,33.321267,18.8466
2.2.21,312,1024,1024,1048576,7.999811,0.009635,100.000000,33.356353,19.9089
2.2.22,312,1024,1024,1048576,7.999815,0.021901,100.000000,33.326466,19.2879
2.2.23,312,1024,1024,1048576,7.999827,0.012814,99.999905,33.315982,19.6242
2.2.24,312,1024,1024,1048576,7.999836,0.011351,100.000000,33.360421,20.1136
wash-ir,312,2250,2250,5062500,7.999964,0.014077,100.000000,33.345111,93.3438
4.1.01,336,256,256,65536,7.997296,0.031867,100.000000,33.229291,1.1866
4.1.02,336,256,256,65536,7.996929,0.008898,100.000000,33.349883,1.1854
4.1.03,336,256,256,65536,7.996903,0.015770,100.000000,33.424994,1.1653
4.1.04,336,256,256,65536,7.997017,0.025372,100.000000,33.248225,1.1788
4.1.05,336,256,256,65536,7.997313,0.009894,100.000000,33.346644,1.1995
4.1.06,336,256,256,65536,7.997141,0.016446,100.000000,33.349512,1.3019
4.1.07,336,256,256,65536,7.997137,0.018164,100.000000,33.410331,1.2732
4.1.08,336,256,256,65536,7.997069,0.015200,100.000000,33.288055,1.1473
4.2.01,336,512,512,262144,7.999370,0.017425,100.000000,33.417587,4.5717
4.2.03,336,512,512,262144,7.999336,0.010694,100.000000,33.355049,5.6332
4.2.05,336,512,512,262144,7.999215,0.008113,100.000000,33.337921,5.1714
4.2.06,336,512,512,262144,7.999309,0.012094,100.000000,33.340763,4.7974
4.2.07,336,512,512,262144,7.999346,0.018489,100.000000,33.386076,4.7252
house,336,512,512,262144,7.999294,0.007115,100.000000,33.341999,4.8199
2.1.01,336,512,512,262144,7.999337,0.003124,100.000000,33.318751,4.9678
2.1.02,336,512,512,262144,7.999330,0.016792,100.000000,33.366907,4.7705
2.1.03,336,512,512,262144,7.999319,0.014979,100.000000,33.308106,4.7792
2.1.04,336,512,512,262144,7.999315,0.012834,100.000000,33.262585,4.9574
2.1.05,336,512,512,262144,7.999311,0.010200,100.000000,33.343344,4.8970
2.1.06,336,512,512,262144,7.999260,0.010406,100.000000,33.373396,4.9731
2.1.07,336,512,512,262144,7.999315,0.012362,100.000000,33.332771,5.1291
2.1.08,336,512,512,262144,7.999282,0.016566,100.000000,33.356016,4.7649
2.1.09,336,512,512,262144,7.999308,0.014759,100.000000,33.383798,4.7383
2.1.10,336,512,512,262144,7.999344,0.014331,100.000000,33.343086,4.9305
2.1.11,336,512,512,262144,7.999310,0.008266,100.000000,33.354658,4.7122
2.1.12,336,512,512,262144,7.999284,0.014512,100.000000,33.345247,4.6335
2.2.01,336,1024,1024,1048576,7.999820,0.017671,100.000000,33.303615,18.8769
2.2.02,336,1024,1024,1048576,7.999822,0.010501,100.000000,33.350757,18.8658
2.2.03,336,1024,1024,1048576,7.999812,0.008795,100.000000,33.323959,19.2482
2.2.04,336,1024,1024,1048576,7.999811,0.011816,100.000000,33.348546,17.9555
2.2.05,336,1024,1024,1048576,7.999833,0.025360,100.000000,33.320906,18.6271
2.2.06,336,1024,1024,1048576,7.999827,0.019966,100.000000,33.327053,18.8585
2.2.07,336,1024,1024,1048576,7.999820,0.016174,100.000000,33.336983,19.1273
2.2.08,336,1024,1024,1048576,7.999826,0.020926,100.000000,33.317019,18.5940
2.2.09,336,1024,1024,1048576,7.999829,0.010782,99.999905,33.299950,18.9906
2.2.10,336,1024,1024,1048576,7.999827,0.005366,100.000000,33.363595,18.7749
2.2.11,336,1024,1024,1048576,7.999818,0.017934,100.000000,33.342562,19.3794
2.2.12,336,1024,1024,1048576,7.999818,0.013343,100.000000,33.307419,18.6404
2.2.13,336,1024,1024,1048576,7.999817,0.014016,100.000000,33.311844,18.3739
2.2.14,336,1024,1024,1048576,7.999824,0.008123,100.000000,33.338643,19.9028
2.2.15,336,1024,1024,1048576,7.999833,0.031423,100.000000,33.295654,19.4650
2.2.16,336,1024,1024,1048576,7.999824,0.029098,100.000000,33.299735,9.8447
2.2.17,336,1024,1024,1048576,7.999828,0.023272,100.000000,33.323821,10.0102
2.2.18,336,1024,1024,1048576,7.999822,0.014816,100.000000,33.335401,10.1776
2.2.19,336,1024,1024,1048576,7.999814,0.015638,100.000000,33.301046,11.5978
2.2.20,336,1024,1024,1048576,7.999821,0.005520,100.000000,33.309846,18.1774
2.2.21,336,1024,1024,1048576,7.999831,0.010124,100.000000,33.380557,18.3707
2.2.22,336,1024,1024,1048576,7.999836,0.022482,100.000000,33.343965,18.4762
2.2.23,336,1024,1024,1048576,7.999831,0.022973,100.000000,33.328987,18.3287
2.2.24,336,1024,1024,1048576,7.999831,0.016146,100.000000,33.327839,10.3559
wash-ir,336,2250,2250,5062500,7.999964,0.011472,100.000000,33.340378,50.9512
4.1.01,360,256,256,65536,7.997265,0.018981,100.000000,33.407824,0.6615
4.1.02,360,256,256,65536,7.997353,0.017796,100.000000,33.345124,0.6570
4.1.03,360,256,256,65536,7.997094,0.018432,100.000000,33.394401,1.2434
4.1.04,360,256,256,65536,7.997089,0.010295,100.000000,33.168359,1.2305
4.1.05,360,256,256,65536,7.997221,0.015172,100.000000,33.227700,1.2341
4.1.06,360,256,256,65536,7.997016,0.017893,100.000000,33.450022,1.2229
4.1.07,360,256,256,65536,7.997198,0.019666,100.000000,33.265467,1.3913
4.1.08,360,256,256,65536,7.997086,0.013195,100.000000,33.416131,1.2901
4.2.01,360,512,512,262144,7.999245,0.006668,100.000000,33.391563,4.5565
4.2.03,360,512,512,262144,7.999325,0.012463,100.000000,33.377765,4.4785
4.2.05,360,512,512,262144,7.999320,0.024082,100.000000,33.343893,4.7515
4.2.06,360,512,512,262144,7.999320,0.019269,100.000000,33.301465,4.4827
4.2.07,360,512,512,262144,7.999288,0.009272,100.000000,33.398440,2.4900
house,360,512,512,262144,7.999380,0.014425,100.000000,33.358654,3.2964
2.1.01,360,512,512,262144,7.999209,0.025709,100.000000,33.380592,4.5590
2.1.02,360,512,512,262144,7.999352,0.019306,100.000000,33.276722,4.7000
2.1.03,360,512,512,262144,7.999226,0.020555,100.000000,33.343441,4.3442
2.1.04,360,512,512,262144,7.999298,0.013307,100.000000,33.371937,3.8586
2.1.05,360,512,512,262144,7.999301,0.020196,100.000000,33.266236,4.7057
2.1.06,360,512,512,262144,7.999291,0.008505,100.000000,33.339094,4.8738
2.1.07,360,512,512,262144,7.999212,0.018560,100.000000,33.298214,4.6315
2.1.08,360,512,512,262144,7.999328,0.026416,100.000000,33.270846,4.4263
2.1.09,360,512,512,262144,7.999322,0.014481,99.999619,33.357532,4.7018
2.1.10,360,512,512,262144,7.999273,0.021154,100.000000,33.292680,4.7030
2.1.11,360,512,512,262144,7.999285,0.011605,100.000000,33.337785,4.8310
2.1.12,360,512,512,262144,7.999309,0.010578,100.000000,33.312896,4.7038
2.2.01,360,1024,1024,1048576,7.999827,0.022947,100.000000,33.309847,18.0463
2.2.02,360,1024,1024,1048576,7.999832,0.009098,100.000000,33.327562,18.1017
2.2.03,360,1024,1024,1048576,7.999832,0.027000,100.000000,33.295777,19.5743
2.2.04,360,1024,1024,1048576,7.999821,0.003783,100.000000,33.348681,18.7297
2.2.05,360,1024,1024,1048576,7.999824,0.017683,100.000000,33.332708,18.7736
2.2.06,360,1024,1024,1048576,7.999804,0.007481,100.000000,33.352210,18.9534
2.2.07,360,1024,1024,1048576,7.999820,0.006265,100.000000,33.348888,18.6205
2.2.08,360,1024,1024,1048576,7.999816,0.009673,100.000000,33.359808,18.7218
2.2.09,360,1024,1024,1048576,7.999833,0.026989,100.000000,33.338264,18.5190
2.2.10,360,1024,1024,1048576,7.999825,0.006625,100.000000,33.289356,18.4192
2.2.11,360,1024,1024,1048576,7.999827,0.009259,100.000000,33.349679,17.0383
2.2.12,360,1024,1024,1048576,7.999826,0.016233,100.000000,33.356039,18.3116
2.2.13,360,1024,1024,1048576,7.999807,0.009125,100.000000,33.357259,18.6635
2.2.14,360,1024,1024,1048576,7.999820,0.016693,100.000000,33.342301,18.8255
2.2.15,360,1024,1024,1048576,7.999805,0.013696,100.000000,33.326095,18.4551
2.2.16,360,1024,1024,1048576,7.999834,0.016574,100.000000,33.310007,18.8554
2.2.17,360,1024,1024,1048576,7.999826,0.017089,100.000000,33.351300,18.0478
2.2.18,360,1024,1024,1048576,7.999828,0.014396,100.000000,33.328014,17.9949
2.2.19,360,1024,1024,1048576,7.999832,0.010286,100.000000,33.336582,18.0820
2.2.20,360,1024,1024,1048576,7.999832,0.029511,100.000000,33.342574,18.0481
2.2.21,360,1024,1024,1048576,7.999834,0.023170,100.000000,33.315569,19.3994
2.2.22,360,1024,1024,1048576,7.999800,0.020015,100.000000,33.309367,19.2131
2.2.23,360,1024,1024,1048576,7.999821,0.017539,100.000000,33.307343,14.8491
2.2.24,360,1024,1024,1048576,7.999833,0.019870,99.999905,33.267793,17.6050
wash-ir,360,2250,2250,5062500,7.999963,0.016646,100.000000,33.313987,48.3638
4.1.01,384,256,256,65536,7.997341,0.033015,100.000000,33.195949,0.7830
4.1.02,384,256,256,65536,7.997237,0.014227,100.000000,33.244186,1.2287
4.1.03,384,256,256,65536,7.997143,0.006792,100.000000,33.389003,1.2379
4.1.04,384,256,256,65536,7.996883,0.011934,100.000000,33.217071,1.1711
4.1.05,384,256,256,65536,7.996828,0.017055,100.000000,33.395576,1.1325
4.1.06,384,256,256,65536,7.997337,0.002914,100.000000,33.363605,1.0994
4.1.07,384,256,256,65536,7.997079,0.016855,100.000000,33.421453,1.0842
4.1.08,384,256,256,65536,7.997172,0.017014,100.000000,33.424183,1.1872
4.2.01,384,512,512,262144,7.999348,0.023286,100.000000,33.338144,4.9626
4.2.03,384,512,512,262144,7.999324,0.009179,100.000000,33.272763,4.7040
4.2.05,384,512,512,262144,7.999337,0.009632,100.000000,33.324347,4.5685
4.2.06,384,512,512,262144,7.999266,0.017466,100.000000,33.347884,4.5290
4.2.07,384,512,512,262144,7.999319,0.011940,100.000000,33.400689,4.4676
house,384,512,512,262144,7.999270,0.012935,100.000000,33.290254,4.3254
2.1.01,384,512,512,262144,7.999232,0.019207,100.000000,33.355319,4.5115
2.1.02,384,512,512,262144,7.999246,0.012677,100.000000,33.228898,4.8343
2.1.03,384,512,512,262144,7.999220,0.022040,100.000000,33.348782,4.3070
2.1.04,384,512,512,262144,7.999249,0.015057,100.000000,33.311469,4.6196
2.1.05,384,512,512,262144,7.999229,0.008069,100.000000,33.263284,5.1289
2.1.06,384,512,512,262144,7.999297,0.011667,100.000000,33.339919,2.4693
2.1.07,384,512,512,262144,7.999337,0.021231,100.000000,33.358815,2.4036
2.1.08,384,512,512,262144,7.999282,0.006371,100.000000,33.326157,4.7747
2.1.09,384,512,512,262144,7.999304,0.006151,100.000000,33.386344,4.7400
2.1.10,384,512,512,262144,7.999343,0.010488,100.000000,33.340505,4.7727
2.1.11,384,512,512,262144,7.999209,0.011039,100.000000,33.375947,4.6325
2.1.12,384,512,512,262144,7.999316,0.011046,100.000000,33.323588,4.2692
2.2.01,384,1024,1024,1048576,7.999820,0.022074,100.000000,33.332900,16.1519
2.2.02,384,1024,1024,1048576,7.999837,0.009097,99.999905,33.364188,16.9681
2.2.03,384,1024,1024,1048576,7.999818,0.016029,100.000000,33.354991,18.4675
2.2.04,384,1024,1024,1048576,7.999829,0.015208,100.000000,33.323254,17.4994
2.2.05,384,1024,1024,1048576,7.999821,0.015947,100.000000,33.328929,16.8809
2.2.06,384,1024,1024,1048576,7.999826,0.011665,100.000000,33.359749,17.4655
2.2.07,384,1024,1024,1048576,7.999824,0.024340,100.000000,33.352571,18.7243
2.2.08,384,1024,1024,1048576,7.999834,0.004231,99.999905,33.331328,14.6543
2.2.09,384,1024,1024,1048576,7.999831,0.017483,100.000000,33.342628,17.7484
2.2.10,384,1024,1024,1048576,7.999814,0.009857,100.000000,33.323787,13.9780
2.2.11,384,1024,1024,1048576,7.999834,0.015090,100.000000,33.309730,18.2841
2.2.12,384,1024,1024,1048576,7.999819,0.006572,100.000000,33.345911,17.9035
2.2.13,384,1024,1024,1048576,7.999825,0.008312,100.000000,33.318084,18.3137
2.2.14,384,1024,1024,1048576,7.999818,0.011379,100.000000,33.323520,10.7359
2.2.15,384,1024,1024,1048576,7.999835,0.023166,100.000000,33.331108,16.5898
2.2.16,384,1024,1024,1048576,7.999823,0.011147,100.000000,33.319987,9.6846
2.2.17,384,1024,1024,1048576,7.999826,0.008861,100.000000,33.362307,9.9054
2.2.18,384,1024,1024,1048576,7.999810,0.014986,100.000000,33.357312,10.0951
2.2.19,384,1024,1024,1048576,7.999829,0.018202,100.000000,33.329891,11.9480
2.2.20,384,1024,1024,1048576,7.999805,0.016499,100.000000,33.326027,10.2863
2.2.21,384,1024,1024,1048576,7.999836,0.006894,100.000000,33.332007,12.2249
2.2.22,384,1024,1024,1048576,7.999818,0.016181,100.000000,33.360597,11.4913
2.2.23,384,1024,1024,1048576,7.999826,0.003930,100.000000,33.301890,14.5220
2.2.24,384,1024,1024,1048576,7.999829,0.021775,100.000000,33.342235,9.7474
wash-ir,384,2250,2250,5062500,7.999963,0.009872,100.000000,33.332593,53.3160
