image,K,num_pixels,mean_chi2_plain,mean_chi2_cipher,chi2_critical_005,cipher_uniform_pass
4.1.01,24,65536,161648.1927,404.2161,293.2465,0
4.1.02,24,65536,279285.9792,416.9115,293.2465,0
4.1.03,24,65536,757390.6979,868.6823,293.2465,0
4.1.04,24,65536,81482.5964,298.0260,293.2465,0
4.1.05,24,65536,317258.1536,465.7005,293.2465,0
4.1.06,24,65536,89401.5182,354.9740,293.2465,0
4.1.07,24,65536,486579.0911,738.3125,293.2465,0
4.1.08,24,65536,338837.9115,504.4167,293.2465,0
4.2.01,24,262144,951959.3021,1216.6452,293.2465,0
4.2.03,24,262144,101863.4616,366.5794,293.2465,0
4.2.05,24,262144,822925.9603,1272.9616,293.2465,0
4.2.06,24,262144,223807.8535,358.9323,293.2465,0
4.2.07,24,262144,340999.4414,485.7715,293.2465,0
house,24,262144,257525.5384,414.9277,293.2465,0
2.1.01,24,262144,305263.2174,448.2598,293.2465,0
2.1.02,24,262144,285237.8646,371.1706,293.2465,0
2.1.03,24,262144,2147568.3815,2254.8652,293.2465,0
2.1.04,24,262144,878469.8587,1318.2839,293.2465,0
2.1.05,24,262144,265542.1608,456.0085,293.2465,0
2.1.06,24,262144,181814.6641,384.6413,293.2465,0
2.1.07,24,262144,1506062.4518,1703.5404,293.2465,0
2.1.08,24,262144,1304657.1211,1498.3874,293.2465,0
2.1.09,24,262144,1534474.9251,1287.5820,293.2465,0
2.1.10,24,262144,842741.8743,689.6706,293.2465,0
2.1.11,24,262144,382965.7695,488.3548,293.2465,0
2.1.12,24,262144,1041168.6172,1442.7565,293.2465,0
2.2.01,24,1048576,1606924.9424,1650.6976,293.2465,0
2.2.02,24,1048576,7994223.7020,7751.5480,293.2465,0
2.2.03,24,1048576,6187844.7371,6002.8232,293.2465,0
2.2.04,24,1048576,3690644.5820,4090.4793,293.2465,0
2.2.05,24,1048576,1298775.5493,2495.5482,293.2465,0
2.2.06,24,1048576,7396619.0374,9503.6092,293.2465,0
2.2.07,24,1048576,4860051.3880,4724.8084,293.2465,0
2.2.08,24,1048576,1082751.9800,950.1331,293.2465,0
2.2.09,24,1048576,6732990.8791,4814.6108,293.2465,0
2.2.10,24,1048576,7587851.9578,5951.2183,293.2465,0
2.2.11,24,1048576,4219744.8717,4826.7982,293.2465,0
2.2.12,24,1048576,4033947.6772,4029.6219,293.2465,0
2.2.13,24,1048576,2556570.1512,1640.9168,293.2465,0
2.2.14,24,1048576,2863126.6483,1461.1230,293.2465,0
2.2.15,24,1048576,5841825.9139,8760.7848,293.2465,0
2.2.16,24,1048576,3088125.5768,3348.6320,293.2465,0
2.2.17,24,1048576,2111634.7624,1198.4624,293.2465,0
2.2.18,24,1048576,3315796.2762,3487.6217,293.2465,0
2.2.19,24,1048576,4653792.5623,4553.9185,293.2465,0
2.2.20,24,1048576,3223388.8162,3433.7529,293.2465,0
2.2.21,24,1048576,3338600.8636,3348.3836,293.2465,0
2.2.22,24,1048576,6022088.4924,5009.2907,293.2465,0
2.2.23,24,1048576,11172208.3312,9104.8006,293.2465,0
2.2.24,24,1048576,2781243.8275,4802.3696,293.2465,0
wash-ir,24,5062500,5355559.2556,2119.5169,293.2465,0
4.1.01,48,65536,161648.1927,248.9635,293.2465,1
4.1.02,48,65536,279285.9792,264.0469,293.2465,1
4.1.03,48,65536,757390.6979,222.8203,293.2465,1
4.1.04,48,65536,81482.5964,265.4505,293.2465,1
4.1.05,48,65536,317258.1536,274.5417,293.2465,1
4.1.06,48,65536,89401.5182,246.0417,293.2465,1
4.1.07,48,65536,486579.0911,255.4115,293.2465,1
4.1.08,48,65536,338837.9115,236.6667,293.2465,1
4.2.01,48,262144,951959.3021,237.0182,293.2465,1
4.2.03,48,262144,101863.4616,229.4577,293.2465,1
4.2.05,48,262144,822925.9603,259.4023,293.2465,1
4.2.06,48,262144,223807.8535,246.3698,293.2465,1
4.2.07,48,262144,340999.4414,269.7930,293.2465,1
house,48,262144,257525.5384,231.8919,293.2465,1
2.1.01,48,262144,305263.2174,226.1471,293.2465,1
2.1.02,48,262144,285237.8646,236.4349,293.2465,1
2.1.03,48,262144,2147568.3815,267.1517,293.2465,1
2.1.04,48,262144,878469.8587,244.4707,293.2465,1
2.1.05,48,262144,265542.1608,253.2956,293.2465,1
2.1.06,48,262144,181814.6641,255.5195,293.2465,1
2.1.07,48,262144,1506062.4518,257.6328,293.2465,1
2.1.08,48,262144,1304657.1211,267.1634,293.2465,1
2.1.09,48,262144,1534474.9251,252.3861,293.2465,1
2.1.10,48,262144,842741.8743,265.0013,293.2465,1
2.1.11,48,262144,382965.7695,266.5846,293.2465,1
2.1.12,48,262144,1041168.6172,257.9714,293.2465,1
2.2.01,48,1048576,1606924.9424,243.9757,293.2465,1
2.2.02,48,1048576,7994223.7020,279.8809,293.2465,1
2.2.03,48,1048576,6187844.7371,255.4803,293.2465,1
2.2.04,48,1048576,3690644.5820,229.9023,293.2465,1
2.2.05,48,1048576,1298775.5493,262.9124,293.2465,1
2.2.06,48,1048576,7396619.0374,246.9069,293.2465,1
2.2.07,48,1048576,4860051.3880,237.5360,293.2465,1
2.2.08,48,1048576,1082751.9800,275.6104,293.2465,1
2.2.09,48,1048576,6732990.8791,251.7340,293.2465,1
2.2.10,48,1048576,7587851.9578,267.2809,293.2465,1
2.2.11,48,1048576,4219744.8717,238.4346,293.2465,1
2.2.12,48,1048576,4033947.6772,242.9245,293.2465,1
2.2.13,48,1048576,2556570.1512,258.3047,293.2465,1
2.2.14,48,1048576,2863126.6483,249.7598,293.2465,1
2.2.15,48,1048576,5841825.9139,287.7251,293.2465,1
2.2.16,48,1048576,3088125.5768,245.7345,293.2465,1
2.2.17,48,1048576,2111634.7624,227.4909,293.2465,1
2.2.18,48,1048576,3315796.2762,254.8112,293.2465,1
2.2.19,48,1048576,4653792.5623,262.1341,293.2465,1
2.2.20,48,1048576,3223388.8162,241.6437,293.2465,1
2.2.21,48,1048576,3338600.8636,257.3019,293.2465,1
2.2.22,48,1048576,6022088.4924,259.4871,293.2465,1
2.2.23,48,1048576,11172208.3312,231.4504,293.2465,1
2.2.24,48,1048576,2781243.8275,260.9774,293.2465,1
wash-ir,48,5062500,5355559.2556,244.4755,293.2465,1
4.1.01,72,65536,161648.1927,246.4661,293.2465,1
4.1.02,72,65536,279285.9792,254.0312,293.2465,1
4.1.03,72,65536,757390.6979,286.2760,293.2465,1
4.1.04,72,65536,81482.5964,240.6120,293.2465,1
4.1.05,72,65536,317258.1536,222.6172,293.2465,1
4.1.06,72,65536,89401.5182,264.1745,293.2465,1
4.1.07,72,65536,486579.0911,269.1042,293.2465,1
4.1.08,72,65536,338837.9115,272.6667,293.2465,1
4.2.01,72,262144,951959.3021,250.9577,293.2465,1
4.2.03,72,262144,101863.4616,281.0846,293.2465,1
4.2.05,72,262144,822925.9603,263.5195,293.2465,1
4.2.06,72,262144,223807.8535,227.3307,293.2465,1
4.2.07,72,262144,340999.4414,267.4180,293.2465,1
house,72,262144,257525.5384,255.4525,293.2465,1
2.1.01,72,262144,305263.2174,250.1296,293.2465,1
2.1.02,72,262144,285237.8646,250.9408,293.2465,1
2.1.03,72,262144,2147568.3815,246.6224,293.2465,1
2.1.04,72,262144,878469.8587,253.7246,293.2465,1
2.1.05,72,262144,265542.1608,257.0560,293.2465,1
2.1.06,72,262144,181814.6641,258.1237,293.2465,1
2.1.07,72,262144,1506062.4518,268.2493,293.2465,1
2.1.08,72,262144,1304657.1211,236.2493,293.2465,1
2.1.09,72,262144,1534474.9251,268.2474,293.2465,1
2.1.10,72,262144,842741.8743,251.4779,293.2465,1
2.1.11,72,262144,382965.7695,259.6797,293.2465,1
2.1.12,72,262144,1041168.6172,252.3952,293.2465,1
2.2.01,72,1048576,1606924.9424,260.3433,293.2465,1
2.2.02,72,1048576,7994223.7020,262.7090,293.2465,1
2.2.03,72,1048576,6187844.7371,250.2619,293.2465,1
2.2.04,72,1048576,3690644.5820,260.2152,293.2465,1
2.2.05,72,1048576,1298775.5493,279.4305,293.2465,1
2.2.06,72,1048576,7396619.0374,255.9235,293.2465,1
2.2.07,72,1048576,4860051.3880,257.5980,293.2465,1
2.2.08,72,1048576,1082751.9800,245.2834,293.2465,1
2.2.09,72,1048576,6732990.8791,261.6012,293.2465,1
2.2.10,72,1048576,7587851.9578,248.6839,293.2465,1
2.2.11,72,1048576,4219744.8717,241.7609,293.2465,1
2.2.12,72,1048576,4033947.6772,270.1528,293.2465,1
2.2.13,72,1048576,2556570.1512,248.2240,293.2465,1
2.2.14,72,1048576,2863126.6483,259.4578,293.2465,1
2.2.15,72,1048576,5841825.9139,262.2863,293.2465,1
2.2.16,72,1048576,3088125.5768,232.6457,293.2465,1
2.2.17,72,1048576,2111634.7624,259.3454,293.2465,1
2.2.18,72,1048576,3315796.2762,260.8563,293.2465,1
2.2.19,72,1048576,4653792.5623,235.1432,293.2465,1
2.2.20,72,1048576,3223388.8162,238.8231,293.2465,1
2.2.21,72,1048576,3338600.8636,252.0516,293.2465,1
2.2.22,72,1048576,6022088.4924,244.7308,293.2465,1
2.2.23,72,1048576,11172208.3312,256.0112,293.2465,1
2.2.24,72,1048576,2781243.8275,248.9959,293.2465,1
wash-ir,72,5062500,5355559.2556,248.3780,293.2465,1
4.1.01,96,65536,161648.1927,240.4453,293.2465,1
4.1.02,96,65536,279285.9792,258.2474,293.2465,1
4.1.03,96,65536,757390.6979,248.5703,293.2465,1
4.1.04,96,65536,81482.5964,273.2474,293.2465,1
4.1.05,96,65536,317258.1536,227.4297,293.2465,1
4.1.06,96,65536,89401.5182,240.6562,293.2465,1
4.1.07,96,65536,486579.0911,252.7161,293.2465,1
4.1.08,96,65536,338837.9115,258.1771,293.2465,1
4.2.01,96,262144,951959.3021,245.6270,293.2465,1
4.2.03,96,262144,101863.4616,251.7930,293.2465,1
4.2.05,96,262144,822925.9603,283.4199,293.2465,1
4.2.06,96,262144,223807.8535,249.9447,293.2465,1
4.2.07,96,262144,340999.4414,231.5970,293.2465,1
house,96,262144,257525.5384,255.2194,293.2465,1
2.1.01,96,262144,305263.2174,277.7246,293.2465,1
2.1.02,96,262144,285237.8646,266.4779,293.2465,1
2.1.03,96,262144,2147568.3815,250.0208,293.2465,1
2.1.04,96,262144,878469.8587,252.2865,293.2465,1
2.1.05,96,262144,265542.1608,252.6016,293.2465,1
2.1.06,96,262144,181814.6641,251.8288,293.2465,1
2.1.07,96,262144,1506062.4518,239.1458,293.2465,1
2.1.08,96,262144,1304657.1211,255.9505,293.2465,1
2.1.09,96,262144,1534474.9251,254.5358,293.2465,1
2.1.10,96,262144,842741.8743,245.6810,293.2465,1
2.1.11,96,262144,382965.7695,234.1452,293.2465,1
2.1.12,96,262144,1041168.6172,262.0703,293.2465,1
2.2.01,96,1048576,1606924.9424,214.5251,293.2465,1
2.2.02,96,1048576,7994223.7020,264.4876,293.2465,1
2.2.03,96,1048576,6187844.7371,269.4408,293.2465,1
2.2.04,96,1048576,3690644.5820,282.3494,293.2465,1
2.2.05,96,1048576,1298775.5493,261.2397,293.2465,1
2.2.06,96,1048576,7396619.0374,253.7829,293.2465,1
2.2.07,96,1048576,4860051.3880,247.3576,293.2465,1
2.2.08,96,1048576,1082751.9800,272.5534,293.2465,1
2.2.09,96,1048576,6732990.8791,237.6099,293.2465,1
2.2.10,96,1048576,7587851.9578,262.4315,293.2465,1
2.2.11,96,1048576,4219744.8717,243.9893,293.2465,1
2.2.12,96,1048576,4033947.6772,258.1753,293.2465,1
2.2.13,96,1048576,2556570.1512,271.0526,293.2465,1
2.2.14,96,1048576,2863126.6483,255.9346,293.2465,1
2.2.15,96,1048576,5841825.9139,249.4434,293.2465,1
2.2.16,96,1048576,3088125.5768,262.9762,293.2465,1
2.2.17,96,1048576,2111634.7624,268.7536,293.2465,1
2.2.18,96,1048576,3315796.2762,255.9468,293.2465,1
2.2.19,96,1048576,4653792.5623,259.7386,293.2465,1
2.2.20,96,1048576,3223388.8162,253.7336,293.2465,1
2.2.21,96,1048576,3338600.8636,262.5910,293.2465,1
2.2.22,96,1048576,6022088.4924,259.2935,293.2465,1
2.2.23,96,1048576,11172208.3312,266.1047,293.2465,1
2.2.24,96,1048576,2781243.8275,246.8158,293.2465,1
wash-ir,96,5062500,5355559.2556,247.4683,293.2465,1
4.1.01,120,65536,161648.1927,243.8906,293.2465,1
4.1.02,120,65536,279285.9792,285.9323,293.2465,1
4.1.03,120,65536,757390.6979,268.7135,293.2465,1
4.1.04,120,65536,81482.5964,244.8698,293.2465,1
4.1.05,120,65536,317258.1536,240.3906,293.2465,1
4.1.06,120,65536,89401.5182,249.1250,293.2465,1
4.1.07,120,65536,486579.0911,270.0573,293.2465,1
4.1.08,120,65536,338837.9115,276.5573,293.2465,1
4.2.01,120,262144,951959.3021,264.8118,293.2465,1
4.2.03,120,262144,101863.4616,249.8835,293.2465,1
4.2.05,120,262144,822925.9603,265.9102,293.2465,1
4.2.06,120,262144,223807.8535,277.8659,293.2465,1
4.2.07,120,262144,340999.4414,236.1530,293.2465,1
house,120,262144,257525.5384,240.5807,293.2465,1
2.1.01,120,262144,305263.2174,242.8275,293.2465,1
2.1.02,120,262144,285237.8646,252.8509,293.2465,1
2.1.03,120,262144,2147568.3815,276.5658,293.2465,1
2.1.04,120,262144,878469.8587,243.0000,293.2465,1
2.1.05,120,262144,265542.1608,248.4375,293.2465,1
2.1.06,120,262144,181814.6641,279.8477,293.2465,1
2.1.07,120,262144,1506062.4518,270.1556,293.2465,1
2.1.08,120,262144,1304657.1211,258.2676,293.2465,1
2.1.09,120,262144,1534474.9251,247.4251,293.2465,1
2.1.10,120,262144,842741.8743,238.0892,293.2465,1
2.1.11,120,262144,382965.7695,250.1263,293.2465,1
2.1.12,120,262144,1041168.6172,272.5573,293.2465,1
2.2.01,120,1048576,1606924.9424,246.8841,293.2465,1
2.2.02,120,1048576,7994223.7020,262.7562,293.2465,1
2.2.03,120,1048576,6187844.7371,242.4762,293.2465,1
2.2.04,120,1048576,3690644.5820,287.9378,293.2465,1
2.2.05,120,1048576,1298775.5493,272.2293,293.2465,1
2.2.06,120,1048576,7396619.0374,289.2389,293.2465,1
2.2.07,120,1048576,4860051.3880,252.3649,293.2465,1
2.2.08,120,1048576,1082751.9800,253.1071,293.2465,1
2.2.09,120,1048576,6732990.8791,240.8420,293.2465,1
2.2.10,120,1048576,7587851.9578,256.1418,293.2465,1
2.2.11,120,1048576,4219744.8717,248.4162,293.2465,1
2.2.12,120,1048576,4033947.6772,256.8942,293.2465,1
2.2.13,120,1048576,2556570.1512,239.6870,293.2465,1
2.2.14,120,1048576,2863126.6483,241.3890,293.2465,1
2.2.15,120,1048576,5841825.9139,270.2090,293.2465,1
2.2.16,120,1048576,3088125.5768,246.9712,293.2465,1
2.2.17,120,1048576,2111634.7624,251.3937,293.2465,1
2.2.18,120,1048576,3315796.2762,249.5988,293.2465,1
2.2.19,120,1048576,4653792.5623,249.9883,293.2465,1
2.2.20,120,1048576,3223388.8162,235.7655,293.2465,1
2.2.21,120,1048576,3338600.8636,257.8361,293.2465,1
2.2.22,120,1048576,6022088.4924,268.0457,293.2465,1
2.2.23,120,1048576,11172208.3312,259.2170,293.2465,1
2.2.24,120,1048576,2781243.8275,242.2134,293.2465,1
wash-ir,120,5062500,5355559.2556,249.2551,293.2465,1
4.1.01,144,65536,161648.1927,247.9635,293.2465,1
4.1.02,144,65536,279285.9792,263.9401,293.2465,1
4.1.03,144,65536,757390.6979,272.9792,293.2465,1
4.1.04,144,65536,81482.5964,267.6380,293.2465,1
4.1.05,144,65536,317258.1536,244.1510,293.2465,1
4.1.06,144,65536,89401.5182,275.2448,293.2465,1
4.1.07,144,65536,486579.0911,266.4375,293.2465,1
4.1.08,144,65536,338837.9115,247.3698,293.2465,1
4.2.01,144,262144,951959.3021,259.1243,293.2465,1
4.2.03,144,262144,101863.4616,257.6777,293.2465,1
4.2.05,144,262144,822925.9603,251.7266,293.2465,1
4.2.06,144,262144,223807.8535,256.4349,293.2465,1
4.2.07,144,262144,340999.4414,243.0143,293.2465,1
house,144,262144,257525.5384,213.7376,293.2465,1
2.1.01,144,262144,305263.2174,221.5716,293.2465,1
2.1.02,144,262144,285237.8646,263.2279,293.2465,1
2.1.03,144,262144,2147568.3815,242.7227,293.2465,1
2.1.04,144,262144,878469.8587,254.6849,293.2465,1
2.1.05,144,262144,265542.1608,252.1139,293.2465,1
2.1.06,144,262144,181814.6641,281.8366,293.2465,1
2.1.07,144,262144,1506062.4518,257.8132,293.2465,1
2.1.08,144,262144,1304657.1211,245.3984,293.2465,1
2.1.09,144,262144,1534474.9251,252.6582,293.2465,1
2.1.10,144,262144,842741.8743,278.0866,293.2465,1
2.1.11,144,262144,382965.7695,251.1139,293.2465,1
2.1.12,144,262144,1041168.6172,231.2240,293.2465,1
2.2.01,144,1048576,1606924.9424,240.2791,293.2465,1
2.2.02,144,1048576,7994223.7020,261.0752,293.2465,1
2.2.03,144,1048576,6187844.7371,252.3791,293.2465,1
2.2.04,144,1048576,3690644.5820,255.1434,293.2465,1
2.2.05,144,1048576,1298775.5493,255.0768,293.2465,1
2.2.06,144,1048576,7396619.0374,267.7121,293.2465,1
2.2.07,144,1048576,4860051.3880,266.2331,293.2465,1
2.2.08,144,1048576,1082751.9800,254.7160,293.2465,1
2.2.09,144,1048576,6732990.8791,246.8608,293.2465,1
2.2.10,144,1048576,7587851.9578,266.1320,293.2465,1
2.2.11,144,1048576,4219744.8717,264.8146,293.2465,1
2.2.12,144,1048576,4033947.6772,230.4992,293.2465,1
2.2.13,144,1048576,2556570.1512,235.6849,293.2465,1
2.2.14,144,1048576,2863126.6483,248.6836,293.2465,1
2.2.15,144,1048576,5841825.9139,227.6367,293.2465,1
2.2.16,144,1048576,3088125.5768,244.7902,293.2465,1
2.2.17,144,1048576,2111634.7624,252.0667,293.2465,1
2.2.18,144,1048576,3315796.2762,283.2454,293.2465,1
2.2.19,144,1048576,4653792.5623,240.8224,293.2465,1
2.2.20,144,1048576,3223388.8162,247.9499,293.2465,1
2.2.21,144,1048576,3338600.8636,259.0851,293.2465,1
2.2.22,144,1048576,6022088.4924,250.9824,293.2465,1
2.2.23,144,1048576,11172208.3312,242.3000,293.2465,1
2.2.24,144,1048576,2781243.8275,237.3612,293.2465,1
wash-ir,144,5062500,5355559.2556,254.5649,293.2465,1
4.1.01,168,65536,161648.1927,260.1484,293.2465,1
4.1.02,168,65536,279285.9792,250.5677,293.2465,1
4.1.03,168,65536,757390.6979,257.8229,293.2465,1
4.1.04,168,65536,81482.5964,234.8125,293.2465,1
4.1.05,168,65536,317258.1536,252.7891,293.2465,1
4.1.06,168,65536,89401.5182,259.6224,293.2465,1
4.1.07,168,65536,486579.0911,257.0677,293.2465,1
4.1.08,168,65536,338837.9115,247.9036,293.2465,1
4.2.01,168,262144,951959.3021,263.2559,293.2465,1
4.2.03,168,262144,101863.4616,259.6947,293.2465,1
4.2.05,168,262144,822925.9603,267.7917,293.2465,1
4.2.06,168,262144,223807.8535,270.7103,293.2465,1
4.2.07,168,262144,340999.4414,272.0964,293.2465,1
house,168,262144,257525.5384,254.8822,293.2465,1
2.1.01,168,262144,305263.2174,245.5983,293.2465,1
2.1.02,168,262144,285237.8646,245.0104,293.2465,1
2.1.03,168,262144,2147568.3815,233.0879,293.2465,1
2.1.04,168,262144,878469.8587,254.7266,293.2465,1
2.1.05,168,262144,265542.1608,257.7012,293.2465,1
2.1.06,168,262144,181814.6641,262.2819,293.2465,1
2.1.07,168,262144,1506062.4518,232.6354,293.2465,1
2.1.08,168,262144,1304657.1211,257.4863,293.2465,1
2.1.09,168,262144,1534474.9251,254.3203,293.2465,1
2.1.10,168,262144,842741.8743,252.2904,293.2465,1
2.1.11,168,262144,382965.7695,243.0397,293.2465,1
2.1.12,168,262144,1041168.6172,253.0319,293.2465,1
2.2.01,168,1048576,1606924.9424,270.1328,293.2465,1
2.2.02,168,1048576,7994223.7020,260.5837,293.2465,1
2.2.03,168,1048576,6187844.7371,238.0054,293.2465,1
2.2.04,168,1048576,3690644.5820,250.1810,293.2465,1
2.2.05,168,1048576,1298775.5493,262.8464,293.2465,1
2.2.06,168,1048576,7396619.0374,250.3271,293.2465,1
2.2.07,168,1048576,4860051.3880,239.1193,293.2465,1
2.2.08,168,1048576,1082751.9800,266.5249,293.2465,1
2.2.09,168,1048576,6732990.8791,245.5075,293.2465,1
2.2.10,168,1048576,7587851.9578,251.1240,293.2465,1
2.2.11,168,1048576,4219744.8717,270.4202,293.2465,1
2.2.12,168,1048576,4033947.6772,258.5213,293.2465,1
2.2.13,168,1048576,2556570.1512,230.4329,293.2465,1
2.2.14,168,1048576,2863126.6483,246.7534,293.2465,1
2.2.15,168,1048576,5841825.9139,262.1481,293.2465,1
2.2.16,168,1048576,3088125.5768,234.4085,293.2465,1
2.2.17,168,1048576,2111634.7624,258.5833,293.2465,1
2.2.18,168,1048576,3315796.2762,247.2075,293.2465,1
2.2.19,168,1048576,4653792.5623,265.9886,293.2465,1
2.2.20,168,1048576,3223388.8162,247.9557,293.2465,1
2.2.21,168,1048576,3338600.8636,259.7482,293.2465,1
2.2.22,168,1048576,6022088.4924,237.2829,293.2465,1
2.2.23,168,1048576,11172208.3312,234.9054,293.2465,1
2.2.24,168,1048576,2781243.8275,260.2070,293.2465,1
wash-ir,168,5062500,5355559.2556,243.0237,293.2465,1
4.1.01,192,65536,161648.1927,268.8047,293.2465,1
4.1.02,192,65536,279285.9792,266.0911,293.2465,1
4.1.03,192,65536,757390.6979,255.9271,293.2465,1
4.1.04,192,65536,81482.5964,258.4193,293.2465,1
4.1.05,192,65536,317258.1536,263.9792,293.2465,1
4.1.06,192,65536,89401.5182,263.3932,293.2465,1
4.1.07,192,65536,486579.0911,248.1875,293.2465,1
4.1.08,192,65536,338837.9115,249.0521,293.2465,1
4.2.01,192,262144,951959.3021,249.2637,293.2465,1
4.2.03,192,262144,101863.4616,250.2396,293.2465,1
4.2.05,192,262144,822925.9603,236.9505,293.2465,1
4.2.06,192,262144,223807.8535,248.3841,293.2465,1
4.2.07,192,262144,340999.4414,262.0807,293.2465,1
house,192,262144,257525.5384,255.9844,293.2465,1
2.1.01,192,262144,305263.2174,259.0514,293.2465,1
2.1.02,192,262144,285237.8646,245.8984,293.2465,1
2.1.03,192,262144,2147568.3815,271.6419,293.2465,1
2.1.04,192,262144,878469.8587,226.3210,293.2465,1
2.1.05,192,262144,265542.1608,247.3984,293.2465,1
2.1.06,192,262144,181814.6641,252.6289,293.2465,1
2.1.07,192,262144,1506062.4518,255.4941,293.2465,1
2.1.08,192,262144,1304657.1211,290.4076,293.2465,1
2.1.09,192,262144,1534474.9251,250.0033,293.2465,1
2.1.10,192,262144,842741.8743,254.5208,293.2465,1
2.1.11,192,262144,382965.7695,244.6628,293.2465,1
2.1.12,192,262144,1041168.6172,260.3073,293.2465,1
2.2.01,192,1048576,1606924.9424,252.7866,293.2465,1
2.2.02,192,1048576,7994223.7020,259.8981,293.2465,1
2.2.03,192,1048576,6187844.7371,247.2826,293.2465,1
2.2.04,192,1048576,3690644.5820,236.2925,293.2465,1
2.2.05,192,1048576,1298775.5493,260.7866,293.2465,1
2.2.06,192,1048576,7396619.0374,266.4455,293.2465,1
2.2.07,192,1048576,4860051.3880,257.6476,293.2465,1
2.2.08,192,1048576,1082751.9800,246.5309,293.2465,1
2.2.09,192,1048576,6732990.8791,245.7845,293.2465,1
2.2.10,192,1048576,7587851.9578,232.9575,293.2465,1
2.2.11,192,1048576,4219744.8717,242.9217,293.2465,1
2.2.12,192,1048576,4033947.6772,268.1733,293.2465,1
2.2.13,192,1048576,2556570.1512,266.1196,293.2465,1
2.2.14,192,1048576,2863126.6483,244.5278,293.2465,1
2.2.15,192,1048576,5841825.9139,242.2897,293.2465,1
2.2.16,192,1048576,3088125.5768,251.7808,293.2465,1
2.2.17,192,1048576,2111634.7624,248.3654,293.2465,1
2.2.18,192,1048576,3315796.2762,250.2443,293.2465,1
2.2.19,192,1048576,4653792.5623,265.4451,293.2465,1
2.2.20,192,1048576,3223388.8162,237.5298,293.2465,1
2.2.21,192,1048576,3338600.8636,241.7401,293.2465,1
2.2.22,192,1048576,6022088.4924,254.6090,293.2465,1
2.2.23,192,1048576,11172208.3312,260.1572,293.2465,1
2.2.24,192,1048576,2781243.8275,281.9735,293.2465,1
wash-ir,192,5062500,5355559.2556,266.1330,293.2465,1
4.1.01,216,65536,161648.1927,252.2708,293.2465,1
4.1.02,216,65536,279285.9792,252.1719,293.2465,1
4.1.03,216,65536,757390.6979,262.2370,293.2465,1
4.1.04,216,65536,81482.5964,246.3151,293.2465,1
4.1.05,216,65536,317258.1536,261.7214,293.2465,1
4.1.06,216,65536,89401.5182,273.1198,293.2465,1
4.1.07,216,65536,486579.0911,251.7109,293.2465,1
4.1.08,216,65536,338837.9115,256.5807,293.2465,1
4.2.01,216,262144,951959.3021,262.3490,293.2465,1
4.2.03,216,262144,101863.4616,232.8444,293.2465,1
4.2.05,216,262144,822925.9603,247.8730,293.2465,1
4.2.06,216,262144,223807.8535,257.4284,293.2465,1
4.2.07,216,262144,340999.4414,262.1217,293.2465,1
house,216,262144,257525.5384,270.3542,293.2465,1
2.1.01,216,262144,305263.2174,247.4889,293.2465,1
2.1.02,216,262144,285237.8646,255.6882,293.2465,1
2.1.03,216,262144,2147568.3815,245.9349,293.2465,1
2.1.04,216,262144,878469.8587,271.3431,293.2465,1
2.1.05,216,262144,265542.1608,259.9902,293.2465,1
2.1.06,216,262144,181814.6641,255.4212,293.2465,1
2.1.07,216,262144,1506062.4518,246.8522,293.2465,1
2.1.08,216,262144,1304657.1211,249.1523,293.2465,1
2.1.09,216,262144,1534474.9251,263.8053,293.2465,1
2.1.10,216,262144,842741.8743,269.8600,293.2465,1
2.1.11,216,262144,382965.7695,242.3893,293.2465,1
2.1.12,216,262144,1041168.6172,271.0156,293.2465,1
2.2.01,216,1048576,1606924.9424,226.7640,293.2465,1
2.2.02,216,1048576,7994223.7020,280.5415,293.2465,1
2.2.03,216,1048576,6187844.7371,234.6252,293.2465,1
2.2.04,216,1048576,3690644.5820,251.4455,293.2465,1
2.2.05,216,1048576,1298775.5493,263.5701,293.2465,1
2.2.06,216,1048576,7396619.0374,258.1846,293.2465,1
2.2.07,216,1048576,4860051.3880,261.1439,293.2465,1
2.2.08,216,1048576,1082751.9800,252.8368,293.2465,1
2.2.09,216,1048576,6732990.8791,286.3081,293.2465,1
2.2.10,216,1048576,7587851.9578,271.6357,293.2465,1
2.2.11,216,1048576,4219744.8717,262.7689,293.2465,1
2.2.12,216,1048576,4033947.6772,260.1271,293.2465,1
2.2.13,216,1048576,2556570.1512,239.1113,293.2465,1
2.2.14,216,1048576,2863126.6483,262.5063,293.2465,1
2.2.15,216,1048576,5841825.9139,246.3683,293.2465,1
2.2.16,216,1048576,3088125.5768,275.1133,293.2465,1
2.2.17,216,1048576,2111634.7624,259.2131,293.2465,1
2.2.18,216,1048576,3315796.2762,251.1038,293.2465,1
2.2.19,216,1048576,4653792.5623,265.1686,293.2465,1
2.2.20,216,1048576,3223388.8162,244.9928,293.2465,1
2.2.21,216,1048576,3338600.8636,252.8449,293.2465,1
2.2.22,216,1048576,6022088.4924,254.7534,293.2465,1
2.2.23,216,1048576,11172208.3312,266.2839,293.2465,1
2.2.24,216,1048576,2781243.8275,272.7640,293.2465,1
wash-ir,216,5062500,5355559.2556,260.6660,293.2465,1
4.1.01,240,65536,161648.1927,241.8203,293.2465,1
4.1.02,240,65536,279285.9792,262.4818,293.2465,1
4.1.03,240,65536,757390.6979,256.5156,293.2465,1
4.1.04,240,65536,81482.5964,262.4557,293.2465,1
4.1.05,240,65536,317258.1536,230.0990,293.2465,1
4.1.06,240,65536,89401.5182,228.7630,293.2465,1
4.1.07,240,65536,486579.0911,252.2292,293.2465,1
4.1.08,240,65536,338837.9115,270.3255,293.2465,1
4.2.01,240,262144,951959.3021,240.2090,293.2465,1
4.2.03,240,262144,101863.4616,234.5521,293.2465,1
4.2.05,240,262144,822925.9603,251.7012,293.2465,1
4.2.06,240,262144,223807.8535,247.4225,293.2465,1
4.2.07,240,262144,340999.4414,256.6530,293.2465,1
house,240,262144,257525.5384,243.0280,293.2465,1
2.1.01,240,262144,305263.2174,287.0508,293.2465,1
2.1.02,240,262144,285237.8646,256.4974,293.2465,1
2.1.03,240,262144,2147568.3815,246.7116,293.2465,1
2.1.04,240,262144,878469.8587,254.3763,293.2465,1
2.1.05,240,262144,265542.1608,249.9036,293.2465,1
2.1.06,240,262144,181814.6641,252.8678,293.2465,1
2.1.07,240,262144,1506062.4518,246.1504,293.2465,1
2.1.08,240,262144,1304657.1211,263.0365,293.2465,1
2.1.09,240,262144,1534474.9251,241.7995,293.2465,1
2.1.10,240,262144,842741.8743,264.1836,293.2465,1
2.1.11,240,262144,382965.7695,231.9199,293.2465,1
2.1.12,240,262144,1041168.6172,272.3809,293.2465,1
2.2.01,240,1048576,1606924.9424,249.7202,293.2465,1
2.2.02,240,1048576,7994223.7020,263.7716,293.2465,1
2.2.03,240,1048576,6187844.7371,254.2892,293.2465,1
2.2.04,240,1048576,3690644.5820,260.4455,293.2465,1
2.2.05,240,1048576,1298775.5493,257.4116,293.2465,1
2.2.06,240,1048576,7396619.0374,265.6214,293.2465,1
2.2.07,240,1048576,4860051.3880,244.9502,293.2465,1
2.2.08,240,1048576,1082751.9800,254.2365,293.2465,1
2.2.09,240,1048576,6732990.8791,238.7404,293.2465,1
2.2.10,240,1048576,7587851.9578,282.8473,293.2465,1
2.2.11,240,1048576,4219744.8717,267.1738,293.2465,1
2.2.12,240,1048576,4033947.6772,266.0151,293.2465,1
2.2.13,240,1048576,2556570.1512,243.4541,293.2465,1
2.2.14,240,1048576,2863126.6483,270.6820,293.2465,1
2.2.15,240,1048576,5841825.9139,253.2246,293.2465,1
2.2.16,240,1048576,3088125.5768,248.4987,293.2465,1
2.2.17,240,1048576,2111634.7624,238.9430,293.2465,1
2.2.18,240,1048576,3315796.2762,269.4230,293.2465,1
2.2.19,240,1048576,4653792.5623,282.1808,293.2465,1
2.2.20,240,1048576,3223388.8162,252.3006,293.2465,1
2.2.21,240,1048576,3338600.8636,252.6463,293.2465,1
2.2.22,240,1048576,6022088.4924,258.0249,293.2465,1
2.2.23,240,1048576,11172208.3312,268.0929,293.2465,1
2.2.24,240,1048576,2781243.8275,264.8799,293.2465,1
wash-ir,240,5062500,5355559.2556,262.0356,293.2465,1
4.1.01,264,65536,161648.1927,261.4089,293.2465,1
4.1.02,264,65536,279285.9792,221.2995,293.2465,1
4.1.03,264,65536,757390.6979,246.4948,293.2465,1
4.1.04,264,65536,81482.5964,244.8203,293.2465,1
4.1.05,264,65536,317258.1536,251.4896,293.2465,1
4.1.06,264,65536,89401.5182,271.0938,293.2465,1
4.1.07,264,65536,486579.0911,274.8099,293.2465,1
4.1.08,264,65536,338837.9115,245.6562,293.2465,1
4.2.01,264,262144,951959.3021,238.8685,293.2465,1
4.2.03,264,262144,101863.4616,260.4954,293.2465,1
4.2.05,264,262144,822925.9603,269.5918,293.2465,1
4.2.06,264,262144,223807.8535,225.7474,293.2465,1
4.2.07,264,262144,340999.4414,243.3770,293.2465,1
house,264,262144,257525.5384,222.3255,293.2465,1
2.1.01,264,262144,305263.2174,246.6829,293.2465,1
2.1.02,264,262144,285237.8646,248.8125,293.2465,1
2.1.03,264,262144,2147568.3815,240.2891,293.2465,1
2.1.04,264,262144,878469.8587,258.7240,293.2465,1
2.1.05,264,262144,265542.1608,268.1647,293.2465,1
2.1.06,264,262144,181814.6641,237.9668,293.2465,1
2.1.07,264,262144,1506062.4518,250.3184,293.2465,1
2.1.08,264,262144,1304657.1211,255.1328,293.2465,1
2.1.09,264,262144,1534474.9251,276.7474,293.2465,1
2.1.10,264,262144,842741.8743,265.6432,293.2465,1
2.1.11,264,262144,382965.7695,275.2181,293.2465,1
2.1.12,264,262144,1041168.6172,246.1491,293.2465,1
2.2.01,264,1048576,1606924.9424,273.7826,293.2465,1
2.2.02,264,1048576,7994223.7020,281.2253,293.2465,1
2.2.03,264,1048576,6187844.7371,258.4401,293.2465,1
2.2.04,264,1048576,3690644.5820,251.6968,293.2465,1
2.2.05,264,1048576,1298775.5493,269.8524,293.2465,1
2.2.06,264,1048576,7396619.0374,243.7783,293.2465,1
2.2.07,264,1048576,4860051.3880,264.6685,293.2465,1
2.2.08,264,1048576,1082751.9800,274.7601,293.2465,1
2.2.09,264,1048576,6732990.8791,240.7052,293.2465,1
2.2.10,264,1048576,7587851.9578,244.2251,293.2465,1
2.2.11,264,1048576,4219744.8717,260.3455,293.2465,1
2.2.12,264,1048576,4033947.6772,263.2982,293.2465,1
2.2.13,264,1048576,2556570.1512,229.5705,293.2465,1
2.2.14,264,1048576,2863126.6483,249.9631,293.2465,1
2.2.15,264,1048576,5841825.9139,248.4917,293.2465,1
2.2.16,264,1048576,3088125.5768,253.0571,293.2465,1
2.2.17,264,1048576,2111634.7624,260.8525,293.2465,1
2.2.18,264,1048576,3315796.2762,239.2949,293.2465,1
2.2.19,264,1048576,4653792.5623,259.2008,293.2465,1
2.2.20,264,1048576,3223388.8162,269.2389,293.2465,1
2.2.21,264,1048576,3338600.8636,250.2319,293.2465,1
2.2.22,264,1048576,6022088.4924,261.7729,293.2465,1
2.2.23,264,1048576,11172208.3312,254.4644,293.2465,1
2.2.24,264,1048576,2781243.8275,265.1693,293.2465,1
wash-ir,264,5062500,5355559.2556,246.4230,293.2465,1
4.1.01,288,65536,161648.1927,247.0990,293.2465,1
4.1.02,288,65536,279285.9792,258.4010,293.2465,1
4.1.03,288,65536,757390.6979,265.0156,293.2465,1
4.1.04,288,65536,81482.5964,265.6641,293.2465,1
4.1.05,288,65536,317258.1536,263.1823,293.2465,1
4.1.06,288,65536,89401.5182,286.1302,293.2465,1
4.1.07,288,65536,486579.0911,239.9870,293.2465,1
4.1.08,288,65536,338837.9115,247.3438,293.2465,1
4.2.01,288,262144,951959.3021,260.5710,293.2465,1
4.2.03,288,262144,101863.4616,268.9954,293.2465,1
4.2.05,288,262144,822925.9603,261.3841,293.2465,1
4.2.06,288,262144,223807.8535,236.5000,293.2465,1
4.2.07,288,262144,340999.4414,264.1380,293.2465,1
house,288,262144,257525.5384,249.7415,293.2465,1
2.1.01,288,262144,305263.2174,261.9674,293.2465,1
2.1.02,288,262144,285237.8646,278.6478,293.2465,1
2.1.03,288,262144,2147568.3815,281.8997,293.2465,1
2.1.04,288,262144,878469.8587,254.7604,293.2465,1
2.1.05,288,262144,265542.1608,260.2702,293.2465,1
2.1.06,288,262144,181814.6641,250.8548,293.2465,1
2.1.07,288,262144,1506062.4518,254.3555,293.2465,1
2.1.08,288,262144,1304657.1211,243.0658,293.2465,1
2.1.09,288,262144,1534474.9251,251.9473,293.2465,1
2.1.10,288,262144,842741.8743,252.7409,293.2465,1
2.1.11,288,262144,382965.7695,280.1100,293.2465,1
2.1.12,288,262144,1041168.6172,275.3568,293.2465,1
2.2.01,288,1048576,1606924.9424,270.6362,293.2465,1
2.2.02,288,1048576,7994223.7020,251.6510,293.2465,1
2.2.03,288,1048576,6187844.7371,266.8045,293.2465,1
2.2.04,288,1048576,3690644.5820,271.5902,293.2465,1
2.2.05,288,1048576,1298775.5493,267.7062,293.2465,1
2.2.06,288,1048576,7396619.0374,249.9424,293.2465,1
2.2.07,288,1048576,4860051.3880,259.7826,293.2465,1
2.2.08,288,1048576,1082751.9800,255.0114,293.2465,1
2.2.09,288,1048576,6732990.8791,250.2327,293.2465,1
2.2.10,288,1048576,7587851.9578,260.3714,293.2465,1
2.2.11,288,1048576,4219744.8717,260.6917,293.2465,1
2.2.12,288,1048576,4033947.6772,237.4985,293.2465,1
2.2.13,288,1048576,2556570.1512,248.3369,293.2465,1
2.2.14,288,1048576,2863126.6483,263.3778,293.2465,1
2.2.15,288,1048576,5841825.9139,275.5562,293.2465,1
2.2.16,288,1048576,3088125.5768,241.4035,293.2465,1
2.2.17,288,1048576,2111634.7624,241.9530,293.2465,1
2.2.18,288,1048576,3315796.2762,267.2308,293.2465,1
2.2.19,288,1048576,4653792.5623,242.7809,293.2465,1
2.2.20,288,1048576,3223388.8162,260.3242,293.2465,1
2.2.21,288,1048576,3338600.8636,253.8595,293.2465,1
2.2.22,288,1048576,6022088.4924,253.4626,293.2465,1
2.2.23,288,1048576,11172208.3312,270.1335,293.2465,1
2.2.24,288,1048576,2781243.8275,249.0526,293.2465,1
wash-ir,288,5062500,5355559.2556,222.2827,293.2465,1
4.1.01,312,65536,161648.1927,243.0130,293.2465,1
4.1.02,312,65536,279285.9792,271.4349,293.2465,1
4.1.03,312,65536,757390.6979,272.7552,293.2465,1
4.1.04,312,65536,81482.5964,256.1328,293.2465,1
4.1.05,312,65536,317258.1536,237.4974,293.2465,1
4.1.06,312,65536,89401.5182,245.9271,293.2465,1
4.1.07,312,65536,486579.0911,262.1823,293.2465,1
4.1.08,312,65536,338837.9115,248.7995,293.2465,1
4.2.01,312,262144,951959.3021,256.2129,293.2465,1
4.2.03,312,262144,101863.4616,267.8385,293.2465,1
4.2.05,312,262144,822925.9603,246.1237,293.2465,1
4.2.06,312,262144,223807.8535,257.4577,293.2465,1
4.2.07,312,262144,340999.4414,240.9342,293.2465,1
house,312,262144,257525.5384,261.2266,293.2465,1
2.1.01,312,262144,305263.2174,253.3607,293.2465,1
2.1.02,312,262144,285237.8646,256.1660,293.2465,1
2.1.03,312,262144,2147568.3815,272.2858,293.2465,1
2.1.04,312,262144,878469.8587,248.9349,293.2465,1
2.1.05,312,262144,265542.1608,266.8171,293.2465,1
2.1.06,312,262144,181814.6641,273.4245,293.2465,1
2.1.07,312,262144,1506062.4518,267.2389,293.2465,1
2.1.08,312,262144,1304657.1211,251.2728,293.2465,1
2.1.09,312,262144,1534474.9251,259.3613,293.2465,1
2.1.10,312,262144,842741.8743,254.4727,293.2465,1
2.1.11,312,262144,382965.7695,246.1419,293.2465,1
2.1.12,312,262144,1041168.6172,229.7773,293.2465,1
2.2.01,312,1048576,1606924.9424,254.4785,293.2465,1
2.2.02,312,1048576,7994223.7020,264.9157,293.2465,1
2.2.03,312,1048576,6187844.7371,256.2352,293.2465,1
2.2.04,312,1048576,3690644.5820,269.1328,293.2465,1
2.2.05,312,1048576,1298775.5493,233.6802,293.2465,1
2.2.06,312,1048576,7396619.0374,248.0475,293.2465,1
2.2.07,312,1048576,4860051.3880,256.6606,293.2465,1
2.2.08,312,1048576,1082751.9800,265.4707,293.2465,1
2.2.09,312,1048576,6732990.8791,266.7861,293.2465,1
2.2.10,312,1048576,7587851.9578,239.2764,293.2465,1
2.2.11,312,1048576,4219744.8717,261.8789,293.2465,1
2.2.12,312,1048576,4033947.6772,257.4027,293.2465,1
2.2.13,312,1048576,2556570.1512,247.4445,293.2465,1
2.2.14,312,1048576,2863126.6483,247.9230,293.2465,1
2.2.15,312,1048576,5841825.9139,240.1733,293.2465,1
2.2.16,312,1048576,3088125.5768,239.4297,293.2465,1
2.2.17,312,1048576,2111634.7624,262.2521,293.2465,1
2.2.18,312,1048576,3315796.2762,255.0280,293.2465,1
2.2.19,312,1048576,4653792.5623,288.0978,293.2465,1
2.2.20,312,1048576,3223388.8162,249.7129,293.2465,1
2.2.21,312,1048576,3338600.8636,249.9414,293.2465,1
2.2.22,312,1048576,6022088.4924,242.2863,293.2465,1
2.2.23,312,1048576,11172208.3312,239.6704,293.2465,1
2.2.24,312,1048576,2781243.8275,251.7445,293.2465,1
wash-ir,312,5062500,5355559.2556,254.8683,293.2465,1
4.1.01,336,65536,161648.1927,274.4115,293.2465,1
4.1.02,336,65536,279285.9792,240.0417,293.2465,1
4.1.03,336,65536,757390.6979,262.0807,293.2465,1
4.1.04,336,65536,81482.5964,261.1953,293.2465,1
4.1.05,336,65536,317258.1536,277.9036,293.2465,1
4.1.06,336,65536,89401.5182,245.3255,293.2465,1
4.1.07,336,65536,486579.0911,249.4531,293.2465,1
4.1.08,336,65536,338837.9115,250.1536,293.2465,1
4.2.01,336,262144,951959.3021,225.5169,293.2465,1
4.2.03,336,262144,101863.4616,260.2428,293.2465,1
4.2.05,336,262144,822925.9603,247.7969,293.2465,1
4.2.06,336,262144,223807.8535,249.1901,293.2465,1
4.2.07,336,262144,340999.4414,256.9089,293.2465,1
house,336,262144,257525.5384,250.0189,293.2465,1
2.1.01,336,262144,305263.2174,257.9622,293.2465,1
2.1.02,336,262144,285237.8646,271.3184,293.2465,1
2.1.03,336,262144,2147568.3815,243.1146,293.2465,1
2.1.04,336,262144,878469.8587,265.5612,293.2465,1
2.1.05,336,262144,265542.1608,247.4616,293.2465,1
2.1.06,336,262144,181814.6641,286.6198,293.2465,1
2.1.07,336,262144,1506062.4518,271.1810,293.2465,1
2.1.08,336,262144,1304657.1211,247.4512,293.2465,1
2.1.09,336,262144,1534474.9251,276.3893,293.2465,1
2.1.10,336,262144,842741.8743,282.9876,293.2465,1
2.1.11,336,262144,382965.7695,274.2487,293.2465,1
2.1.12,336,262144,1041168.6172,260.1732,293.2465,1
2.2.01,336,1048576,1606924.9424,244.2176,293.2465,1
2.2.02,336,1048576,7994223.7020,246.4320,293.2465,1
2.2.03,336,1048576,6187844.7371,243.3424,293.2465,1
2.2.04,336,1048576,3690644.5820,252.4998,293.2465,1
2.2.05,336,1048576,1298775.5493,255.7697,293.2465,1
2.2.06,336,1048576,7396619.0374,262.8138,293.2465,1
2.2.07,336,1048576,4860051.3880,269.0597,293.2465,1
2.2.08,336,1048576,1082751.9800,254.4261,293.2465,1
2.2.09,336,1048576,6732990.8791,250.8926,293.2465,1
2.2.10,336,1048576,7587851.9578,223.6896,293.2465,1
2.2.11,336,1048576,4219744.8717,243.4635,293.2465,1
2.2.12,336,1048576,4033947.6772,257.3883,293.2465,1
2.2.13,336,1048576,2556570.1512,256.5924,293.2465,1
2.2.14,336,1048576,2863126.6483,253.3551,293.2465,1
2.2.15,336,1048576,5841825.9139,262.7251,293.2465,1
2.2.16,336,1048576,3088125.5768,234.6149,293.2465,1
2.2.17,336,1048576,2111634.7624,269.6170,293.2465,1
2.2.18,336,1048576,3315796.2762,247.7629,293.2465,1
2.2.19,336,1048576,4653792.5623,237.2430,293.2465,1
2.2.20,336,1048576,3223388.8162,235.2371,293.2465,1
2.2.21,336,1048576,3338600.8636,245.7471,293.2465,1
2.2.22,336,1048576,6022088.4924,263.7865,293.2465,1
2.2.23,336,1048576,11172208.3312,267.9814,293.2465,1
2.2.24,336,1048576,2781243.8275,260.1719,293.2465,1
wash-ir,336,5062500,5355559.2556,240.6295,293.2465,1
4.1.01,360,65536,161648.1927,236.5938,293.2465,1
4.1.02,360,65536,279285.9792,238.1667,293.2465,1
4.1.03,360,65536,757390.6979,251.8854,293.2465,1
4.1.04,360,65536,81482.5964,259.0052,293.2465,1
4.1.05,360,65536,317258.1536,274.0807,293.2465,1
4.1.06,360,65536,89401.5182,266.2865,293.2465,1
4.1.07,360,65536,486579.0911,278.9740,293.2465,1
4.1.08,360,65536,338837.9115,260.9089,293.2465,1
4.2.01,360,262144,951959.3021,236.5358,293.2465,1
4.2.03,360,262144,101863.4616,256.0788,293.2465,1
4.2.05,360,262144,822925.9603,278.6842,293.2465,1
4.2.06,360,262144,223807.8535,260.3392,293.2465,1
4.2.07,360,262144,340999.4414,275.8919,293.2465,1
house,360,262144,257525.5384,266.9961,293.2465,1
2.1.01,360,262144,305263.2174,246.5625,293.2465,1
2.1.02,360,262144,285237.8646,261.9590,293.2465,1
2.1.03,360,262144,2147568.3815,237.0176,293.2465,1
2.1.04,360,262144,878469.8587,239.3268,293.2465,1
2.1.05,360,262144,265542.1608,268.2715,293.2465,1
2.1.06,360,262144,181814.6641,247.0645,293.2465,1
2.1.07,360,262144,1506062.4518,270.1217,293.2465,1
2.1.08,360,262144,1304657.1211,254.1250,293.2465,1
2.1.09,360,262144,1534474.9251,238.2233,293.2465,1
2.1.10,360,262144,842741.8743,256.6582,293.2465,1
2.1.11,360,262144,382965.7695,246.4297,293.2465,1
2.1.12,360,262144,1041168.6172,235.8971,293.2465,1
2.2.01,360,1048576,1606924.9424,228.0664,293.2465,1
2.2.02,360,1048576,7994223.7020,247.7451,293.2465,1
2.2.03,360,1048576,6187844.7371,236.8058,293.2465,1
2.2.04,360,1048576,3690644.5820,250.8123,293.2465,1
2.2.05,360,1048576,1298775.5493,247.7905,293.2465,1
2.2.06,360,1048576,7396619.0374,279.5843,293.2465,1
2.2.07,360,1048576,4860051.3880,267.8210,293.2465,1
2.2.08,360,1048576,1082751.9800,238.0638,293.2465,1
2.2.09,360,1048576,6732990.8791,242.0604,293.2465,1
2.2.10,360,1048576,7587851.9578,253.4437,293.2465,1
2.2.11,360,1048576,4219744.8717,238.9754,293.2465,1
2.2.12,360,1048576,4033947.6772,248.9757,293.2465,1
2.2.13,360,1048576,2556570.1512,251.5656,293.2465,1
2.2.14,360,1048576,2863126.6483,261.6621,293.2465,1
2.2.15,360,1048576,5841825.9139,241.1312,293.2465,1
2.2.16,360,1048576,3088125.5768,250.9494,293.2465,1
2.2.17,360,1048576,2111634.7624,262.7689,293.2465,1
2.2.18,360,1048576,3315796.2762,237.3584,293.2465,1
2.2.19,360,1048576,4653792.5623,244.4009,293.2465,1
2.2.20,360,1048576,3223388.8162,259.0695,293.2465,1
2.2.21,360,1048576,3338600.8636,247.9261,293.2465,1
2.2.22,360,1048576,6022088.4924,249.1880,293.2465,1
2.2.23,360,1048576,11172208.3312,270.1379,293.2465,1
2.2.24,360,1048576,2781243.8275,231.5669,293.2465,1
wash-ir,360,5062500,5355559.2556,247.4392,293.2465,1
4.1.01,384,65536,161648.1927,252.8411,293.2465,1
4.1.02,384,65536,279285.9792,260.0703,293.2465,1
4.1.03,384,65536,757390.6979,239.6849,293.2465,1
4.1.04,384,65536,81482.5964,254.6172,293.2465,1
4.1.05,384,65536,317258.1536,253.9583,293.2465,1
4.1.06,384,65536,89401.5182,242.0339,293.2465,1
4.1.07,384,65536,486579.0911,251.0625,293.2465,1
4.1.08,384,65536,338837.9115,279.1094,293.2465,1
4.2.01,384,262144,951959.3021,265.6276,293.2465,1
4.2.03,384,262144,101863.4616,279.2031,293.2465,1
4.2.05,384,262144,822925.9603,229.4427,293.2465,1
4.2.06,384,262144,223807.8535,249.3815,293.2465,1
4.2.07,384,262144,340999.4414,275.1087,293.2465,1
house,384,262144,257525.5384,263.5632,293.2465,1
2.1.01,384,262144,305263.2174,255.5124,293.2465,1
2.1.02,384,262144,285237.8646,259.6667,293.2465,1
2.1.03,384,262144,2147568.3815,248.6465,293.2465,1
2.1.04,384,262144,878469.8587,240.5690,293.2465,1
2.1.05,384,262144,265542.1608,243.3587,293.2465,1
2.1.06,384,262144,181814.6641,256.7578,293.2465,1
2.1.07,384,262144,1506062.4518,253.9095,293.2465,1
2.1.08,384,262144,1304657.1211,265.0449,293.2465,1
2.1.09,384,262144,1534474.9251,266.1576,293.2465,1
2.1.10,384,262144,842741.8743,236.3457,293.2465,1
2.1.11,384,262144,382965.7695,274.1569,293.2465,1
2.1.12,384,262144,1041168.6172,232.1940,293.2465,1
2.2.01,384,1048576,1606924.9424,265.1473,293.2465,1
2.2.02,384,1048576,7994223.7020,237.1126,293.2465,1
2.2.03,384,1048576,6187844.7371,227.5265,293.2465,1
2.2.04,384,1048576,3690644.5820,271.7194,293.2465,1
2.2.05,384,1048576,1298775.5493,269.3013,293.2465,1
2.2.06,384,1048576,7396619.0374,251.4310,293.2465,1
2.2.07,384,1048576,4860051.3880,261.8516,293.2465,1
2.2.08,384,1048576,1082751.9800,253.7741,293.2465,1
2.2.09,384,1048576,6732990.8791,234.8485,293.2465,1
2.2.10,384,1048576,7587851.9578,263.0968,293.2465,1
2.2.11,384,1048576,4219744.8717,254.3618,293.2465,1
2.2.12,384,1048576,4033947.6772,279.6045,293.2465,1
2.2.13,384,1048576,2556570.1512,266.6738,293.2465,1
2.2.14,384,1048576,2863126.6483,262.1027,293.2465,1
2.2.15,384,1048576,5841825.9139,250.7306,293.2465,1
2.2.16,384,1048576,3088125.5768,268.8468,293.2465,1
2.2.17,384,1048576,2111634.7624,248.8927,293.2465,1
2.2.18,384,1048576,3315796.2762,256.9279,293.2465,1
2.2.19,384,1048576,4653792.5623,242.4764,293.2465,1
2.2.20,384,1048576,3223388.8162,236.9583,293.2465,1
2.2.21,384,1048576,3338600.8636,257.9870,293.2465,1
2.2.22,384,1048576,6022088.4924,251.3796,293.2465,1
2.2.23,384,1048576,11172208.3312,278.0129,293.2465,1
2.2.24,384,1048576,2781243.8275,279.0423,293.2465,1
wash-ir,384,5062500,5355559.2556,253.1547,293.2465,1
