image,K,num_pixels,flipped_key_bit,npcr_key_packed,uaci_key_packed,psnr_cipher_pair_db,psnr_plain_wrongkey_db,first_differing_word,key_diff_checksum
4.1.01,24,65536,1,100.000000,33.203141,7.8093,7.3719,1,9858619
4.1.02,24,65536,1,100.000000,33.215743,7.8434,6.3466,1,9858619
4.1.03,24,65536,1,100.000000,32.856403,7.8475,9.8931,1,9858619
4.1.04,24,65536,1,100.000000,33.158990,7.8065,8.8538,1,9858619
4.1.05,24,65536,1,100.000000,33.741632,7.7559,8.9437,1,9858619
4.1.06,24,65536,1,100.000000,33.053353,7.8263,8.2248,1,9858619
4.1.07,24,65536,1,100.000000,33.267487,7.8192,8.6305,1,9858619
4.1.08,24,65536,1,100.000000,33.069898,7.8591,8.7057,1,9858619
4.2.01,24,262144,1,100.000000,33.315813,7.7864,7.7099,1,9858619
4.2.03,24,262144,1,100.000000,33.272093,7.8036,8.8153,1,9858619
4.2.05,24,262144,1,100.000000,33.150105,7.8044,8.0609,1,9858619
4.2.06,24,262144,1,100.000000,33.188112,7.8320,8.1638,1,9858619
4.2.07,24,262144,1,100.000000,32.923038,7.8467,8.1425,1,9858619
house,24,262144,1,100.000000,33.316646,7.8074,8.5326,1,9858619
2.1.01,24,262144,1,100.000000,33.083179,7.8382,9.4333,1,9858619
2.1.02,24,262144,1,100.000000,33.287925,7.7736,8.8792,1,9858619
2.1.03,24,262144,1,100.000000,33.606721,7.7059,8.3153,1,9858619
2.1.04,24,262144,1,100.000000,33.706870,7.7967,9.3242,1,9858619
2.1.05,24,262144,1,100.000000,33.398455,7.7588,9.0027,1,9858619
2.1.06,24,262144,1,100.000000,32.834866,7.8419,9.2509,1,9858619
2.1.07,24,262144,1,100.000000,32.839666,7.8171,8.8815,1,9858619
2.1.08,24,262144,1,100.000000,32.881756,7.8597,8.5271,1,9858619
2.1.09,24,262144,1,100.000000,33.238862,7.8939,8.7955,1,9858619
2.1.10,24,262144,1,100.000000,32.929925,7.8239,8.7230,1,9858619
2.1.11,24,262144,1,100.000000,33.311029,7.7573,9.3715,1,9858619
2.1.12,24,262144,1,100.000000,32.948063,7.8905,8.5500,1,9858619
2.2.01,24,1048576,1,100.000000,33.193634,7.8116,8.5230,1,9858619
2.2.02,24,1048576,1,100.000000,33.608515,7.7629,8.8163,1,9858619
2.2.03,24,1048576,1,100.000000,33.053406,7.8115,8.4849,1,9858619
2.2.04,24,1048576,1,100.000000,33.349101,7.8256,8.6667,1,9858619
2.2.05,24,1048576,1,100.000000,33.024227,7.8622,9.4296,1,9858619
2.2.06,24,1048576,1,100.000000,32.916091,7.8529,8.9087,1,9858619
2.2.07,24,1048576,1,100.000000,33.186220,7.8084,8.5997,1,9858619
2.2.08,24,1048576,1,100.000000,33.169236,7.8163,8.5899,1,9858619
2.2.09,24,1048576,1,100.000000,33.045499,7.7939,8.8165,1,9858619
2.2.10,24,1048576,1,100.000000,33.483047,7.8139,8.8169,1,9858619
2.2.11,24,1048576,1,100.000000,33.589693,7.8462,9.2103,1,9858619
2.2.12,24,1048576,1,100.000000,33.403192,7.8207,9.4427,1,9858619
2.2.13,24,1048576,1,100.000000,33.301504,7.8610,9.2083,1,9858619
2.2.14,24,1048576,1,100.000000,33.594202,7.7387,9.5075,1,9858619
2.2.15,24,1048576,1,100.000000,33.616924,7.8220,9.3081,1,9858619
2.2.16,24,1048576,1,100.000000,33.159320,7.8207,9.5513,1,9858619
2.2.17,24,1048576,1,100.000000,33.332072,7.8131,9.3542,1,9858619
2.2.18,24,1048576,1,100.000000,32.667682,7.8512,9.2153,1,9858619
2.2.19,24,1048576,1,100.000000,32.980800,7.8587,9.0955,1,9858619
2.2.20,24,1048576,1,100.000000,33.223788,7.7778,9.3413,1,9858619
2.2.21,24,1048576,1,100.000000,33.364911,7.8305,8.6824,1,9858619
2.2.22,24,1048576,1,100.000000,33.023399,7.8438,8.7567,1,9858619
2.2.23,24,1048576,1,100.000000,34.209289,7.7104,8.8626,1,9858619
2.2.24,24,1048576,1,100.000000,33.351948,7.8209,9.2628,1,9858619
wash-ir,24,5062500,1,100.000000,33.213416,7.8354,8.5656,1,9858619
4.1.01,48,65536,1,99.995422,33.305774,7.7501,7.2971,1,761574161
4.1.02,48,65536,1,99.995422,33.428171,7.7553,6.2528,1,761574161
4.1.03,48,65536,1,99.995422,33.437038,7.7505,9.9346,1,761574161
4.1.04,48,65536,1,99.995422,33.231817,7.7545,8.8330,1,761574161
4.1.05,48,65536,1,99.995422,33.331521,7.7632,8.9120,1,761574161
4.1.06,48,65536,1,99.995422,33.462631,7.7483,8.1754,1,761574161
4.1.07,48,65536,1,99.995422,33.344699,7.7533,8.5958,1,761574161
4.1.08,48,65536,1,99.995422,33.340409,7.7547,8.6382,1,761574161
4.2.01,48,262144,1,99.998856,33.339293,7.7523,7.6295,1,761574161
4.2.03,48,262144,1,99.998856,33.294141,7.7508,8.7805,1,761574161
4.2.05,48,262144,1,99.998856,33.311673,7.7465,7.9824,1,761574161
4.2.06,48,262144,1,99.998856,33.285923,7.7537,8.0847,1,761574161
4.2.07,48,262144,1,99.998856,33.302384,7.7536,8.0809,1,761574161
house,48,262144,1,99.998856,33.370352,7.7436,8.4788,1,761574161
2.1.01,48,262144,1,99.998856,33.255005,7.7544,9.4218,1,761574161
2.1.02,48,262144,1,99.998856,33.266026,7.7473,8.8523,1,761574161
2.1.03,48,262144,1,99.998856,33.322523,7.7511,8.3642,1,761574161
2.1.04,48,262144,1,99.998856,33.304401,7.7519,9.3792,1,761574161
2.1.05,48,262144,1,99.998856,33.282274,7.7468,8.9832,1,761574161
2.1.06,48,262144,1,99.998856,33.280622,7.7514,9.2261,1,761574161
2.1.07,48,262144,1,99.998856,33.249505,7.7587,8.7796,1,761574161
2.1.08,48,262144,1,99.998856,33.322836,7.7475,8.4181,1,761574161
2.1.09,48,262144,1,99.998856,33.315824,7.7464,8.6895,1,761574161
2.1.10,48,262144,1,99.998856,33.297047,7.7389,8.6465,1,761574161
2.1.11,48,262144,1,99.998856,33.276067,7.7510,9.3618,1,761574161
2.1.12,48,262144,1,99.998856,33.290938,7.7484,8.4435,1,761574161
2.2.01,48,1048576,1,99.999714,33.315855,7.7477,8.4837,1,761574161
2.2.02,48,1048576,1,99.999714,33.328696,7.7484,8.7083,1,761574161
2.2.03,48,1048576,1,99.999714,33.346724,7.7446,8.3761,1,761574161
2.2.04,48,1048576,1,99.999714,33.343366,7.7500,8.5851,1,761574161
2.2.05,48,1048576,1,99.999714,33.321614,7.7479,9.4150,1,761574161
2.2.06,48,1048576,1,99.999714,33.310768,7.7503,8.7900,1,761574161
2.2.07,48,1048576,1,99.999714,33.315169,7.7508,8.4917,1,761574161
2.2.08,48,1048576,1,99.999714,33.339495,7.7469,8.5482,1,761574161
2.2.09,48,1048576,1,99.999714,33.320194,7.7473,8.7075,1,761574161
2.2.10,48,1048576,1,99.999714,33.345882,7.7488,8.7086,1,761574161
2.2.11,48,1048576,1,99.999714,33.360933,7.7454,9.1587,1,761574161
2.2.12,48,1048576,1,99.999714,33.339888,7.7465,9.4387,1,761574161
2.2.13,48,1048576,1,99.999714,33.337832,7.7487,9.2101,1,761574161
2.2.14,48,1048576,1,99.999714,33.323548,7.7460,9.5529,1,761574161
2.2.15,48,1048576,1,99.999714,33.338316,7.7469,9.2706,1,761574161
2.2.16,48,1048576,1,99.999714,33.338982,7.7513,9.6080,1,761574161
2.2.17,48,1048576,1,99.999714,33.320820,7.7486,9.3548,1,761574161
2.2.18,48,1048576,1,99.999714,33.344097,7.7450,9.1887,1,761574161
2.2.19,48,1048576,1,99.999714,33.352178,7.7490,9.0176,1,761574161
2.2.20,48,1048576,1,99.999714,33.337040,7.7498,9.3558,1,761574161
2.2.21,48,1048576,1,99.999714,33.326755,7.7509,8.6043,1,761574161
2.2.22,48,1048576,1,99.999714,33.322514,7.7502,8.6563,1,761574161
2.2.23,48,1048576,1,99.999714,33.369659,7.7448,8.7472,1,761574161
2.2.24,48,1048576,1,99.999714,33.335798,7.7477,9.2771,1,761574161
wash-ir,48,5062500,1,99.999862,33.329488,7.7489,8.5174,1,761574161
4.1.01,72,65536,1,100.000000,33.286505,7.7689,7.3076,1,61773404
4.1.02,72,65536,1,100.000000,33.446849,7.7397,6.2530,1,61773404
4.1.03,72,65536,1,100.000000,33.202992,7.7667,9.9563,1,61773404
4.1.04,72,65536,1,100.000000,33.324318,7.7549,8.8687,1,61773404
4.1.05,72,65536,1,100.000000,33.263349,7.7656,8.9162,1,61773404
4.1.06,72,65536,1,100.000000,33.375811,7.7499,8.1776,1,61773404
4.1.07,72,65536,1,100.000000,33.276951,7.7615,8.6080,1,61773404
4.1.08,72,65536,1,100.000000,33.266817,7.7625,8.6633,1,61773404
4.2.01,72,262144,1,100.000000,33.205714,7.7538,7.6266,1,61773404
4.2.03,72,262144,1,100.000000,33.298813,7.7476,8.7868,1,61773404
4.2.05,72,262144,1,100.000000,33.226021,7.7576,7.9805,1,61773404
4.2.06,72,262144,1,100.000000,33.291571,7.7456,8.0860,1,61773404
4.2.07,72,262144,1,100.000000,33.324675,7.7409,8.0750,1,61773404
house,72,262144,1,100.000000,33.246144,7.7543,8.4750,1,61773404
2.1.01,72,262144,1,100.000000,33.252673,7.7496,9.4282,1,61773404
2.1.02,72,262144,1,100.000000,33.199021,7.7537,8.8455,1,61773404
2.1.03,72,262144,1,100.000000,33.224697,7.7510,8.3645,1,61773404
2.1.04,72,262144,1,100.000000,33.259555,7.7508,9.3826,1,61773404
2.1.05,72,262144,1,100.000000,33.246233,7.7567,8.9810,1,61773404
2.1.06,72,262144,1,100.000000,33.268627,7.7477,9.2307,1,61773404
2.1.07,72,262144,1,100.000000,33.197811,7.7539,8.7834,1,61773404
2.1.08,72,262144,1,100.000000,33.317601,7.7407,8.4191,1,61773404
2.1.09,72,262144,1,100.000000,33.256381,7.7440,8.6920,1,61773404
2.1.10,72,262144,1,100.000000,33.192635,7.7516,8.6461,1,61773404
2.1.11,72,262144,1,100.000000,33.203548,7.7604,9.3623,1,61773404
2.1.12,72,262144,1,100.000000,33.251541,7.7567,8.4499,1,61773404
2.2.01,72,1048576,1,100.000000,33.318539,7.7460,8.4865,1,61773404
2.2.02,72,1048576,1,100.000000,33.318174,7.7494,8.7112,1,61773404
2.2.03,72,1048576,1,100.000000,33.309368,7.7460,8.3757,1,61773404
2.2.04,72,1048576,1,100.000000,33.325563,7.7456,8.5877,1,61773404
2.2.05,72,1048576,1,100.000000,33.310785,7.7503,9.4160,1,61773404
2.2.06,72,1048576,1,100.000000,33.325045,7.7483,8.7912,1,61773404
2.2.07,72,1048576,1,100.000000,33.333286,7.7455,8.4953,1,61773404
2.2.08,72,1048576,1,100.000000,33.344640,7.7442,8.5463,1,61773404
2.2.09,72,1048576,1,100.000000,33.329809,7.7470,8.7090,1,61773404
2.2.10,72,1048576,1,100.000000,33.339186,7.7464,8.7086,1,61773404
2.2.11,72,1048576,1,100.000000,33.324475,7.7465,9.1606,1,61773404
2.2.12,72,1048576,1,100.000000,33.314673,7.7480,9.4417,1,61773404
2.2.13,72,1048576,1,100.000000,33.331098,7.7455,9.2116,1,61773404
2.2.14,72,1048576,1,100.000000,33.331657,7.7471,9.5468,1,61773404
2.2.15,72,1048576,1,100.000000,33.325769,7.7478,9.2743,1,61773404
2.2.16,72,1048576,1,100.000000,33.320773,7.7469,9.6099,1,61773404
2.2.17,72,1048576,1,100.000000,33.305887,7.7487,9.3556,1,61773404
2.2.18,72,1048576,1,100.000000,33.311775,7.7483,9.1880,1,61773404
2.2.19,72,1048576,1,100.000000,33.287691,7.7503,9.0236,1,61773404
2.2.20,72,1048576,1,100.000000,33.325368,7.7498,9.3547,1,61773404
2.2.21,72,1048576,1,100.000000,33.325730,7.7444,8.6066,1,61773404
2.2.22,72,1048576,1,100.000000,33.318079,7.7470,8.6569,1,61773404
2.2.23,72,1048576,1,100.000000,33.318618,7.7476,8.7495,1,61773404
2.2.24,72,1048576,1,100.000000,33.323505,7.7478,9.2782,1,61773404
wash-ir,72,5062500,1,100.000000,33.341642,7.7489,8.5175,1,61773404
4.1.01,96,65536,1,99.992371,33.250509,7.7641,7.2795,6,1022305973
4.1.02,96,65536,1,99.992371,33.354020,7.7439,6.2471,6,1022305973
4.1.03,96,65536,1,99.992371,33.265115,7.7470,9.9576,6,1022305973
4.1.04,96,65536,1,99.992371,33.315589,7.7435,8.8461,6,1022305973
4.1.05,96,65536,1,99.992371,33.431563,7.7336,8.9060,6,1022305973
4.1.06,96,65536,1,99.992371,33.293962,7.7483,8.1534,6,1022305973
4.1.07,96,65536,1,99.992371,33.229744,7.7583,8.5954,6,1022305973
4.1.08,96,65536,1,99.992371,33.327663,7.7572,8.6515,6,1022305973
4.2.01,96,262144,1,99.998093,33.287446,7.7557,7.6335,6,1022305973
4.2.03,96,262144,1,99.998093,33.279864,7.7500,8.7765,6,1022305973
4.2.05,96,262144,1,99.998093,33.310064,7.7526,7.9839,6,1022305973
4.2.06,96,262144,1,99.998093,33.325536,7.7398,8.0880,6,1022305973
4.2.07,96,262144,1,99.998093,33.340838,7.7496,8.0783,6,1022305973
house,96,262144,1,99.998093,33.295216,7.7536,8.4760,6,1022305973
2.1.01,96,262144,1,99.998093,33.313580,7.7542,9.4167,6,1022305973
2.1.02,96,262144,1,99.998093,33.277669,7.7529,8.8395,6,1022305973
2.1.03,96,262144,1,99.998093,33.276095,7.7468,8.3617,6,1022305973
2.1.04,96,262144,1,99.998093,33.329249,7.7480,9.3730,6,1022305973
2.1.05,96,262144,1,99.998093,33.318740,7.7510,8.9803,6,1022305973
2.1.06,96,262144,1,99.998093,33.332263,7.7496,9.2246,6,1022305973
2.1.07,96,262144,1,99.998093,33.270955,7.7475,8.7783,6,1022305973
2.1.08,96,262144,1,99.998093,33.270587,7.7492,8.4293,6,1022305973
2.1.09,96,262144,1,99.998093,33.299712,7.7562,8.6930,6,1022305973
2.1.10,96,262144,1,99.998093,33.310824,7.7494,8.6512,6,1022305973
2.1.11,96,262144,1,99.998093,33.292353,7.7521,9.3550,6,1022305973
2.1.12,96,262144,1,99.998093,33.293126,7.7464,8.4466,6,1022305973
2.2.01,96,1048576,1,99.999523,33.342231,7.7456,8.4821,6,1022305973
2.2.02,96,1048576,1,99.999523,33.299018,7.7534,8.7129,6,1022305973
2.2.03,96,1048576,1,99.999523,33.328843,7.7450,8.3765,6,1022305973
2.2.04,96,1048576,1,99.999523,33.335179,7.7459,8.5835,6,1022305973
2.2.05,96,1048576,1,99.999523,33.269931,7.7527,9.4146,6,1022305973
2.2.06,96,1048576,1,99.999523,33.320385,7.7475,8.7863,6,1022305973
2.2.07,96,1048576,1,99.999523,33.306236,7.7487,8.4979,6,1022305973
2.2.08,96,1048576,1,99.999523,33.330255,7.7480,8.5505,6,1022305973
2.2.09,96,1048576,1,99.999523,33.294091,7.7476,8.7111,6,1022305973
2.2.10,96,1048576,1,99.999523,33.320320,7.7491,8.7102,6,1022305973
2.2.11,96,1048576,1,99.999523,33.330328,7.7491,9.1605,6,1022305973
2.2.12,96,1048576,1,99.999523,33.307399,7.7480,9.4434,6,1022305973
2.2.13,96,1048576,1,99.999523,33.271513,7.7518,9.2071,6,1022305973
2.2.14,96,1048576,1,99.999523,33.328624,7.7479,9.5506,6,1022305973
2.2.15,96,1048576,1,99.999523,33.303660,7.7496,9.2749,6,1022305973
2.2.16,96,1048576,1,99.999523,33.314096,7.7487,9.6101,6,1022305973
2.2.17,96,1048576,1,99.999523,33.326730,7.7460,9.3551,6,1022305973
2.2.18,96,1048576,1,99.999523,33.299819,7.7485,9.1894,6,1022305973
2.2.19,96,1048576,1,99.999523,33.333948,7.7494,9.0208,6,1022305973
2.2.20,96,1048576,1,99.999523,33.304119,7.7487,9.3559,6,1022305973
2.2.21,96,1048576,1,99.999523,33.314553,7.7505,8.6032,6,1022305973
2.2.22,96,1048576,1,99.999523,33.322908,7.7479,8.6597,6,1022305973
2.2.23,96,1048576,1,99.999523,33.330710,7.7459,8.7493,6,1022305973
2.2.24,96,1048576,1,99.999523,33.310508,7.7469,9.2743,6,1022305973
wash-ir,96,5062500,1,99.999901,33.334006,7.7488,8.5176,6,1022305973
4.1.01,120,65536,1,100.000000,33.298436,7.7511,7.2864,1,2016440970
4.1.02,120,65536,1,100.000000,33.220013,7.7495,6.2452,1,2016440970
4.1.03,120,65536,1,100.000000,33.218587,7.7425,9.9476,1,2016440970
4.1.04,120,65536,1,100.000000,33.315075,7.7408,8.8523,1,2016440970
4.1.05,120,65536,1,100.000000,33.173594,7.7615,8.9100,1,2016440970
4.1.06,120,65536,1,100.000000,33.182913,7.7555,8.1828,1,2016440970
4.1.07,120,65536,1,100.000000,33.239683,7.7524,8.5889,1,2016440970
4.1.08,120,65536,1,100.000000,33.307760,7.7469,8.6476,1,2016440970
4.2.01,120,262144,1,100.000000,33.281772,7.7461,7.6245,1,2016440970
4.2.03,120,262144,1,100.000000,33.295838,7.7400,8.7760,1,2016440970
4.2.05,120,262144,1,100.000000,33.292849,7.7431,7.9757,1,2016440970
4.2.06,120,262144,1,100.000000,33.315200,7.7395,8.0809,1,2016440970
4.2.07,120,262144,1,100.000000,33.328035,7.7497,8.0725,1,2016440970
house,120,262144,1,100.000000,33.255050,7.7521,8.4689,1,2016440970
2.1.01,120,262144,1,100.000000,33.299409,7.7490,9.4135,1,2016440970
2.1.02,120,262144,1,100.000000,33.293659,7.7461,8.8381,1,2016440970
2.1.03,120,262144,1,100.000000,33.306900,7.7409,8.3560,1,2016440970
2.1.04,120,262144,1,100.000000,33.284809,7.7430,9.3744,1,2016440970
2.1.05,120,262144,1,100.000000,33.292327,7.7409,8.9785,1,2016440970
2.1.06,120,262144,1,100.000000,33.299149,7.7494,9.2260,1,2016440970
2.1.07,120,262144,1,100.000000,33.331826,7.7441,8.7687,1,2016440970
2.1.08,120,262144,1,100.000000,33.339583,7.7424,8.4138,1,2016440970
2.1.09,120,262144,1,100.000000,33.324484,7.7383,8.6857,1,2016440970
2.1.10,120,262144,1,100.000000,33.322204,7.7343,8.6489,1,2016440970
2.1.11,120,262144,1,100.000000,33.328469,7.7483,9.3577,1,2016440970
2.1.12,120,262144,1,100.000000,33.316161,7.7465,8.4467,1,2016440970
2.2.01,120,1048576,1,100.000000,33.305140,7.7460,8.4861,1,2016440970
2.2.02,120,1048576,1,100.000000,33.320930,7.7460,8.7103,1,2016440970
2.2.03,120,1048576,1,100.000000,33.317410,7.7465,8.3722,1,2016440970
2.2.04,120,1048576,1,100.000000,33.299149,7.7477,8.5825,1,2016440970
2.2.05,120,1048576,1,100.000000,33.279261,7.7497,9.4154,1,2016440970
2.2.06,120,1048576,1,100.000000,33.322017,7.7481,8.7882,1,2016440970
2.2.07,120,1048576,1,100.000000,33.318166,7.7482,8.4927,1,2016440970
2.2.08,120,1048576,1,100.000000,33.316415,7.7512,8.5458,1,2016440970
2.2.09,120,1048576,1,100.000000,33.314810,7.7471,8.7098,1,2016440970
2.2.10,120,1048576,1,100.000000,33.312525,7.7472,8.7078,1,2016440970
2.2.11,120,1048576,1,100.000000,33.297902,7.7504,9.1592,1,2016440970
2.2.12,120,1048576,1,100.000000,33.329859,7.7446,9.4390,1,2016440970
2.2.13,120,1048576,1,100.000000,33.333937,7.7491,9.2098,1,2016440970
2.2.14,120,1048576,1,100.000000,33.327731,7.7428,9.5443,1,2016440970
2.2.15,120,1048576,1,100.000000,33.304848,7.7499,9.2710,1,2016440970
2.2.16,120,1048576,1,100.000000,33.319401,7.7482,9.6063,1,2016440970
2.2.17,120,1048576,1,100.000000,33.301449,7.7481,9.3551,1,2016440970
2.2.18,120,1048576,1,100.000000,33.282653,7.7499,9.1823,1,2016440970
2.2.19,120,1048576,1,100.000000,33.320003,7.7451,9.0167,1,2016440970
2.2.20,120,1048576,1,100.000000,33.284093,7.7500,9.3537,1,2016440970
2.2.21,120,1048576,1,100.000000,33.304523,7.7509,8.6011,1,2016440970
2.2.22,120,1048576,1,100.000000,33.322069,7.7489,8.6564,1,2016440970
2.2.23,120,1048576,1,100.000000,33.309333,7.7470,8.7460,1,2016440970
2.2.24,120,1048576,1,100.000000,33.309403,7.7458,9.2765,1,2016440970
wash-ir,120,5062500,1,100.000000,33.330906,7.7470,8.5170,1,2016440970
4.1.01,144,65536,1,99.995422,33.365098,7.7429,7.2832,1,1401938747
4.1.02,144,65536,1,99.995422,33.381759,7.7357,6.2469,1,1401938747
4.1.03,144,65536,1,99.995422,33.411314,7.7398,9.9483,1,1401938747
4.1.04,144,65536,1,99.995422,33.239886,7.7553,8.8178,1,1401938747
4.1.05,144,65536,1,99.995422,33.304940,7.7432,8.9208,1,1401938747
4.1.06,144,65536,1,99.995422,33.289677,7.7496,8.1526,1,1401938747
4.1.07,144,65536,1,99.995422,33.355855,7.7326,8.5900,1,1401938747
4.1.08,144,65536,1,99.995422,33.438886,7.7353,8.6513,1,1401938747
4.2.01,144,262144,1,99.998856,33.327365,7.7482,7.6321,1,1401938747
4.2.03,144,262144,1,99.998856,33.300694,7.7472,8.7714,1,1401938747
4.2.05,144,262144,1,99.998856,33.297852,7.7539,7.9820,1,1401938747
4.2.06,144,262144,1,99.998856,33.271384,7.7563,8.0849,1,1401938747
4.2.07,144,262144,1,99.998856,33.306196,7.7508,8.0776,1,1401938747
house,144,262144,1,99.998856,33.306445,7.7471,8.4810,1,1401938747
2.1.01,144,262144,1,99.998856,33.336221,7.7531,9.4142,1,1401938747
2.1.02,144,262144,1,99.998856,33.332702,7.7431,8.8399,1,1401938747
2.1.03,144,262144,1,99.998856,33.290679,7.7546,8.3557,1,1401938747
2.1.04,144,262144,1,99.998856,33.390300,7.7445,9.3724,1,1401938747
2.1.05,144,262144,1,99.998856,33.333246,7.7474,8.9729,1,1401938747
2.1.06,144,262144,1,99.998856,33.360470,7.7453,9.2260,1,1401938747
2.1.07,144,262144,1,99.998856,33.325234,7.7502,8.7772,1,1401938747
2.1.08,144,262144,1,99.998856,33.346559,7.7504,8.4241,1,1401938747
2.1.09,144,262144,1,99.998856,33.311464,7.7509,8.6845,1,1401938747
2.1.10,144,262144,1,99.998856,33.352439,7.7512,8.6460,1,1401938747
2.1.11,144,262144,1,99.998856,33.315914,7.7470,9.3690,1,1401938747
2.1.12,144,262144,1,99.998856,33.360917,7.7534,8.4427,1,1401938747
2.2.01,144,1048576,1,99.999714,33.329373,7.7495,8.4852,1,1401938747
2.2.02,144,1048576,1,99.999714,33.345225,7.7449,8.7103,1,1401938747
2.2.03,144,1048576,1,99.999714,33.346172,7.7494,8.3760,1,1401938747
2.2.04,144,1048576,1,99.999714,33.306564,7.7518,8.5831,1,1401938747
2.2.05,144,1048576,1,99.999714,33.326660,7.7494,9.4148,1,1401938747
2.2.06,144,1048576,1,99.999714,33.328045,7.7483,8.7855,1,1401938747
2.2.07,144,1048576,1,99.999714,33.333013,7.7448,8.4932,1,1401938747
2.2.08,144,1048576,1,99.999714,33.330690,7.7496,8.5499,1,1401938747
2.2.09,144,1048576,1,99.999714,33.336529,7.7478,8.7078,1,1401938747
2.2.10,144,1048576,1,99.999714,33.326684,7.7465,8.7062,1,1401938747
2.2.11,144,1048576,1,99.999714,33.326133,7.7506,9.1598,1,1401938747
2.2.12,144,1048576,1,99.999714,33.342958,7.7460,9.4396,1,1401938747
2.2.13,144,1048576,1,99.999714,33.292360,7.7528,9.2098,1,1401938747
2.2.14,144,1048576,1,99.999714,33.313108,7.7511,9.5494,1,1401938747
2.2.15,144,1048576,1,99.999714,33.332098,7.7501,9.2667,1,1401938747
2.2.16,144,1048576,1,99.999714,33.313646,7.7493,9.6065,1,1401938747
2.2.17,144,1048576,1,99.999714,33.325100,7.7493,9.3559,1,1401938747
2.2.18,144,1048576,1,99.999714,33.330819,7.7477,9.1849,1,1401938747
2.2.19,144,1048576,1,99.999714,33.327848,7.7475,9.0170,1,1401938747
2.2.20,144,1048576,1,99.999714,33.296190,7.7509,9.3551,1,1401938747
2.2.21,144,1048576,1,99.999714,33.323448,7.7494,8.6035,1,1401938747
2.2.22,144,1048576,1,99.999714,33.341646,7.7483,8.6551,1,1401938747
2.2.23,144,1048576,1,99.999714,33.307949,7.7463,8.7492,1,1401938747
2.2.24,144,1048576,1,99.999714,33.333619,7.7475,9.2789,1,1401938747
wash-ir,144,5062500,1,99.999941,33.325235,7.7483,8.5180,1,1401938747
4.1.01,168,65536,1,100.000000,33.331921,7.7350,7.3044,1,1733338585
4.1.02,168,65536,1,100.000000,33.239688,7.7593,6.2620,1,1733338585
4.1.03,168,65536,1,100.000000,33.342391,7.7552,9.9357,1,1733338585
4.1.04,168,65536,1,100.000000,33.222181,7.7651,8.8312,1,1733338585
4.1.05,168,65536,1,100.000000,33.306551,7.7444,8.9132,1,1733338585
4.1.06,168,65536,1,100.000000,33.337872,7.7389,8.1779,1,1733338585
4.1.07,168,65536,1,100.000000,33.322821,7.7439,8.5865,1,1733338585
4.1.08,168,65536,1,100.000000,33.322935,7.7397,8.6578,1,1733338585
4.2.01,168,262144,1,100.000000,33.369422,7.7465,7.6310,1,1733338585
4.2.03,168,262144,1,100.000000,33.328549,7.7514,8.7735,1,1733338585
4.2.05,168,262144,1,100.000000,33.334621,7.7458,7.9830,1,1733338585
4.2.06,168,262144,1,100.000000,33.401933,7.7383,8.0874,1,1733338585
4.2.07,168,262144,1,100.000000,33.339467,7.7491,8.0773,1,1733338585
house,168,262144,1,100.000000,33.381455,7.7440,8.4713,1,1733338585
2.1.01,168,262144,1,100.000000,33.359631,7.7544,9.4102,1,1733338585
2.1.02,168,262144,1,100.000000,33.370566,7.7486,8.8367,1,1733338585
2.1.03,168,262144,1,100.000000,33.358960,7.7461,8.3621,1,1733338585
2.1.04,168,262144,1,100.000000,33.424322,7.7497,9.3743,1,1733338585
2.1.05,168,262144,1,100.000000,33.367059,7.7429,8.9662,1,1733338585
2.1.06,168,262144,1,100.000000,33.343266,7.7492,9.2278,1,1733338585
2.1.07,168,262144,1,100.000000,33.369133,7.7452,8.7752,1,1733338585
2.1.08,168,262144,1,100.000000,33.365934,7.7436,8.4233,1,1733338585
2.1.09,168,262144,1,100.000000,33.346483,7.7485,8.6878,1,1733338585
2.1.10,168,262144,1,100.000000,33.342905,7.7502,8.6467,1,1733338585
2.1.11,168,262144,1,100.000000,33.390069,7.7438,9.3597,1,1733338585
2.1.12,168,262144,1,100.000000,33.410262,7.7445,8.4459,1,1733338585
2.2.01,168,1048576,1,100.000000,33.356600,7.7504,8.4830,1,1733338585
2.2.02,168,1048576,1,100.000000,33.405842,7.7427,8.7109,1,1733338585
2.2.03,168,1048576,1,100.000000,33.359980,7.7464,8.3754,1,1733338585
2.2.04,168,1048576,1,100.000000,33.395455,7.7429,8.5815,1,1733338585
2.2.05,168,1048576,1,100.000000,33.391328,7.7431,9.4132,1,1733338585
2.2.06,168,1048576,1,100.000000,33.377807,7.7479,8.7890,1,1733338585
2.2.07,168,1048576,1,100.000000,33.352066,7.7464,8.4912,1,1733338585
2.2.08,168,1048576,1,100.000000,33.372441,7.7476,8.5469,1,1733338585
2.2.09,168,1048576,1,100.000000,33.374988,7.7476,8.7090,1,1733338585
2.2.10,168,1048576,1,100.000000,33.339760,7.7509,8.7094,1,1733338585
2.2.11,168,1048576,1,100.000000,33.378029,7.7464,9.1609,1,1733338585
2.2.12,168,1048576,1,100.000000,33.354365,7.7479,9.4429,1,1733338585
2.2.13,168,1048576,1,100.000000,33.357640,7.7458,9.2034,1,1733338585
2.2.14,168,1048576,1,100.000000,33.352174,7.7493,9.5487,1,1733338585
2.2.15,168,1048576,1,100.000000,33.377570,7.7488,9.2744,1,1733338585
2.2.16,168,1048576,1,100.000000,33.361108,7.7474,9.6090,1,1733338585
2.2.17,168,1048576,1,100.000000,33.383870,7.7455,9.3533,1,1733338585
2.2.18,168,1048576,1,100.000000,33.374388,7.7466,9.1865,1,1733338585
2.2.19,168,1048576,1,100.000000,33.354073,7.7452,9.0177,1,1733338585
2.2.20,168,1048576,1,100.000000,33.369523,7.7495,9.3570,1,1733338585
2.2.21,168,1048576,1,100.000000,33.362951,7.7487,8.6012,1,1733338585
2.2.22,168,1048576,1,100.000000,33.345313,7.7512,8.6546,1,1733338585
2.2.23,168,1048576,1,100.000000,33.366178,7.7456,8.7470,1,1733338585
2.2.24,168,1048576,1,100.000000,33.394333,7.7455,9.2747,1,1733338585
wash-ir,168,5062500,1,99.999980,33.334462,7.7467,8.5165,1,1733338585
4.1.01,192,65536,1,99.990845,33.341255,7.7525,7.2932,7,2087292880
4.1.02,192,65536,1,99.990845,33.242198,7.7601,6.2454,7,2087292880
4.1.03,192,65536,1,99.990845,33.340370,7.7442,9.9412,7,2087292880
4.1.04,192,65536,1,99.990845,33.331403,7.7505,8.8343,7,2087292880
4.1.05,192,65536,1,99.990845,33.165058,7.7657,8.9190,7,2087292880
4.1.06,192,65536,1,99.990845,33.296012,7.7425,8.1563,7,2087292880
4.1.07,192,65536,1,99.990845,33.359824,7.7521,8.5875,7,2087292880
4.1.08,192,65536,1,99.990845,33.357010,7.7400,8.6397,7,2087292880
4.2.01,192,262144,1,99.997711,33.294158,7.7449,7.6301,7,2087292880
4.2.03,192,262144,1,99.997711,33.348905,7.7439,8.7685,7,2087292880
4.2.05,192,262144,1,99.997711,33.282703,7.7465,7.9828,7,2087292880
4.2.06,192,262144,1,99.997711,33.296587,7.7471,8.0852,7,2087292880
4.2.07,192,262144,1,99.997711,33.314778,7.7484,8.0792,7,2087292880
house,192,262144,1,99.997711,33.248801,7.7437,8.4716,7,2087292880
2.1.01,192,262144,1,99.997711,33.277863,7.7510,9.4196,7,2087292880
2.1.02,192,262144,1,99.997711,33.301487,7.7470,8.8460,7,2087292880
2.1.03,192,262144,1,99.997711,33.332690,7.7409,8.3621,7,2087292880
2.1.04,192,262144,1,99.997711,33.282190,7.7519,9.3761,7,2087292880
2.1.05,192,262144,1,99.997711,33.330842,7.7421,8.9771,7,2087292880
2.1.06,192,262144,1,99.997711,33.220557,7.7549,9.2313,7,2087292880
2.1.07,192,262144,1,99.997711,33.293225,7.7496,8.7749,7,2087292880
2.1.08,192,262144,1,99.997711,33.316284,7.7453,8.4216,7,2087292880
2.1.09,192,262144,1,99.997711,33.301905,7.7439,8.6874,7,2087292880
2.1.10,192,262144,1,99.997711,33.291092,7.7493,8.6395,7,2087292880
2.1.11,192,262144,1,99.997711,33.311500,7.7483,9.3538,7,2087292880
2.1.12,192,262144,1,99.997711,33.301971,7.7459,8.4521,7,2087292880
2.2.01,192,1048576,1,99.999428,33.284658,7.7511,8.4872,7,2087292880
2.2.02,192,1048576,1,99.999428,33.298443,7.7524,8.7158,7,2087292880
2.2.03,192,1048576,1,99.999428,33.309469,7.7493,8.3785,7,2087292880
2.2.04,192,1048576,1,99.999428,33.306936,7.7508,8.5901,7,2087292880
2.2.05,192,1048576,1,99.999428,33.342819,7.7450,9.4201,7,2087292880
2.2.06,192,1048576,1,99.999428,33.288459,7.7511,8.7904,7,2087292880
2.2.07,192,1048576,1,99.999428,33.305066,7.7451,8.4982,7,2087292880
2.2.08,192,1048576,1,99.999428,33.317031,7.7523,8.5479,7,2087292880
2.2.09,192,1048576,1,99.999428,33.314665,7.7519,8.7143,7,2087292880
2.2.10,192,1048576,1,99.999428,33.307077,7.7516,8.7137,7,2087292880
2.2.11,192,1048576,1,99.999428,33.307066,7.7505,9.1640,7,2087292880
2.2.12,192,1048576,1,99.999428,33.312346,7.7516,9.4432,7,2087292880
2.2.13,192,1048576,1,99.999428,33.321660,7.7506,9.2098,7,2087292880
2.2.14,192,1048576,1,99.999428,33.317925,7.7489,9.5496,7,2087292880
2.2.15,192,1048576,1,99.999428,33.310789,7.7506,9.2763,7,2087292880
2.2.16,192,1048576,1,99.999428,33.302032,7.7478,9.6107,7,2087292880
2.2.17,192,1048576,1,99.999428,33.286570,7.7541,9.3572,7,2087292880
2.2.18,192,1048576,1,99.999428,33.306332,7.7464,9.1883,7,2087292880
2.2.19,192,1048576,1,99.999428,33.287573,7.7520,9.0224,7,2087292880
2.2.20,192,1048576,1,99.999428,33.294023,7.7493,9.3567,7,2087292880
2.2.21,192,1048576,1,99.999428,33.309079,7.7508,8.6066,7,2087292880
2.2.22,192,1048576,1,99.999428,33.307304,7.7545,8.6569,7,2087292880
2.2.23,192,1048576,1,99.999428,33.316387,7.7482,8.7530,7,2087292880
2.2.24,192,1048576,1,99.999428,33.292881,7.7499,9.2748,7,2087292880
wash-ir,192,5062500,1,99.999881,33.330395,7.7494,8.5168,7,2087292880
4.1.01,216,65536,1,100.000000,33.199439,7.7511,7.2863,1,2045479987
4.1.02,216,65536,1,100.000000,33.268088,7.7515,6.2543,1,2045479987
4.1.03,216,65536,1,100.000000,33.245786,7.7652,9.9426,1,2045479987
4.1.04,216,65536,1,100.000000,33.261620,7.7449,8.8218,1,2045479987
4.1.05,216,65536,1,100.000000,33.260675,7.7597,8.9202,1,2045479987
4.1.06,216,65536,1,100.000000,33.282212,7.7623,8.1697,1,2045479987
4.1.07,216,65536,1,100.000000,33.356063,7.7538,8.5813,1,2045479987
4.1.08,216,65536,1,100.000000,33.223645,7.7517,8.6520,1,2045479987
4.2.01,216,262144,1,100.000000,33.304119,7.7514,7.6345,1,2045479987
4.2.03,216,262144,1,100.000000,33.310016,7.7502,8.7795,1,2045479987
4.2.05,216,262144,1,100.000000,33.297055,7.7562,7.9775,1,2045479987
4.2.06,216,262144,1,100.000000,33.308930,7.7521,8.0874,1,2045479987
4.2.07,216,262144,1,100.000000,33.280785,7.7536,8.0829,1,2045479987
house,216,262144,1,100.000000,33.267701,7.7562,8.4732,1,2045479987
2.1.01,216,262144,1,100.000000,33.318328,7.7533,9.4130,1,2045479987
2.1.02,216,262144,1,100.000000,33.337462,7.7498,8.8476,1,2045479987
2.1.03,216,262144,1,100.000000,33.326212,7.7442,8.3644,1,2045479987
2.1.04,216,262144,1,100.000000,33.347868,7.7498,9.3821,1,2045479987
2.1.05,216,262144,1,100.000000,33.293853,7.7543,8.9762,1,2045479987
2.1.06,216,262144,1,100.000000,33.291719,7.7491,9.2280,1,2045479987
2.1.07,216,262144,1,100.000000,33.373146,7.7427,8.7843,1,2045479987
2.1.08,216,262144,1,100.000000,33.314894,7.7481,8.4196,1,2045479987
2.1.09,216,262144,1,100.000000,33.315703,7.7514,8.6944,1,2045479987
2.1.10,216,262144,1,100.000000,33.311405,7.7395,8.6507,1,2045479987
2.1.11,216,262144,1,100.000000,33.277418,7.7545,9.3607,1,2045479987
2.1.12,216,262144,1,100.000000,33.349227,7.7468,8.4525,1,2045479987
2.2.01,216,1048576,1,100.000000,33.314986,7.7500,8.4896,1,2045479987
2.2.02,216,1048576,1,100.000000,33.301515,7.7497,8.7122,1,2045479987
2.2.03,216,1048576,1,100.000000,33.326147,7.7472,8.3757,1,2045479987
2.2.04,216,1048576,1,100.000000,33.346110,7.7455,8.5839,1,2045479987
2.2.05,216,1048576,1,100.000000,33.339819,7.7483,9.4164,1,2045479987
2.2.06,216,1048576,1,100.000000,33.332220,7.7483,8.7869,1,2045479987
2.2.07,216,1048576,1,100.000000,33.326987,7.7505,8.4933,1,2045479987
2.2.08,216,1048576,1,100.000000,33.325154,7.7481,8.5457,1,2045479987
2.2.09,216,1048576,1,100.000000,33.372099,7.7436,8.7095,1,2045479987
2.2.10,216,1048576,1,100.000000,33.364787,7.7465,8.7107,1,2045479987
2.2.11,216,1048576,1,100.000000,33.371493,7.7481,9.1611,1,2045479987
2.2.12,216,1048576,1,100.000000,33.304750,7.7523,9.4390,1,2045479987
2.2.13,216,1048576,1,100.000000,33.317236,7.7514,9.2113,1,2045479987
2.2.14,216,1048576,1,100.000000,33.358787,7.7474,9.5466,1,2045479987
2.2.15,216,1048576,1,100.000000,33.328214,7.7487,9.2734,1,2045479987
2.2.16,216,1048576,1,100.000000,33.324731,7.7475,9.6087,1,2045479987
2.2.17,216,1048576,1,100.000000,33.341763,7.7454,9.3600,1,2045479987
2.2.18,216,1048576,1,100.000000,33.325064,7.7486,9.1862,1,2045479987
2.2.19,216,1048576,1,100.000000,33.317969,7.7527,9.0206,1,2045479987
2.2.20,216,1048576,1,100.000000,33.332930,7.7483,9.3553,1,2045479987
2.2.21,216,1048576,1,100.000000,33.333262,7.7488,8.6005,1,2045479987
2.2.22,216,1048576,1,100.000000,33.331251,7.7465,8.6565,1,2045479987
2.2.23,216,1048576,1,100.000000,33.317152,7.7494,8.7477,1,2045479987
2.2.24,216,1048576,1,100.000000,33.316972,7.7503,9.2738,1,2045479987
wash-ir,216,5062500,1,99.999980,33.327180,7.7491,8.5164,1,2045479987
4.1.01,240,65536,1,99.995422,33.457616,7.7547,7.2950,1,325123491
4.1.02,240,65536,1,99.995422,33.504636,7.7295,6.2438,1,325123491
4.1.03,240,65536,1,99.995422,33.375397,7.7622,9.9366,1,325123491
4.1.04,240,65536,1,99.995422,33.418268,7.7465,8.8251,1,325123491
4.1.05,240,65536,1,99.995422,33.543477,7.7206,8.9041,1,325123491
4.1.06,240,65536,1,99.995422,33.419740,7.7397,8.1484,1,325123491
4.1.07,240,65536,1,99.995422,33.426710,7.7350,8.5715,1,325123491
4.1.08,240,65536,1,99.995422,33.461176,7.7288,8.6277,1,325123491
4.2.01,240,262144,1,99.998856,33.299549,7.7650,7.6321,1,325123491
4.2.03,240,262144,1,99.998856,33.235859,7.7642,8.7932,1,325123491
4.2.05,240,262144,1,99.998856,33.278993,7.7546,7.9838,1,325123491
4.2.06,240,262144,1,99.998856,33.247525,7.7613,8.0915,1,325123491
4.2.07,240,262144,1,99.998856,33.310233,7.7525,8.0781,1,325123491
house,240,262144,1,99.998856,33.334378,7.7495,8.4872,1,325123491
2.1.01,240,262144,1,99.998856,33.286188,7.7522,9.4250,1,325123491
2.1.02,240,262144,1,99.998856,33.330390,7.7557,8.8530,1,325123491
2.1.03,240,262144,1,99.998856,33.294980,7.7519,8.3713,1,325123491
2.1.04,240,262144,1,99.998856,33.330757,7.7531,9.3813,1,325123491
2.1.05,240,262144,1,99.998856,33.325658,7.7524,8.9853,1,325123491
2.1.06,240,262144,1,99.998856,33.338551,7.7498,9.2376,1,325123491
2.1.07,240,262144,1,99.998856,33.349642,7.7484,8.7931,1,325123491
2.1.08,240,262144,1,99.998856,33.277589,7.7578,8.4278,1,325123491
2.1.09,240,262144,1,99.998856,33.263008,7.7525,8.6987,1,325123491
2.1.10,240,262144,1,99.998856,33.314209,7.7508,8.6592,1,325123491
2.1.11,240,262144,1,99.998856,33.265257,7.7590,9.3645,1,325123491
2.1.12,240,262144,1,99.998856,33.278686,7.7565,8.4580,1,325123491
2.2.01,240,1048576,1,99.999714,33.336702,7.7516,8.4850,1,325123491
2.2.02,240,1048576,1,99.999714,33.345928,7.7488,8.7157,1,325123491
2.2.03,240,1048576,1,99.999714,33.347065,7.7504,8.3797,1,325123491
2.2.04,240,1048576,1,99.999714,33.338112,7.7519,8.5867,1,325123491
2.2.05,240,1048576,1,99.999714,33.318389,7.7503,9.4169,1,325123491
2.2.06,240,1048576,1,99.999714,33.339905,7.7557,8.7925,1,325123491
2.2.07,240,1048576,1,99.999714,33.343802,7.7474,8.4965,1,325123491
2.2.08,240,1048576,1,99.999714,33.336882,7.7513,8.5524,1,325123491
2.2.09,240,1048576,1,99.999714,33.340537,7.7512,8.7169,1,325123491
2.2.10,240,1048576,1,99.999714,33.324290,7.7520,8.7153,1,325123491
2.2.11,240,1048576,1,99.999714,33.332001,7.7484,9.1679,1,325123491
2.2.12,240,1048576,1,99.999714,33.320044,7.7535,9.4492,1,325123491
2.2.13,240,1048576,1,99.999714,33.329229,7.7484,9.2133,1,325123491
2.2.14,240,1048576,1,99.999714,33.359444,7.7472,9.5515,1,325123491
2.2.15,240,1048576,1,99.999714,33.332337,7.7515,9.2777,1,325123491
2.2.16,240,1048576,1,99.999714,33.343682,7.7488,9.6117,1,325123491
2.2.17,240,1048576,1,99.999714,33.340446,7.7494,9.3627,1,325123491
2.2.18,240,1048576,1,99.999714,33.342987,7.7514,9.1919,1,325123491
2.2.19,240,1048576,1,99.999714,33.329114,7.7502,9.0252,1,325123491
2.2.20,240,1048576,1,99.999714,33.337524,7.7500,9.3609,1,325123491
2.2.21,240,1048576,1,99.999714,33.324714,7.7528,8.6092,1,325123491
2.2.22,240,1048576,1,99.999714,33.314158,7.7533,8.6644,1,325123491
2.2.23,240,1048576,1,99.999714,33.352036,7.7483,8.7555,1,325123491
2.2.24,240,1048576,1,99.999714,33.334758,7.7508,9.2784,1,325123491
wash-ir,240,5062500,1,99.999921,33.340725,7.7486,8.5193,1,325123491
4.1.01,264,65536,1,100.000000,33.335611,7.7474,7.3034,1,185416806
4.1.02,264,65536,1,100.000000,33.335180,7.7443,6.2501,1,185416806
4.1.03,264,65536,1,100.000000,33.298524,7.7611,9.9583,1,185416806
4.1.04,264,65536,1,100.000000,33.387699,7.7571,8.8470,1,185416806
4.1.05,264,65536,1,100.000000,33.337998,7.7605,8.9146,1,185416806
4.1.06,264,65536,1,100.000000,33.337849,7.7535,8.1581,1,185416806
4.1.07,264,65536,1,100.000000,33.355076,7.7625,8.5899,1,185416806
4.1.08,264,65536,1,100.000000,33.282055,7.7555,8.6435,1,185416806
4.2.01,264,262144,1,100.000000,33.268189,7.7582,7.6335,1,185416806
4.2.03,264,262144,1,100.000000,33.278988,7.7557,8.7878,1,185416806
4.2.05,264,262144,1,100.000000,33.285560,7.7517,7.9888,1,185416806
4.2.06,264,262144,1,100.000000,33.294150,7.7562,8.0894,1,185416806
4.2.07,264,262144,1,100.000000,33.255967,7.7584,8.0771,1,185416806
house,264,262144,1,100.000000,33.280227,7.7497,8.4799,1,185416806
2.1.01,264,262144,1,100.000000,33.317830,7.7520,9.4166,1,185416806
2.1.02,264,262144,1,100.000000,33.195811,7.7600,8.8448,1,185416806
2.1.03,264,262144,1,100.000000,33.289517,7.7548,8.3626,1,185416806
2.1.04,264,262144,1,100.000000,33.303881,7.7518,9.3793,1,185416806
2.1.05,264,262144,1,100.000000,33.286669,7.7604,8.9877,1,185416806
2.1.06,264,262144,1,100.000000,33.257073,7.7528,9.2260,1,185416806
2.1.07,264,262144,1,100.000000,33.268777,7.7580,8.7825,1,185416806
2.1.08,264,262144,1,100.000000,33.265312,7.7527,8.4325,1,185416806
2.1.09,264,262144,1,100.000000,33.321869,7.7530,8.6965,1,185416806
2.1.10,264,262144,1,100.000000,33.290776,7.7533,8.6582,1,185416806
2.1.11,264,262144,1,100.000000,33.314947,7.7475,9.3585,1,185416806
2.1.12,264,262144,1,100.000000,33.314236,7.7597,8.4536,1,185416806
2.2.01,264,1048576,1,100.000000,33.339249,7.7506,8.4837,1,185416806
2.2.02,264,1048576,1,100.000000,33.334770,7.7520,8.7103,1,185416806
2.2.03,264,1048576,1,100.000000,33.344304,7.7476,8.3787,1,185416806
2.2.04,264,1048576,1,100.000000,33.336819,7.7498,8.5851,1,185416806
2.2.05,264,1048576,1,100.000000,33.341655,7.7496,9.4124,1,185416806
2.2.06,264,1048576,1,100.000000,33.358071,7.7473,8.7889,1,185416806
2.2.07,264,1048576,1,100.000000,33.349424,7.7490,8.4944,1,185416806
2.2.08,264,1048576,1,100.000000,33.332094,7.7484,8.5485,1,185416806
2.2.09,264,1048576,1,100.000000,33.349919,7.7498,8.7112,1,185416806
2.2.10,264,1048576,1,100.000000,33.328402,7.7515,8.7084,1,185416806
2.2.11,264,1048576,1,100.000000,33.333610,7.7476,9.1600,1,185416806
2.2.12,264,1048576,1,100.000000,33.314799,7.7489,9.4370,1,185416806
2.2.13,264,1048576,1,100.000000,33.331677,7.7504,9.2057,1,185416806
2.2.14,264,1048576,1,100.000000,33.299473,7.7567,9.5489,1,185416806
2.2.15,264,1048576,1,100.000000,33.320379,7.7529,9.2687,1,185416806
2.2.16,264,1048576,1,100.000000,33.354015,7.7509,9.6056,1,185416806
2.2.17,264,1048576,1,100.000000,33.334015,7.7520,9.3539,1,185416806
2.2.18,264,1048576,1,100.000000,33.313090,7.7477,9.1864,1,185416806
2.2.19,264,1048576,1,100.000000,33.320191,7.7521,9.0189,1,185416806
2.2.20,264,1048576,1,100.000000,33.339694,7.7474,9.3548,1,185416806
2.2.21,264,1048576,1,100.000000,33.317885,7.7537,8.6025,1,185416806
2.2.22,264,1048576,1,100.000000,33.306177,7.7523,8.6570,1,185416806
2.2.23,264,1048576,1,100.000000,33.328238,7.7510,8.7478,1,185416806
2.2.24,264,1048576,1,100.000000,33.322215,7.7525,9.2757,1,185416806
wash-ir,264,5062500,1,100.000000,33.350917,7.7461,8.5163,1,185416806
4.1.01,288,65536,1,99.992371,33.551269,7.7246,7.2639,6,531508605
4.1.02,288,65536,1,99.992371,33.480003,7.7287,6.2317,6,531508605
4.1.03,288,65536,1,99.992371,33.403137,7.7341,9.9402,6,531508605
4.1.04,288,65536,1,99.992371,33.499480,7.7248,8.8163,6,531508605
4.1.05,288,65536,1,99.992371,33.520421,7.7375,8.8924,6,531508605
4.1.06,288,65536,1,99.992371,33.413545,7.7404,8.1347,6,531508605
4.1.07,288,65536,1,99.992371,33.435245,7.7362,8.5614,6,531508605
4.1.08,288,65536,1,99.992371,33.413393,7.7474,8.6128,6,531508605
4.2.01,288,262144,1,99.998093,33.403741,7.7398,7.6226,6,531508605
4.2.03,288,262144,1,99.998093,33.384018,7.7423,8.7660,6,531508605
4.2.05,288,262144,1,99.998093,33.443558,7.7381,7.9728,6,531508605
4.2.06,288,262144,1,99.998093,33.458380,7.7396,8.0808,6,531508605
4.2.07,288,262144,1,99.998093,33.417826,7.7350,8.0685,6,531508605
house,288,262144,1,99.998093,33.395273,7.7499,8.4670,6,531508605
2.1.01,288,262144,1,99.998093,33.391667,7.7383,9.4095,6,531508605
2.1.02,288,262144,1,99.998093,33.388552,7.7328,8.8393,6,531508605
2.1.03,288,262144,1,99.998093,33.406988,7.7370,8.3480,6,531508605
2.1.04,288,262144,1,99.998093,33.444017,7.7471,9.3691,6,531508605
2.1.05,288,262144,1,99.998093,33.443132,7.7400,8.9699,6,531508605
2.1.06,288,262144,1,99.998093,33.425658,7.7403,9.2152,6,531508605
2.1.07,288,262144,1,99.998093,33.361685,7.7484,8.7720,6,531508605
2.1.08,288,262144,1,99.998093,33.410757,7.7463,8.4155,6,531508605
2.1.09,288,262144,1,99.998093,33.419923,7.7383,8.6806,6,531508605
2.1.10,288,262144,1,99.998093,33.397908,7.7428,8.6403,6,531508605
2.1.11,288,262144,1,99.998093,33.362823,7.7419,9.3505,6,531508605
2.1.12,288,262144,1,99.998093,33.428028,7.7472,8.4456,6,531508605
2.2.01,288,1048576,1,99.999523,33.356850,7.7473,8.4840,6,531508605
2.2.02,288,1048576,1,99.999523,33.331329,7.7471,8.7117,6,531508605
2.2.03,288,1048576,1,99.999523,33.338584,7.7491,8.3760,6,531508605
2.2.04,288,1048576,1,99.999523,33.357283,7.7442,8.5833,6,531508605
2.2.05,288,1048576,1,99.999523,33.366284,7.7455,9.4109,6,531508605
2.2.06,288,1048576,1,99.999523,33.366113,7.7468,8.7889,6,531508605
2.2.07,288,1048576,1,99.999523,33.374545,7.7438,8.4930,6,531508605
2.2.08,288,1048576,1,99.999523,33.357621,7.7471,8.5478,6,531508605
2.2.09,288,1048576,1,99.999523,33.384479,7.7434,8.7087,6,531508605
2.2.10,288,1048576,1,99.999523,33.329944,7.7477,8.7077,6,531508605
2.2.11,288,1048576,1,99.999523,33.348444,7.7493,9.1611,6,531508605
2.2.12,288,1048576,1,99.999523,33.343426,7.7484,9.4392,6,531508605
2.2.13,288,1048576,1,99.999523,33.369009,7.7455,9.2095,6,531508605
2.2.14,288,1048576,1,99.999523,33.360797,7.7459,9.5462,6,531508605
2.2.15,288,1048576,1,99.999523,33.350830,7.7432,9.2701,6,531508605
2.2.16,288,1048576,1,99.999523,33.349748,7.7471,9.6075,6,531508605
2.2.17,288,1048576,1,99.999523,33.345633,7.7479,9.3545,6,531508605
2.2.18,288,1048576,1,99.999523,33.350781,7.7479,9.1845,6,531508605
2.2.19,288,1048576,1,99.999523,33.336239,7.7470,9.0206,6,531508605
2.2.20,288,1048576,1,99.999523,33.332383,7.7502,9.3529,6,531508605
2.2.21,288,1048576,1,99.999523,33.341355,7.7471,8.6051,6,531508605
2.2.22,288,1048576,1,99.999523,33.358801,7.7477,8.6545,6,531508605
2.2.23,288,1048576,1,99.999523,33.359010,7.7462,8.7481,6,531508605
2.2.24,288,1048576,1,99.999523,33.354588,7.7471,9.2746,6,531508605
wash-ir,288,5062500,1,99.999901,33.344197,7.7462,8.5166,6,531508605
4.1.01,312,65536,1,100.000000,33.170076,7.7677,7.3036,1,1091260097
4.1.02,312,65536,1,100.000000,33.113088,7.7506,6.2644,1,1091260097
4.1.03,312,65536,1,100.000000,33.086343,7.7631,9.9674,1,1091260097
4.1.04,312,65536,1,100.000000,33.112855,7.7742,8.8604,1,1091260097
4.1.05,312,65536,1,100.000000,33.027115,7.7733,8.9353,1,1091260097
4.1.06,312,65536,1,100.000000,33.138402,7.7624,8.1716,1,1091260097
4.1.07,312,65536,1,100.000000,33.239262,7.7464,8.6176,1,1091260097
4.1.08,312,65536,1,100.000000,33.167081,7.7518,8.6538,1,1091260097
4.2.01,312,262144,1,100.000000,33.384181,7.7472,7.6307,1,1091260097
4.2.03,312,262144,1,100.000000,33.329933,7.7461,8.7792,1,1091260097
4.2.05,312,262144,1,100.000000,33.327846,7.7471,7.9809,1,1091260097
4.2.06,312,262144,1,100.000000,33.347612,7.7440,8.0831,1,1091260097
4.2.07,312,262144,1,100.000000,33.360317,7.7475,8.0798,1,1091260097
house,312,262144,1,100.000000,33.357861,7.7475,8.4737,1,1091260097
2.1.01,312,262144,1,100.000000,33.322433,7.7523,9.4162,1,1091260097
2.1.02,312,262144,1,100.000000,33.305753,7.7467,8.8509,1,1091260097
2.1.03,312,262144,1,100.000000,33.362185,7.7417,8.3587,1,1091260097
2.1.04,312,262144,1,100.000000,33.305103,7.7493,9.3868,1,1091260097
2.1.05,312,262144,1,100.000000,33.353598,7.7478,8.9750,1,1091260097
2.1.06,312,262144,1,100.000000,33.338481,7.7409,9.2245,1,1091260097
2.1.07,312,262144,1,100.000000,33.365416,7.7471,8.7781,1,1091260097
2.1.08,312,262144,1,100.000000,33.358609,7.7477,8.4294,1,1091260097
2.1.09,312,262144,1,100.000000,33.318230,7.7479,8.6898,1,1091260097
2.1.10,312,262144,1,100.000000,33.347733,7.7495,8.6451,1,1091260097
2.1.11,312,262144,1,100.000000,33.364392,7.7383,9.3566,1,1091260097
2.1.12,312,262144,1,100.000000,33.324427,7.7502,8.4466,1,1091260097
2.2.01,312,1048576,1,100.000000,33.351808,7.7510,8.4860,1,1091260097
2.2.02,312,1048576,1,100.000000,33.354754,7.7494,8.7161,1,1091260097
2.2.03,312,1048576,1,100.000000,33.404560,7.7452,8.3802,1,1091260097
2.2.04,312,1048576,1,100.000000,33.382963,7.7467,8.5873,1,1091260097
2.2.05,312,1048576,1,100.000000,33.393636,7.7458,9.4168,1,1091260097
2.2.06,312,1048576,1,100.000000,33.368938,7.7483,8.7939,1,1091260097
2.2.07,312,1048576,1,100.000000,33.355770,7.7485,8.4965,1,1091260097
2.2.08,312,1048576,1,100.000000,33.368601,7.7459,8.5477,1,1091260097
2.2.09,312,1048576,1,100.000000,33.369991,7.7447,8.7127,1,1091260097
2.2.10,312,1048576,1,100.000000,33.380521,7.7476,8.7121,1,1091260097
2.2.11,312,1048576,1,100.000000,33.384013,7.7496,9.1614,1,1091260097
2.2.12,312,1048576,1,100.000000,33.377517,7.7519,9.4439,1,1091260097
2.2.13,312,1048576,1,100.000000,33.348794,7.7518,9.2075,1,1091260097
2.2.14,312,1048576,1,100.000000,33.360076,7.7497,9.5465,1,1091260097
2.2.15,312,1048576,1,100.000000,33.350077,7.7518,9.2746,1,1091260097
2.2.16,312,1048576,1,100.000000,33.367028,7.7491,9.6098,1,1091260097
2.2.17,312,1048576,1,100.000000,33.376653,7.7501,9.3560,1,1091260097
2.2.18,312,1048576,1,100.000000,33.378948,7.7482,9.1897,1,1091260097
2.2.19,312,1048576,1,100.000000,33.369110,7.7460,9.0233,1,1091260097
2.2.20,312,1048576,1,100.000000,33.373112,7.7469,9.3543,1,1091260097
2.2.21,312,1048576,1,100.000000,33.352997,7.7490,8.6029,1,1091260097
2.2.22,312,1048576,1,100.000000,33.347120,7.7502,8.6602,1,1091260097
2.2.23,312,1048576,1,100.000000,33.357375,7.7461,8.7518,1,1091260097
2.2.24,312,1048576,1,100.000000,33.378227,7.7468,9.2731,1,1091260097
wash-ir,312,5062500,1,100.000000,33.349842,7.7458,8.5174,1,1091260097
4.1.01,336,65536,1,99.995422,33.325794,7.7376,7.2731,1,755612106
4.1.02,336,65536,1,99.995422,33.313777,7.7411,6.2424,1,755612106
4.1.03,336,65536,1,99.995422,33.228124,7.7439,9.9467,1,755612106
4.1.04,336,65536,1,99.995422,33.331105,7.7494,8.8373,1,755612106
4.1.05,336,65536,1,99.995422,33.348306,7.7515,8.9071,1,755612106
4.1.06,336,65536,1,99.995422,33.197619,7.7421,8.1693,1,755612106
4.1.07,336,65536,1,99.995422,33.233830,7.7500,8.5950,1,755612106
4.1.08,336,65536,1,99.995422,33.401846,7.7313,8.6395,1,755612106
4.2.01,336,262144,1,99.998856,33.291434,7.7458,7.6344,1,755612106
4.2.03,336,262144,1,99.998856,33.296701,7.7421,8.7753,1,755612106
4.2.05,336,262144,1,99.998856,33.308954,7.7367,7.9806,1,755612106
4.2.06,336,262144,1,99.998856,33.346327,7.7392,8.0858,1,755612106
4.2.07,336,262144,1,99.998856,33.296466,7.7466,8.0752,1,755612106
house,336,262144,1,99.998856,33.306742,7.7464,8.4736,1,755612106
2.1.01,336,262144,1,99.998856,33.275322,7.7485,9.4149,1,755612106
2.1.02,336,262144,1,99.998856,33.321297,7.7392,8.8469,1,755612106
2.1.03,336,262144,1,99.998856,33.286848,7.7458,8.3536,1,755612106
2.1.04,336,262144,1,99.998856,33.266557,7.7495,9.3787,1,755612106
2.1.05,336,262144,1,99.998856,33.298987,7.7421,8.9725,1,755612106
2.1.06,336,262144,1,99.998856,33.304223,7.7455,9.2317,1,755612106
2.1.07,336,262144,1,99.998856,33.261672,7.7533,8.7892,1,755612106
2.1.08,336,262144,1,99.998856,33.302964,7.7431,8.4214,1,755612106
2.1.09,336,262144,1,99.998856,33.284333,7.7519,8.6915,1,755612106
2.1.10,336,262144,1,99.998856,33.309446,7.7448,8.6429,1,755612106
2.1.11,336,262144,1,99.998856,33.281245,7.7394,9.3725,1,755612106
2.1.12,336,262144,1,99.998856,33.274074,7.7477,8.4466,1,755612106
2.2.01,336,1048576,1,99.999714,33.319050,7.7476,8.4863,1,755612106
2.2.02,336,1048576,1,99.999714,33.324173,7.7465,8.7134,1,755612106
2.2.03,336,1048576,1,99.999714,33.307814,7.7521,8.3768,1,755612106
2.2.04,336,1048576,1,99.999714,33.345684,7.7469,8.5861,1,755612106
2.2.05,336,1048576,1,99.999714,33.294725,7.7502,9.4196,1,755612106
2.2.06,336,1048576,1,99.999714,33.287743,7.7495,8.7887,1,755612106
2.2.07,336,1048576,1,99.999714,33.304194,7.7520,8.4949,1,755612106
2.2.08,336,1048576,1,99.999714,33.333874,7.7460,8.5510,1,755612106
2.2.09,336,1048576,1,99.999714,33.292349,7.7506,8.7109,1,755612106
2.2.10,336,1048576,1,99.999714,33.285059,7.7504,8.7103,1,755612106
2.2.11,336,1048576,1,99.999714,33.342427,7.7453,9.1614,1,755612106
2.2.12,336,1048576,1,99.999714,33.329057,7.7481,9.4406,1,755612106
2.2.13,336,1048576,1,99.999714,33.307523,7.7484,9.2120,1,755612106
2.2.14,336,1048576,1,99.999714,33.310612,7.7517,9.5480,1,755612106
2.2.15,336,1048576,1,99.999714,33.300912,7.7495,9.2751,1,755612106
2.2.16,336,1048576,1,99.999714,33.283195,7.7515,9.6086,1,755612106
2.2.17,336,1048576,1,99.999714,33.294711,7.7522,9.3563,1,755612106
2.2.18,336,1048576,1,99.999714,33.338803,7.7489,9.1875,1,755612106
2.2.19,336,1048576,1,99.999714,33.304352,7.7489,9.0219,1,755612106
2.2.20,336,1048576,1,99.999714,33.302828,7.7506,9.3542,1,755612106
2.2.21,336,1048576,1,99.999714,33.292962,7.7533,8.6030,1,755612106
2.2.22,336,1048576,1,99.999714,33.322515,7.7487,8.6591,1,755612106
2.2.23,336,1048576,1,99.999714,33.309424,7.7502,8.7491,1,755612106
2.2.24,336,1048576,1,99.999714,33.333580,7.7481,9.2799,1,755612106
wash-ir,336,5062500,1,99.999921,33.328846,7.7472,8.5188,1,755612106
4.1.01,360,65536,1,100.000000,33.465873,7.7330,7.2796,1,89425290
4.1.02,360,65536,1,100.000000,33.344725,7.7586,6.2300,1,89425290
4.1.03,360,65536,1,100.000000,33.531591,7.7271,9.9296,1,89425290
4.1.04,360,65536,1,100.000000,33.422522,7.7383,8.8354,1,89425290
4.1.05,360,65536,1,100.000000,33.439951,7.7515,8.8834,1,89425290
4.1.06,360,65536,1,100.000000,33.484558,7.7261,8.1517,1,89425290
4.1.07,360,65536,1,100.000000,33.414007,7.7392,8.5632,1,89425290
4.1.08,360,65536,1,100.000000,33.481889,7.7346,8.6314,1,89425290
4.2.01,360,262144,1,100.000000,33.330728,7.7492,7.6321,1,89425290
4.2.03,360,262144,1,100.000000,33.338673,7.7475,8.7798,1,89425290
4.2.05,360,262144,1,100.000000,33.356696,7.7467,7.9780,1,89425290
4.2.06,360,262144,1,100.000000,33.354260,7.7424,8.0844,1,89425290
4.2.07,360,262144,1,100.000000,33.315079,7.7447,8.0795,1,89425290
house,360,262144,1,100.000000,33.289945,7.7558,8.4684,1,89425290
2.1.01,360,262144,1,100.000000,33.303385,7.7548,9.4192,1,89425290
2.1.02,360,262144,1,100.000000,33.334662,7.7494,8.8436,1,89425290
2.1.03,360,262144,1,100.000000,33.391764,7.7448,8.3580,1,89425290
2.1.04,360,262144,1,100.000000,33.359097,7.7508,9.3753,1,89425290
2.1.05,360,262144,1,100.000000,33.341310,7.7477,8.9763,1,89425290
2.1.06,360,262144,1,100.000000,33.315796,7.7512,9.2284,1,89425290
2.1.07,360,262144,1,100.000000,33.302477,7.7577,8.7797,1,89425290
2.1.08,360,262144,1,100.000000,33.304441,7.7556,8.4247,1,89425290
2.1.09,360,262144,1,100.000000,33.329338,7.7478,8.6881,1,89425290
2.1.10,360,262144,1,100.000000,33.347202,7.7450,8.6468,1,89425290
2.1.11,360,262144,1,100.000000,33.329606,7.7567,9.3587,1,89425290
2.1.12,360,262144,1,100.000000,33.309160,7.7594,8.4485,1,89425290
2.2.01,360,1048576,1,100.000000,33.337210,7.7486,8.4880,1,89425290
2.2.02,360,1048576,1,100.000000,33.339903,7.7488,8.7066,1,89425290
2.2.03,360,1048576,1,100.000000,33.319850,7.7489,8.3748,1,89425290
2.2.04,360,1048576,1,100.000000,33.343102,7.7469,8.5829,1,89425290
2.2.05,360,1048576,1,100.000000,33.356823,7.7465,9.4138,1,89425290
2.2.06,360,1048576,1,100.000000,33.327162,7.7486,8.7882,1,89425290
2.2.07,360,1048576,1,100.000000,33.339986,7.7450,8.4931,1,89425290
2.2.08,360,1048576,1,100.000000,33.324761,7.7490,8.5478,1,89425290
2.2.09,360,1048576,1,100.000000,33.325188,7.7496,8.7056,1,89425290
2.2.10,360,1048576,1,100.000000,33.340129,7.7478,8.7066,1,89425290
2.2.11,360,1048576,1,100.000000,33.331454,7.7497,9.1605,1,89425290
2.2.12,360,1048576,1,100.000000,33.366346,7.7430,9.4383,1,89425290
2.2.13,360,1048576,1,100.000000,33.369426,7.7468,9.2110,1,89425290
2.2.14,360,1048576,1,100.000000,33.359255,7.7436,9.5471,1,89425290
2.2.15,360,1048576,1,100.000000,33.337710,7.7460,9.2705,1,89425290
2.2.16,360,1048576,1,100.000000,33.342840,7.7457,9.6093,1,89425290
2.2.17,360,1048576,1,100.000000,33.348093,7.7489,9.3521,1,89425290
2.2.18,360,1048576,1,100.000000,33.316707,7.7499,9.1825,1,89425290
2.2.19,360,1048576,1,100.000000,33.301394,7.7540,9.0173,1,89425290
2.2.20,360,1048576,1,100.000000,33.321178,7.7483,9.3543,1,89425290
2.2.21,360,1048576,1,100.000000,33.327793,7.7508,8.6040,1,89425290
2.2.22,360,1048576,1,100.000000,33.349357,7.7488,8.6537,1,89425290
2.2.23,360,1048576,1,100.000000,33.313949,7.7492,8.7456,1,89425290
2.2.24,360,1048576,1,100.000000,33.314448,7.7505,9.2766,1,89425290
wash-ir,360,5062500,1,99.999980,33.337372,7.7476,8.5175,1,89425290
4.1.01,384,65536,1,99.989319,33.557122,7.7405,7.2739,8,452698540
4.1.02,384,65536,1,99.989319,33.582999,7.7257,6.2366,8,452698540
4.1.03,384,65536,1,99.989319,33.499301,7.7263,9.9326,8,452698540
4.1.04,384,65536,1,99.989319,33.564024,7.7259,8.8266,8,452698540
4.1.05,384,65536,1,99.989319,33.545401,7.7280,8.8931,8,452698540
4.1.06,384,65536,1,99.989319,33.442606,7.7349,8.1479,8,452698540
4.1.07,384,65536,1,99.989319,33.545738,7.7362,8.5627,8,452698540
4.1.08,384,65536,1,99.989319,33.560792,7.7417,8.6234,8,452698540
4.2.01,384,262144,1,99.997330,33.359090,7.7543,7.6360,8,452698540
4.2.03,384,262144,1,99.997330,33.337258,7.7497,8.7828,8,452698540
4.2.05,384,262144,1,99.997330,33.427657,7.7463,7.9843,8,452698540
4.2.06,384,262144,1,99.997330,33.340204,7.7479,8.0812,8,452698540
4.2.07,384,262144,1,99.997330,33.346642,7.7538,8.0723,8,452698540
house,384,262144,1,99.997330,33.347947,7.7461,8.4764,8,452698540
2.1.01,384,262144,1,99.997330,33.362946,7.7594,9.4104,8,452698540
2.1.02,384,262144,1,99.997330,33.389726,7.7530,8.8472,8,452698540
2.1.03,384,262144,1,99.997330,33.349034,7.7456,8.3615,8,452698540
2.1.04,384,262144,1,99.997330,33.373367,7.7567,9.3693,8,452698540
2.1.05,384,262144,1,99.997330,33.372431,7.7540,8.9801,8,452698540
2.1.06,384,262144,1,99.997330,33.402718,7.7522,9.2232,8,452698540
2.1.07,384,262144,1,99.997330,33.374438,7.7520,8.7852,8,452698540
2.1.08,384,262144,1,99.997330,33.370858,7.7410,8.4300,8,452698540
2.1.09,384,262144,1,99.997330,33.396776,7.7502,8.6895,8,452698540
2.1.10,384,262144,1,99.997330,33.348388,7.7488,8.6524,8,452698540
2.1.11,384,262144,1,99.997330,33.395700,7.7453,9.3644,8,452698540
2.1.12,384,262144,1,99.997330,33.378115,7.7506,8.4516,8,452698540
2.2.01,384,1048576,1,99.999332,33.352274,7.7485,8.4896,8,452698540
2.2.02,384,1048576,1,99.999332,33.361939,7.7465,8.7146,8,452698540
2.2.03,384,1048576,1,99.999332,33.360269,7.7461,8.3769,8,452698540
2.2.04,384,1048576,1,99.999332,33.350784,7.7473,8.5848,8,452698540
2.2.05,384,1048576,1,99.999332,33.347436,7.7464,9.4155,8,452698540
2.2.06,384,1048576,1,99.999332,33.363192,7.7443,8.7918,8,452698540
2.2.07,384,1048576,1,99.999332,33.362143,7.7447,8.4973,8,452698540
2.2.08,384,1048576,1,99.999332,33.334075,7.7504,8.5506,8,452698540
2.2.09,384,1048576,1,99.999332,33.332235,7.7495,8.7109,8,452698540
2.2.10,384,1048576,1,99.999332,33.331019,7.7486,8.7105,8,452698540
2.2.11,384,1048576,1,99.999332,33.348889,7.7493,9.1613,8,452698540
2.2.12,384,1048576,1,99.999332,33.322839,7.7484,9.4427,8,452698540
2.2.13,384,1048576,1,99.999332,33.327100,7.7484,9.2101,8,452698540
2.2.14,384,1048576,1,99.999332,33.324702,7.7458,9.5479,8,452698540
2.2.15,384,1048576,1,99.999332,33.334455,7.7518,9.2736,8,452698540
2.2.16,384,1048576,1,99.999332,33.341264,7.7490,9.6059,8,452698540
2.2.17,384,1048576,1,99.999332,33.342359,7.7529,9.3571,8,452698540
2.2.18,384,1048576,1,99.999332,33.359452,7.7462,9.1895,8,452698540
2.2.19,384,1048576,1,99.999332,33.355420,7.7481,9.0206,8,452698540
2.2.20,384,1048576,1,99.999332,33.331724,7.7525,9.3534,8,452698540
2.2.21,384,1048576,1,99.999332,33.343128,7.7461,8.6013,8,452698540
2.2.22,384,1048576,1,99.999332,33.360968,7.7439,8.6554,8,452698540
2.2.23,384,1048576,1,99.999332,33.348010,7.7476,8.7505,8,452698540
2.2.24,384,1048576,1,99.999332,33.345082,7.7476,9.2757,8,452698540
wash-ir,384,5062500,1,99.999862,33.325591,7.7488,8.5159,8,452698540
