image,K,num_pixels,psnr_plain_cipher_db,psnr_plain_wrongkey_db,psnr_roundtrip_db
4.1.01,24,65536,7.2149,7.3719,Inf
4.1.02,24,65536,6.1989,6.3466,Inf
4.1.03,24,65536,10.0050,9.8931,Inf
4.1.04,24,65536,8.8422,8.8538,Inf
4.1.05,24,65536,8.8945,8.9437,Inf
4.1.06,24,65536,8.0975,8.2248,Inf
4.1.07,24,65536,8.4692,8.6305,Inf
4.1.08,24,65536,8.6414,8.7057,Inf
4.2.01,24,262144,7.5846,7.7099,Inf
4.2.03,24,262144,8.7762,8.8153,Inf
4.2.05,24,262144,7.8191,8.0609,Inf
4.2.06,24,262144,8.1852,8.1638,Inf
4.2.07,24,262144,8.0336,8.1425,Inf
house,24,262144,8.4629,8.5326,Inf
2.1.01,24,262144,9.4394,9.4333,Inf
2.1.02,24,262144,8.8906,8.8792,Inf
2.1.03,24,262144,8.3928,8.3153,Inf
2.1.04,24,262144,9.4500,9.3242,Inf
2.1.05,24,262144,9.0024,9.0027,Inf
2.1.06,24,262144,9.2683,9.2509,Inf
2.1.07,24,262144,8.7538,8.8815,Inf
2.1.08,24,262144,8.5608,8.5271,Inf
2.1.09,24,262144,8.7201,8.7955,Inf
2.1.10,24,262144,8.7533,8.7230,Inf
2.1.11,24,262144,9.3167,9.3715,Inf
2.1.12,24,262144,8.4816,8.5500,Inf
2.2.01,24,1048576,8.5316,8.5230,Inf
2.2.02,24,1048576,8.6685,8.8163,Inf
2.2.03,24,1048576,8.3029,8.4849,Inf
2.2.04,24,1048576,8.5963,8.6667,Inf
2.2.05,24,1048576,9.3825,9.4296,Inf
2.2.06,24,1048576,8.7907,8.9087,Inf
2.2.07,24,1048576,8.4158,8.5997,Inf
2.2.08,24,1048576,8.4868,8.5899,Inf
2.2.09,24,1048576,8.6805,8.8165,Inf
2.2.10,24,1048576,8.7135,8.8169,Inf
2.2.11,24,1048576,9.1506,9.2103,Inf
2.2.12,24,1048576,9.4425,9.4427,Inf
2.2.13,24,1048576,9.1842,9.2083,Inf
2.2.14,24,1048576,9.5406,9.5075,Inf
2.2.15,24,1048576,9.1088,9.3081,Inf
2.2.16,24,1048576,9.6224,9.5513,Inf
2.2.17,24,1048576,9.3659,9.3542,Inf
2.2.18,24,1048576,9.3210,9.2153,Inf
2.2.19,24,1048576,8.9635,9.0955,Inf
2.2.20,24,1048576,9.3525,9.3413,Inf
2.2.21,24,1048576,8.6636,8.6824,Inf
2.2.22,24,1048576,8.5899,8.7567,Inf
2.2.23,24,1048576,8.7594,8.8626,Inf
2.2.24,24,1048576,9.2397,9.2628,Inf
wash-ir,24,5062500,8.4721,8.5656,Inf
4.1.01,48,65536,7.2887,7.2971,Inf
4.1.02,48,65536,6.2482,6.2528,Inf
4.1.03,48,65536,9.9526,9.9346,Inf
4.1.04,48,65536,8.8238,8.8330,Inf
4.1.05,48,65536,8.9039,8.9120,Inf
4.1.06,48,65536,8.1430,8.1754,Inf
4.1.07,48,65536,8.5923,8.5958,Inf
4.1.08,48,65536,8.6588,8.6382,Inf
4.2.01,48,262144,7.6355,7.6295,Inf
4.2.03,48,262144,8.7647,8.7805,Inf
4.2.05,48,262144,7.9881,7.9824,Inf
4.2.06,48,262144,8.0893,8.0847,Inf
4.2.07,48,262144,8.0826,8.0809,Inf
house,48,262144,8.4750,8.4788,Inf
2.1.01,48,262144,9.4121,9.4218,Inf
2.1.02,48,262144,8.8390,8.8523,Inf
2.1.03,48,262144,8.3646,8.3642,Inf
2.1.04,48,262144,9.3764,9.3792,Inf
2.1.05,48,262144,8.9774,8.9832,Inf
2.1.06,48,262144,9.2251,9.2261,Inf
2.1.07,48,262144,8.7725,8.7796,Inf
2.1.08,48,262144,8.4235,8.4181,Inf
2.1.09,48,262144,8.6873,8.6895,Inf
2.1.10,48,262144,8.6455,8.6465,Inf
2.1.11,48,262144,9.3544,9.3618,Inf
2.1.12,48,262144,8.4470,8.4435,Inf
2.2.01,48,1048576,8.4840,8.4837,Inf
2.2.02,48,1048576,8.7114,8.7083,Inf
2.2.03,48,1048576,8.3757,8.3761,Inf
2.2.04,48,1048576,8.5871,8.5851,Inf
2.2.05,48,1048576,9.4143,9.4150,Inf
2.2.06,48,1048576,8.7857,8.7900,Inf
2.2.07,48,1048576,8.4912,8.4917,Inf
2.2.08,48,1048576,8.5469,8.5482,Inf
2.2.09,48,1048576,8.7070,8.7075,Inf
2.2.10,48,1048576,8.7086,8.7086,Inf
2.2.11,48,1048576,9.1611,9.1587,Inf
2.2.12,48,1048576,9.4372,9.4387,Inf
2.2.13,48,1048576,9.2035,9.2101,Inf
2.2.14,48,1048576,9.5433,9.5529,Inf
2.2.15,48,1048576,9.2712,9.2706,Inf
2.2.16,48,1048576,9.6086,9.6080,Inf
2.2.17,48,1048576,9.3530,9.3548,Inf
2.2.18,48,1048576,9.1891,9.1887,Inf
2.2.19,48,1048576,9.0216,9.0176,Inf
2.2.20,48,1048576,9.3550,9.3558,Inf
2.2.21,48,1048576,8.6063,8.6043,Inf
2.2.22,48,1048576,8.6555,8.6563,Inf
2.2.23,48,1048576,8.7477,8.7472,Inf
2.2.24,48,1048576,9.2778,9.2771,Inf
wash-ir,48,5062500,8.5179,8.5174,Inf
4.1.01,72,65536,7.2930,7.3076,Inf
4.1.02,72,65536,6.2501,6.2530,Inf
4.1.03,72,65536,9.9307,9.9563,Inf
4.1.04,72,65536,8.8321,8.8687,Inf
4.1.05,72,65536,8.9026,8.9162,Inf
4.1.06,72,65536,8.1431,8.1776,Inf
4.1.07,72,65536,8.5807,8.6080,Inf
4.1.08,72,65536,8.6576,8.6633,Inf
4.2.01,72,262144,7.6297,7.6266,Inf
4.2.03,72,262144,8.7744,8.7868,Inf
4.2.05,72,262144,7.9751,7.9805,Inf
4.2.06,72,262144,8.0834,8.0860,Inf
4.2.07,72,262144,8.0722,8.0750,Inf
house,72,262144,8.4709,8.4750,Inf
2.1.01,72,262144,9.4175,9.4282,Inf
2.1.02,72,262144,8.8593,8.8455,Inf
2.1.03,72,262144,8.3597,8.3645,Inf
2.1.04,72,262144,9.3792,9.3826,Inf
2.1.05,72,262144,8.9771,8.9810,Inf
2.1.06,72,262144,9.2317,9.2307,Inf
2.1.07,72,262144,8.7791,8.7834,Inf
2.1.08,72,262144,8.4272,8.4191,Inf
2.1.09,72,262144,8.6877,8.6920,Inf
2.1.10,72,262144,8.6474,8.6461,Inf
2.1.11,72,262144,9.3675,9.3623,Inf
2.1.12,72,262144,8.4550,8.4499,Inf
2.2.01,72,1048576,8.4841,8.4865,Inf
2.2.02,72,1048576,8.7098,8.7112,Inf
2.2.03,72,1048576,8.3714,8.3757,Inf
2.2.04,72,1048576,8.5806,8.5877,Inf
2.2.05,72,1048576,9.4146,9.4160,Inf
2.2.06,72,1048576,8.7905,8.7912,Inf
2.2.07,72,1048576,8.4940,8.4953,Inf
2.2.08,72,1048576,8.5423,8.5463,Inf
2.2.09,72,1048576,8.7122,8.7090,Inf
2.2.10,72,1048576,8.7089,8.7086,Inf
2.2.11,72,1048576,9.1569,9.1606,Inf
2.2.12,72,1048576,9.4401,9.4417,Inf
2.2.13,72,1048576,9.2085,9.2116,Inf
2.2.14,72,1048576,9.5511,9.5468,Inf
2.2.15,72,1048576,9.2719,9.2743,Inf
2.2.16,72,1048576,9.6072,9.6099,Inf
2.2.17,72,1048576,9.3537,9.3556,Inf
2.2.18,72,1048576,9.1861,9.1880,Inf
2.2.19,72,1048576,9.0222,9.0236,Inf
2.2.20,72,1048576,9.3566,9.3547,Inf
2.2.21,72,1048576,8.6001,8.6066,Inf
2.2.22,72,1048576,8.6589,8.6569,Inf
2.2.23,72,1048576,8.7472,8.7495,Inf
2.2.24,72,1048576,9.2755,9.2782,Inf
wash-ir,72,5062500,8.5168,8.5175,Inf
4.1.01,96,65536,7.2925,7.2795,Inf
4.1.02,96,65536,6.2326,6.2471,Inf
4.1.03,96,65536,9.9359,9.9576,Inf
4.1.04,96,65536,8.8378,8.8461,Inf
4.1.05,96,65536,8.9058,8.9060,Inf
4.1.06,96,65536,8.1453,8.1534,Inf
4.1.07,96,65536,8.5977,8.5954,Inf
4.1.08,96,65536,8.6621,8.6515,Inf
4.2.01,96,262144,7.6332,7.6335,Inf
4.2.03,96,262144,8.7663,8.7765,Inf
4.2.05,96,262144,7.9783,7.9839,Inf
4.2.06,96,262144,8.0811,8.0880,Inf
4.2.07,96,262144,8.0737,8.0783,Inf
house,96,262144,8.4763,8.4760,Inf
2.1.01,96,262144,9.4180,9.4167,Inf
2.1.02,96,262144,8.8540,8.8395,Inf
2.1.03,96,262144,8.3496,8.3617,Inf
2.1.04,96,262144,9.3794,9.3730,Inf
2.1.05,96,262144,8.9699,8.9803,Inf
2.1.06,96,262144,9.2285,9.2246,Inf
2.1.07,96,262144,8.7810,8.7783,Inf
2.1.08,96,262144,8.4269,8.4293,Inf
2.1.09,96,262144,8.6938,8.6930,Inf
2.1.10,96,262144,8.6538,8.6512,Inf
2.1.11,96,262144,9.3677,9.3550,Inf
2.1.12,96,262144,8.4523,8.4466,Inf
2.2.01,96,1048576,8.4894,8.4821,Inf
2.2.02,96,1048576,8.7091,8.7129,Inf
2.2.03,96,1048576,8.3726,8.3765,Inf
2.2.04,96,1048576,8.5842,8.5835,Inf
2.2.05,96,1048576,9.4189,9.4146,Inf
2.2.06,96,1048576,8.7891,8.7863,Inf
2.2.07,96,1048576,8.4886,8.4979,Inf
2.2.08,96,1048576,8.5476,8.5505,Inf
2.2.09,96,1048576,8.7073,8.7111,Inf
2.2.10,96,1048576,8.7041,8.7102,Inf
2.2.11,96,1048576,9.1599,9.1605,Inf
2.2.12,96,1048576,9.4441,9.4434,Inf
2.2.13,96,1048576,9.2093,9.2071,Inf
2.2.14,96,1048576,9.5484,9.5506,Inf
2.2.15,96,1048576,9.2749,9.2749,Inf
2.2.16,96,1048576,9.6081,9.6101,Inf
2.2.17,96,1048576,9.3515,9.3551,Inf
2.2.18,96,1048576,9.1827,9.1894,Inf
2.2.19,96,1048576,9.0195,9.0208,Inf
2.2.20,96,1048576,9.3547,9.3559,Inf
2.2.21,96,1048576,8.6051,8.6032,Inf
2.2.22,96,1048576,8.6592,8.6597,Inf
2.2.23,96,1048576,8.7475,8.7493,Inf
2.2.24,96,1048576,9.2770,9.2743,Inf
wash-ir,96,5062500,8.5170,8.5176,Inf
4.1.01,120,65536,7.2827,7.2864,Inf
4.1.02,120,65536,6.2486,6.2452,Inf
4.1.03,120,65536,9.9392,9.9476,Inf
4.1.04,120,65536,8.8314,8.8523,Inf
4.1.05,120,65536,8.9057,8.9100,Inf
4.1.06,120,65536,8.1574,8.1828,Inf
4.1.07,120,65536,8.5910,8.5889,Inf
4.1.08,120,65536,8.6339,8.6476,Inf
4.2.01,120,262144,7.6261,7.6245,Inf
4.2.03,120,262144,8.7750,8.7760,Inf
4.2.05,120,262144,7.9752,7.9757,Inf
4.2.06,120,262144,8.0705,8.0809,Inf
4.2.07,120,262144,8.0756,8.0725,Inf
house,120,262144,8.4764,8.4689,Inf
2.1.01,120,262144,9.4104,9.4135,Inf
2.1.02,120,262144,8.8545,8.8381,Inf
2.1.03,120,262144,8.3582,8.3560,Inf
2.1.04,120,262144,9.3769,9.3744,Inf
2.1.05,120,262144,8.9736,8.9785,Inf
2.1.06,120,262144,9.2226,9.2260,Inf
2.1.07,120,262144,8.7764,8.7687,Inf
2.1.08,120,262144,8.4175,8.4138,Inf
2.1.09,120,262144,8.6780,8.6857,Inf
2.1.10,120,262144,8.6369,8.6489,Inf
2.1.11,120,262144,9.3568,9.3577,Inf
2.1.12,120,262144,8.4430,8.4467,Inf
2.2.01,120,1048576,8.4861,8.4861,Inf
2.2.02,120,1048576,8.7121,8.7103,Inf
2.2.03,120,1048576,8.3714,8.3722,Inf
2.2.04,120,1048576,8.5848,8.5825,Inf
2.2.05,120,1048576,9.4144,9.4154,Inf
2.2.06,120,1048576,8.7872,8.7882,Inf
2.2.07,120,1048576,8.5003,8.4927,Inf
2.2.08,120,1048576,8.5445,8.5458,Inf
2.2.09,120,1048576,8.7115,8.7098,Inf
2.2.10,120,1048576,8.7158,8.7078,Inf
2.2.11,120,1048576,9.1554,9.1592,Inf
2.2.12,120,1048576,9.4411,9.4390,Inf
2.2.13,120,1048576,9.2061,9.2098,Inf
2.2.14,120,1048576,9.5484,9.5443,Inf
2.2.15,120,1048576,9.2693,9.2710,Inf
2.2.16,120,1048576,9.6081,9.6063,Inf
2.2.17,120,1048576,9.3510,9.3551,Inf
2.2.18,120,1048576,9.1875,9.1823,Inf
2.2.19,120,1048576,9.0213,9.0167,Inf
2.2.20,120,1048576,9.3547,9.3537,Inf
2.2.21,120,1048576,8.6013,8.6011,Inf
2.2.22,120,1048576,8.6528,8.6564,Inf
2.2.23,120,1048576,8.7484,8.7460,Inf
2.2.24,120,1048576,9.2756,9.2765,Inf
wash-ir,120,5062500,8.5176,8.5170,Inf
4.1.01,144,65536,7.2817,7.2832,Inf
4.1.02,144,65536,6.2315,6.2469,Inf
4.1.03,144,65536,9.9446,9.9483,Inf
4.1.04,144,65536,8.8447,8.8178,Inf
4.1.05,144,65536,8.8925,8.9208,Inf
4.1.06,144,65536,8.1513,8.1526,Inf
4.1.07,144,65536,8.5857,8.5900,Inf
4.1.08,144,65536,8.6586,8.6513,Inf
4.2.01,144,262144,7.6326,7.6321,Inf
4.2.03,144,262144,8.7667,8.7714,Inf
4.2.05,144,262144,7.9718,7.9820,Inf
4.2.06,144,262144,8.0898,8.0849,Inf
4.2.07,144,262144,8.0804,8.0776,Inf
house,144,262144,8.4700,8.4810,Inf
2.1.01,144,262144,9.4209,9.4142,Inf
2.1.02,144,262144,8.8483,8.8399,Inf
2.1.03,144,262144,8.3581,8.3557,Inf
2.1.04,144,262144,9.3753,9.3724,Inf
2.1.05,144,262144,8.9723,8.9729,Inf
2.1.06,144,262144,9.2258,9.2260,Inf
2.1.07,144,262144,8.7828,8.7772,Inf
2.1.08,144,262144,8.4184,8.4241,Inf
2.1.09,144,262144,8.6841,8.6845,Inf
2.1.10,144,262144,8.6469,8.6460,Inf
2.1.11,144,262144,9.3506,9.3690,Inf
2.1.12,144,262144,8.4514,8.4427,Inf
2.2.01,144,1048576,8.4834,8.4852,Inf
2.2.02,144,1048576,8.7123,8.7103,Inf
2.2.03,144,1048576,8.3765,8.3760,Inf
2.2.04,144,1048576,8.5828,8.5831,Inf
2.2.05,144,1048576,9.4175,9.4148,Inf
2.2.06,144,1048576,8.7926,8.7855,Inf
2.2.07,144,1048576,8.4926,8.4932,Inf
2.2.08,144,1048576,8.5455,8.5499,Inf
2.2.09,144,1048576,8.7090,8.7078,Inf
2.2.10,144,1048576,8.7055,8.7062,Inf
2.2.11,144,1048576,9.1591,9.1598,Inf
2.2.12,144,1048576,9.4380,9.4396,Inf
2.2.13,144,1048576,9.2117,9.2098,Inf
2.2.14,144,1048576,9.5507,9.5494,Inf
2.2.15,144,1048576,9.2720,9.2667,Inf
2.2.16,144,1048576,9.6061,9.6065,Inf
2.2.17,144,1048576,9.3559,9.3559,Inf
2.2.18,144,1048576,9.1832,9.1849,Inf
2.2.19,144,1048576,9.0198,9.0170,Inf
2.2.20,144,1048576,9.3566,9.3551,Inf
2.2.21,144,1048576,8.6021,8.6035,Inf
2.2.22,144,1048576,8.6529,8.6551,Inf
2.2.23,144,1048576,8.7464,8.7492,Inf
2.2.24,144,1048576,9.2731,9.2789,Inf
wash-ir,144,5062500,8.5174,8.5180,Inf
4.1.01,168,65536,7.2652,7.3044,Inf
4.1.02,168,65536,6.2418,6.2620,Inf
4.1.03,168,65536,9.9574,9.9357,Inf
4.1.04,168,65536,8.8342,8.8312,Inf
4.1.05,168,65536,8.9001,8.9132,Inf
4.1.06,168,65536,8.1526,8.1779,Inf
4.1.07,168,65536,8.5743,8.5865,Inf
4.1.08,168,65536,8.6442,8.6578,Inf
4.2.01,168,262144,7.6301,7.6310,Inf
4.2.03,168,262144,8.7733,8.7735,Inf
4.2.05,168,262144,7.9772,7.9830,Inf
4.2.06,168,262144,8.0730,8.0874,Inf
4.2.07,168,262144,8.0758,8.0773,Inf
house,168,262144,8.4753,8.4713,Inf
2.1.01,168,262144,9.4295,9.4102,Inf
2.1.02,168,262144,8.8373,8.8367,Inf
2.1.03,168,262144,8.3653,8.3621,Inf
2.1.04,168,262144,9.3824,9.3743,Inf
2.1.05,168,262144,8.9686,8.9662,Inf
2.1.06,168,262144,9.2319,9.2278,Inf
2.1.07,168,262144,8.7845,8.7752,Inf
2.1.08,168,262144,8.4210,8.4233,Inf
2.1.09,168,262144,8.6944,8.6878,Inf
2.1.10,168,262144,8.6465,8.6467,Inf
2.1.11,168,262144,9.3516,9.3597,Inf
2.1.12,168,262144,8.4433,8.4459,Inf
2.2.01,168,1048576,8.4855,8.4830,Inf
2.2.02,168,1048576,8.7076,8.7109,Inf
2.2.03,168,1048576,8.3749,8.3754,Inf
2.2.04,168,1048576,8.5815,8.5815,Inf
2.2.05,168,1048576,9.4121,9.4132,Inf
2.2.06,168,1048576,8.7909,8.7890,Inf
2.2.07,168,1048576,8.4970,8.4912,Inf
2.2.08,168,1048576,8.5478,8.5469,Inf
2.2.09,168,1048576,8.7068,8.7090,Inf
2.2.10,168,1048576,8.7094,8.7094,Inf
2.2.11,168,1048576,9.1613,9.1609,Inf
2.2.12,168,1048576,9.4372,9.4429,Inf
2.2.13,168,1048576,9.2026,9.2034,Inf
2.2.14,168,1048576,9.5482,9.5487,Inf
2.2.15,168,1048576,9.2723,9.2744,Inf
2.2.16,168,1048576,9.6067,9.6090,Inf
2.2.17,168,1048576,9.3482,9.3533,Inf
2.2.18,168,1048576,9.1841,9.1865,Inf
2.2.19,168,1048576,9.0198,9.0177,Inf
2.2.20,168,1048576,9.3540,9.3570,Inf
2.2.21,168,1048576,8.6047,8.6012,Inf
2.2.22,168,1048576,8.6577,8.6546,Inf
2.2.23,168,1048576,8.7464,8.7470,Inf
2.2.24,168,1048576,9.2716,9.2747,Inf
wash-ir,168,5062500,8.5165,8.5165,Inf
4.1.01,192,65536,7.2710,7.2932,Inf
4.1.02,192,65536,6.2630,6.2454,Inf
4.1.03,192,65536,9.9392,9.9412,Inf
4.1.04,192,65536,8.8203,8.8343,Inf
4.1.05,192,65536,8.9209,8.9190,Inf
4.1.06,192,65536,8.1575,8.1563,Inf
4.1.07,192,65536,8.5899,8.5875,Inf
4.1.08,192,65536,8.6609,8.6397,Inf
4.2.01,192,262144,7.6371,7.6301,Inf
4.2.03,192,262144,8.7736,8.7685,Inf
4.2.05,192,262144,7.9773,7.9828,Inf
4.2.06,192,262144,8.0842,8.0852,Inf
4.2.07,192,262144,8.0736,8.0792,Inf
house,192,262144,8.4751,8.4716,Inf
2.1.01,192,262144,9.4092,9.4196,Inf
2.1.02,192,262144,8.8427,8.8460,Inf
2.1.03,192,262144,8.3557,8.3621,Inf
2.1.04,192,262144,9.3723,9.3761,Inf
2.1.05,192,262144,8.9712,8.9771,Inf
2.1.06,192,262144,9.2308,9.2313,Inf
2.1.07,192,262144,8.7765,8.7749,Inf
2.1.08,192,262144,8.4081,8.4216,Inf
2.1.09,192,262144,8.6872,8.6874,Inf
2.1.10,192,262144,8.6571,8.6395,Inf
2.1.11,192,262144,9.3536,9.3538,Inf
2.1.12,192,262144,8.4439,8.4521,Inf
2.2.01,192,1048576,8.4880,8.4872,Inf
2.2.02,192,1048576,8.7040,8.7158,Inf
2.2.03,192,1048576,8.3734,8.3785,Inf
2.2.04,192,1048576,8.5841,8.5901,Inf
2.2.05,192,1048576,9.4116,9.4201,Inf
2.2.06,192,1048576,8.7900,8.7904,Inf
2.2.07,192,1048576,8.4938,8.4982,Inf
2.2.08,192,1048576,8.5479,8.5479,Inf
2.2.09,192,1048576,8.7088,8.7143,Inf
2.2.10,192,1048576,8.7095,8.7137,Inf
2.2.11,192,1048576,9.1581,9.1640,Inf
2.2.12,192,1048576,9.4399,9.4432,Inf
2.2.13,192,1048576,9.2072,9.2098,Inf
2.2.14,192,1048576,9.5515,9.5496,Inf
2.2.15,192,1048576,9.2724,9.2763,Inf
2.2.16,192,1048576,9.6104,9.6107,Inf
2.2.17,192,1048576,9.3526,9.3572,Inf
2.2.18,192,1048576,9.1856,9.1883,Inf
2.2.19,192,1048576,9.0167,9.0224,Inf
2.2.20,192,1048576,9.3574,9.3567,Inf
2.2.21,192,1048576,8.6040,8.6066,Inf
2.2.22,192,1048576,8.6567,8.6569,Inf
2.2.23,192,1048576,8.7441,8.7530,Inf
2.2.24,192,1048576,9.2728,9.2748,Inf
wash-ir,192,5062500,8.5184,8.5168,Inf
4.1.01,216,65536,7.2937,7.2863,Inf
4.1.02,216,65536,6.2447,6.2543,Inf
4.1.03,216,65536,9.9469,9.9426,Inf
4.1.04,216,65536,8.8258,8.8218,Inf
4.1.05,216,65536,8.9066,8.9202,Inf
4.1.06,216,65536,8.1762,8.1697,Inf
4.1.07,216,65536,8.5851,8.5813,Inf
4.1.08,216,65536,8.6521,8.6520,Inf
4.2.01,216,262144,7.6375,7.6345,Inf
4.2.03,216,262144,8.7714,8.7795,Inf
4.2.05,216,262144,7.9793,7.9775,Inf
4.2.06,216,262144,8.0819,8.0874,Inf
4.2.07,216,262144,8.0663,8.0829,Inf
house,216,262144,8.4818,8.4732,Inf
2.1.01,216,262144,9.4176,9.4130,Inf
2.1.02,216,262144,8.8442,8.8476,Inf
2.1.03,216,262144,8.3596,8.3644,Inf
2.1.04,216,262144,9.3810,9.3821,Inf
2.1.05,216,262144,8.9757,8.9762,Inf
2.1.06,216,262144,9.2203,9.2280,Inf
2.1.07,216,262144,8.7890,8.7843,Inf
2.1.08,216,262144,8.4195,8.4196,Inf
2.1.09,216,262144,8.6852,8.6944,Inf
2.1.10,216,262144,8.6454,8.6507,Inf
2.1.11,216,262144,9.3598,9.3607,Inf
2.1.12,216,262144,8.4411,8.4525,Inf
2.2.01,216,1048576,8.4891,8.4896,Inf
2.2.02,216,1048576,8.7094,8.7122,Inf
2.2.03,216,1048576,8.3720,8.3757,Inf
2.2.04,216,1048576,8.5872,8.5839,Inf
2.2.05,216,1048576,9.4151,9.4164,Inf
2.2.06,216,1048576,8.7895,8.7869,Inf
2.2.07,216,1048576,8.4951,8.4933,Inf
2.2.08,216,1048576,8.5503,8.5457,Inf
2.2.09,216,1048576,8.7100,8.7095,Inf
2.2.10,216,1048576,8.7071,8.7107,Inf
2.2.11,216,1048576,9.1616,9.1611,Inf
2.2.12,216,1048576,9.4411,9.4390,Inf
2.2.13,216,1048576,9.2138,9.2113,Inf
2.2.14,216,1048576,9.5460,9.5466,Inf
2.2.15,216,1048576,9.2664,9.2734,Inf
2.2.16,216,1048576,9.6079,9.6087,Inf
2.2.17,216,1048576,9.3503,9.3600,Inf
2.2.18,216,1048576,9.1845,9.1862,Inf
2.2.19,216,1048576,9.0208,9.0206,Inf
2.2.20,216,1048576,9.3555,9.3553,Inf
2.2.21,216,1048576,8.6051,8.6005,Inf
2.2.22,216,1048576,8.6586,8.6565,Inf
2.2.23,216,1048576,8.7500,8.7477,Inf
2.2.24,216,1048576,9.2785,9.2738,Inf
wash-ir,216,5062500,8.5164,8.5164,Inf
4.1.01,240,65536,7.2797,7.2950,Inf
4.1.02,240,65536,6.2377,6.2438,Inf
4.1.03,240,65536,9.9574,9.9366,Inf
4.1.04,240,65536,8.8388,8.8251,Inf
4.1.05,240,65536,8.8981,8.9041,Inf
4.1.06,240,65536,8.1613,8.1484,Inf
4.1.07,240,65536,8.6033,8.5715,Inf
4.1.08,240,65536,8.6345,8.6277,Inf
4.2.01,240,262144,7.6402,7.6321,Inf
4.2.03,240,262144,8.7857,8.7932,Inf
4.2.05,240,262144,7.9779,7.9838,Inf
4.2.06,240,262144,8.0836,8.0915,Inf
4.2.07,240,262144,8.0719,8.0781,Inf
house,240,262144,8.4705,8.4872,Inf
2.1.01,240,262144,9.4191,9.4250,Inf
2.1.02,240,262144,8.8380,8.8530,Inf
2.1.03,240,262144,8.3567,8.3713,Inf
2.1.04,240,262144,9.3702,9.3813,Inf
2.1.05,240,262144,8.9794,8.9853,Inf
2.1.06,240,262144,9.2136,9.2376,Inf
2.1.07,240,262144,8.7796,8.7931,Inf
2.1.08,240,262144,8.4288,8.4278,Inf
2.1.09,240,262144,8.6896,8.6987,Inf
2.1.10,240,262144,8.6373,8.6592,Inf
2.1.11,240,262144,9.3558,9.3645,Inf
2.1.12,240,262144,8.4541,8.4580,Inf
2.2.01,240,1048576,8.4874,8.4850,Inf
2.2.02,240,1048576,8.7086,8.7157,Inf
2.2.03,240,1048576,8.3714,8.3797,Inf
2.2.04,240,1048576,8.5859,8.5867,Inf
2.2.05,240,1048576,9.4161,9.4169,Inf
2.2.06,240,1048576,8.7902,8.7925,Inf
2.2.07,240,1048576,8.4931,8.4965,Inf
2.2.08,240,1048576,8.5450,8.5524,Inf
2.2.09,240,1048576,8.7139,8.7169,Inf
2.2.10,240,1048576,8.7098,8.7153,Inf
2.2.11,240,1048576,9.1577,9.1679,Inf
2.2.12,240,1048576,9.4371,9.4492,Inf
2.2.13,240,1048576,9.2096,9.2133,Inf
2.2.14,240,1048576,9.5462,9.5515,Inf
2.2.15,240,1048576,9.2744,9.2777,Inf
2.2.16,240,1048576,9.6042,9.6117,Inf
2.2.17,240,1048576,9.3493,9.3627,Inf
2.2.18,240,1048576,9.1852,9.1919,Inf
2.2.19,240,1048576,9.0155,9.0252,Inf
2.2.20,240,1048576,9.3525,9.3609,Inf
2.2.21,240,1048576,8.6023,8.6092,Inf
2.2.22,240,1048576,8.6557,8.6644,Inf
2.2.23,240,1048576,8.7446,8.7555,Inf
2.2.24,240,1048576,9.2783,9.2784,Inf
wash-ir,240,5062500,8.5173,8.5193,Inf
4.1.01,264,65536,7.2916,7.3034,Inf
4.1.02,264,65536,6.2336,6.2501,Inf
4.1.03,264,65536,9.9626,9.9583,Inf
4.1.04,264,65536,8.8346,8.8470,Inf
4.1.05,264,65536,8.9074,8.9146,Inf
4.1.06,264,65536,8.1681,8.1581,Inf
4.1.07,264,65536,8.5739,8.5899,Inf
4.1.08,264,65536,8.6294,8.6435,Inf
4.2.01,264,262144,7.6330,7.6335,Inf
4.2.03,264,262144,8.7821,8.7878,Inf
4.2.05,264,262144,7.9809,7.9888,Inf
4.2.06,264,262144,8.0873,8.0894,Inf
4.2.07,264,262144,8.0834,8.0771,Inf
house,264,262144,8.4671,8.4799,Inf
2.1.01,264,262144,9.4123,9.4166,Inf
2.1.02,264,262144,8.8446,8.8448,Inf
2.1.03,264,262144,8.3603,8.3626,Inf
2.1.04,264,262144,9.3815,9.3793,Inf
2.1.05,264,262144,8.9754,8.9877,Inf
2.1.06,264,262144,9.2259,9.2260,Inf
2.1.07,264,262144,8.7845,8.7825,Inf
2.1.08,264,262144,8.4215,8.4325,Inf
2.1.09,264,262144,8.6847,8.6965,Inf
2.1.10,264,262144,8.6476,8.6582,Inf
2.1.11,264,262144,9.3535,9.3585,Inf
2.1.12,264,262144,8.4578,8.4536,Inf
2.2.01,264,1048576,8.4878,8.4837,Inf
2.2.02,264,1048576,8.7121,8.7103,Inf
2.2.03,264,1048576,8.3743,8.3787,Inf
2.2.04,264,1048576,8.5837,8.5851,Inf
2.2.05,264,1048576,9.4125,9.4124,Inf
2.2.06,264,1048576,8.7910,8.7889,Inf
2.2.07,264,1048576,8.4966,8.4944,Inf
2.2.08,264,1048576,8.5469,8.5485,Inf
2.2.09,264,1048576,8.7127,8.7112,Inf
2.2.10,264,1048576,8.7102,8.7084,Inf
2.2.11,264,1048576,9.1611,9.1600,Inf
2.2.12,264,1048576,9.4414,9.4370,Inf
2.2.13,264,1048576,9.2102,9.2057,Inf
2.2.14,264,1048576,9.5497,9.5489,Inf
2.2.15,264,1048576,9.2734,9.2687,Inf
2.2.16,264,1048576,9.6064,9.6056,Inf
2.2.17,264,1048576,9.3533,9.3539,Inf
2.2.18,264,1048576,9.1901,9.1864,Inf
2.2.19,264,1048576,9.0176,9.0189,Inf
2.2.20,264,1048576,9.3537,9.3548,Inf
2.2.21,264,1048576,8.6048,8.6025,Inf
2.2.22,264,1048576,8.6570,8.6570,Inf
2.2.23,264,1048576,8.7450,8.7478,Inf
2.2.24,264,1048576,9.2765,9.2757,Inf
wash-ir,264,5062500,8.5155,8.5163,Inf
4.1.01,288,65536,7.2959,7.2639,Inf
4.1.02,288,65536,6.2482,6.2317,Inf
4.1.03,288,65536,9.9515,9.9402,Inf
4.1.04,288,65536,8.8389,8.8163,Inf
4.1.05,288,65536,8.9184,8.8924,Inf
4.1.06,288,65536,8.1770,8.1347,Inf
4.1.07,288,65536,8.5905,8.5614,Inf
4.1.08,288,65536,8.6336,8.6128,Inf
4.2.01,288,262144,7.6233,7.6226,Inf
4.2.03,288,262144,8.7775,8.7660,Inf
4.2.05,288,262144,7.9742,7.9728,Inf
4.2.06,288,262144,8.0781,8.0808,Inf
4.2.07,288,262144,8.0750,8.0685,Inf
house,288,262144,8.4667,8.4670,Inf
2.1.01,288,262144,9.4140,9.4095,Inf
2.1.02,288,262144,8.8470,8.8393,Inf
2.1.03,288,262144,8.3617,8.3480,Inf
2.1.04,288,262144,9.3878,9.3691,Inf
2.1.05,288,262144,8.9888,8.9699,Inf
2.1.06,288,262144,9.2191,9.2152,Inf
2.1.07,288,262144,8.7764,8.7720,Inf
2.1.08,288,262144,8.4248,8.4155,Inf
2.1.09,288,262144,8.6870,8.6806,Inf
2.1.10,288,262144,8.6546,8.6403,Inf
2.1.11,288,262144,9.3599,9.3505,Inf
2.1.12,288,262144,8.4515,8.4456,Inf
2.2.01,288,1048576,8.4857,8.4840,Inf
2.2.02,288,1048576,8.7091,8.7117,Inf
2.2.03,288,1048576,8.3753,8.3760,Inf
2.2.04,288,1048576,8.5803,8.5833,Inf
2.2.05,288,1048576,9.4153,9.4109,Inf
2.2.06,288,1048576,8.7899,8.7889,Inf
2.2.07,288,1048576,8.4902,8.4930,Inf
2.2.08,288,1048576,8.5510,8.5478,Inf
2.2.09,288,1048576,8.7123,8.7087,Inf
2.2.10,288,1048576,8.7086,8.7077,Inf
2.2.11,288,1048576,9.1590,9.1611,Inf
2.2.12,288,1048576,9.4419,9.4392,Inf
2.2.13,288,1048576,9.2097,9.2095,Inf
2.2.14,288,1048576,9.5503,9.5462,Inf
2.2.15,288,1048576,9.2727,9.2701,Inf
2.2.16,288,1048576,9.6063,9.6075,Inf
2.2.17,288,1048576,9.3509,9.3545,Inf
2.2.18,288,1048576,9.1904,9.1845,Inf
2.2.19,288,1048576,9.0169,9.0206,Inf
2.2.20,288,1048576,9.3566,9.3529,Inf
2.2.21,288,1048576,8.6021,8.6051,Inf
2.2.22,288,1048576,8.6558,8.6545,Inf
2.2.23,288,1048576,8.7507,8.7481,Inf
2.2.24,288,1048576,9.2753,9.2746,Inf
wash-ir,288,5062500,8.5166,8.5166,Inf
4.1.01,312,65536,7.2769,7.3036,Inf
4.1.02,312,65536,6.2434,6.2644,Inf
4.1.03,312,65536,9.9464,9.9674,Inf
4.1.04,312,65536,8.8397,8.8604,Inf
4.1.05,312,65536,8.9269,8.9353,Inf
4.1.06,312,65536,8.1572,8.1716,Inf
4.1.07,312,65536,8.5851,8.6176,Inf
4.1.08,312,65536,8.6547,8.6538,Inf
4.2.01,312,262144,7.6280,7.6307,Inf
4.2.03,312,262144,8.7750,8.7792,Inf
4.2.05,312,262144,7.9801,7.9809,Inf
4.2.06,312,262144,8.0768,8.0831,Inf
4.2.07,312,262144,8.0742,8.0798,Inf
house,312,262144,8.4750,8.4737,Inf
2.1.01,312,262144,9.4157,9.4162,Inf
2.1.02,312,262144,8.8458,8.8509,Inf
2.1.03,312,262144,8.3565,8.3587,Inf
2.1.04,312,262144,9.3718,9.3868,Inf
2.1.05,312,262144,8.9854,8.9750,Inf
2.1.06,312,262144,9.2234,9.2245,Inf
2.1.07,312,262144,8.7743,8.7781,Inf
2.1.08,312,262144,8.4230,8.4294,Inf
2.1.09,312,262144,8.6850,8.6898,Inf
2.1.10,312,262144,8.6510,8.6451,Inf
2.1.11,312,262144,9.3514,9.3566,Inf
2.1.12,312,262144,8.4477,8.4466,Inf
2.2.01,312,1048576,8.4877,8.4860,Inf
2.2.02,312,1048576,8.7131,8.7161,Inf
2.2.03,312,1048576,8.3762,8.3802,Inf
2.2.04,312,1048576,8.5866,8.5873,Inf
2.2.05,312,1048576,9.4102,9.4168,Inf
2.2.06,312,1048576,8.7881,8.7939,Inf
2.2.07,312,1048576,8.4960,8.4965,Inf
2.2.08,312,1048576,8.5481,8.5477,Inf
2.2.09,312,1048576,8.7095,8.7127,Inf
2.2.10,312,1048576,8.7098,8.7121,Inf
2.2.11,312,1048576,9.1566,9.1614,Inf
2.2.12,312,1048576,9.4392,9.4439,Inf
2.2.13,312,1048576,9.2125,9.2075,Inf
2.2.14,312,1048576,9.5435,9.5465,Inf
2.2.15,312,1048576,9.2690,9.2746,Inf
2.2.16,312,1048576,9.6086,9.6098,Inf
2.2.17,312,1048576,9.3593,9.3560,Inf
2.2.18,312,1048576,9.1886,9.1897,Inf
2.2.19,312,1048576,9.0162,9.0233,Inf
2.2.20,312,1048576,9.3589,9.3543,Inf
2.2.21,312,1048576,8.6025,8.6029,Inf
2.2.22,312,1048576,8.6558,8.6602,Inf
2.2.23,312,1048576,8.7472,8.7518,Inf
2.2.24,312,1048576,9.2752,9.2731,Inf
wash-ir,312,5062500,8.5179,8.5174,Inf
4.1.01,336,65536,7.2818,7.2731,Inf
4.1.02,336,65536,6.2409,6.2424,Inf
4.1.03,336,65536,9.9504,9.9467,Inf
4.1.04,336,65536,8.8543,8.8373,Inf
4.1.05,336,65536,8.9102,8.9071,Inf
4.1.06,336,65536,8.1528,8.1693,Inf
4.1.07,336,65536,8.6044,8.5950,Inf
4.1.08,336,65536,8.6569,8.6395,Inf
4.2.01,336,262144,7.6248,7.6344,Inf
4.2.03,336,262144,8.7712,8.7753,Inf
4.2.05,336,262144,7.9698,7.9806,Inf
4.2.06,336,262144,8.0745,8.0858,Inf
4.2.07,336,262144,8.0843,8.0752,Inf
house,336,262144,8.4592,8.4736,Inf
2.1.01,336,262144,9.4118,9.4149,Inf
2.1.02,336,262144,8.8280,8.8469,Inf
2.1.03,336,262144,8.3542,8.3536,Inf
2.1.04,336,262144,9.3813,9.3787,Inf
2.1.05,336,262144,8.9792,8.9725,Inf
2.1.06,336,262144,9.2292,9.2317,Inf
2.1.07,336,262144,8.7797,8.7892,Inf
2.1.08,336,262144,8.4182,8.4214,Inf
2.1.09,336,262144,8.6887,8.6915,Inf
2.1.10,336,262144,8.6424,8.6429,Inf
2.1.11,336,262144,9.3556,9.3725,Inf
2.1.12,336,262144,8.4468,8.4466,Inf
2.2.01,336,1048576,8.4864,8.4863,Inf
2.2.02,336,1048576,8.7116,8.7134,Inf
2.2.03,336,1048576,8.3748,8.3768,Inf
2.2.04,336,1048576,8.5817,8.5861,Inf
2.2.05,336,1048576,9.4168,9.4196,Inf
2.2.06,336,1048576,8.7913,8.7887,Inf
2.2.07,336,1048576,8.4907,8.4949,Inf
2.2.08,336,1048576,8.5456,8.5510,Inf
2.2.09,336,1048576,8.7098,8.7109,Inf
2.2.10,336,1048576,8.7074,8.7103,Inf
2.2.11,336,1048576,9.1603,9.1614,Inf
2.2.12,336,1048576,9.4425,9.4406,Inf
2.2.13,336,1048576,9.2068,9.2120,Inf
2.2.14,336,1048576,9.5491,9.5480,Inf
2.2.15,336,1048576,9.2713,9.2751,Inf
2.2.16,336,1048576,9.6092,9.6086,Inf
2.2.17,336,1048576,9.3549,9.3563,Inf
2.2.18,336,1048576,9.1876,9.1875,Inf
2.2.19,336,1048576,9.0226,9.0219,Inf
2.2.20,336,1048576,9.3578,9.3542,Inf
2.2.21,336,1048576,8.6030,8.6030,Inf
2.2.22,336,1048576,8.6561,8.6591,Inf
2.2.23,336,1048576,8.7512,8.7491,Inf
2.2.24,336,1048576,9.2732,9.2799,Inf
wash-ir,336,5062500,8.5171,8.5188,Inf
4.1.01,360,65536,7.2955,7.2796,Inf
4.1.02,360,65536,6.2473,6.2300,Inf
4.1.03,360,65536,9.9334,9.9296,Inf
4.1.04,360,65536,8.8200,8.8354,Inf
4.1.05,360,65536,8.9166,8.8834,Inf
4.1.06,360,65536,8.1787,8.1517,Inf
4.1.07,360,65536,8.6051,8.5632,Inf
4.1.08,360,65536,8.6471,8.6314,Inf
4.2.01,360,262144,7.6336,7.6321,Inf
4.2.03,360,262144,8.7775,8.7798,Inf
4.2.05,360,262144,7.9821,7.9780,Inf
4.2.06,360,262144,8.0747,8.0844,Inf
4.2.07,360,262144,8.0779,8.0795,Inf
house,360,262144,8.4713,8.4684,Inf
2.1.01,360,262144,9.4205,9.4192,Inf
2.1.02,360,262144,8.8440,8.8436,Inf
2.1.03,360,262144,8.3535,8.3580,Inf
2.1.04,360,262144,9.3813,9.3753,Inf
2.1.05,360,262144,8.9800,8.9763,Inf
2.1.06,360,262144,9.2345,9.2284,Inf
2.1.07,360,262144,8.7944,8.7797,Inf
2.1.08,360,262144,8.4138,8.4247,Inf
2.1.09,360,262144,8.6906,8.6881,Inf
2.1.10,360,262144,8.6492,8.6468,Inf
2.1.11,360,262144,9.3602,9.3587,Inf
2.1.12,360,262144,8.4605,8.4485,Inf
2.2.01,360,1048576,8.4860,8.4880,Inf
2.2.02,360,1048576,8.7055,8.7066,Inf
2.2.03,360,1048576,8.3704,8.3748,Inf
2.2.04,360,1048576,8.5842,8.5829,Inf
2.2.05,360,1048576,9.4140,9.4138,Inf
2.2.06,360,1048576,8.7903,8.7882,Inf
2.2.07,360,1048576,8.4897,8.4931,Inf
2.2.08,360,1048576,8.5495,8.5478,Inf
2.2.09,360,1048576,8.7091,8.7056,Inf
2.2.10,360,1048576,8.7080,8.7066,Inf
2.2.11,360,1048576,9.1586,9.1605,Inf
2.2.12,360,1048576,9.4342,9.4383,Inf
2.2.13,360,1048576,9.2096,9.2110,Inf
2.2.14,360,1048576,9.5480,9.5471,Inf
2.2.15,360,1048576,9.2686,9.2705,Inf
2.2.16,360,1048576,9.6055,9.6093,Inf
2.2.17,360,1048576,9.3550,9.3521,Inf
2.2.18,360,1048576,9.1874,9.1825,Inf
2.2.19,360,1048576,9.0201,9.0173,Inf
2.2.20,360,1048576,9.3551,9.3543,Inf
2.2.21,360,1048576,8.5999,8.6040,Inf
2.2.22,360,1048576,8.6575,8.6537,Inf
2.2.23,360,1048576,8.7484,8.7456,Inf
2.2.24,360,1048576,9.2763,9.2766,Inf
wash-ir,360,5062500,8.5162,8.5175,Inf
4.1.01,384,65536,7.2928,7.2739,Inf
4.1.02,384,65536,6.2473,6.2366,Inf
4.1.03,384,65536,9.9590,9.9326,Inf
4.1.04,384,65536,8.8158,8.8266,Inf
4.1.05,384,65536,8.9051,8.8931,Inf
4.1.06,384,65536,8.1487,8.1479,Inf
4.1.07,384,65536,8.5898,8.5627,Inf
4.1.08,384,65536,8.6455,8.6234,Inf
4.2.01,384,262144,7.6326,7.6360,Inf
4.2.03,384,262144,8.7739,8.7828,Inf
4.2.05,384,262144,7.9786,7.9843,Inf
4.2.06,384,262144,8.0801,8.0812,Inf
4.2.07,384,262144,8.0798,8.0723,Inf
house,384,262144,8.4751,8.4764,Inf
2.1.01,384,262144,9.4247,9.4104,Inf
2.1.02,384,262144,8.8347,8.8472,Inf
2.1.03,384,262144,8.3596,8.3615,Inf
2.1.04,384,262144,9.3824,9.3693,Inf
2.1.05,384,262144,8.9770,8.9801,Inf
2.1.06,384,262144,9.2286,9.2232,Inf
2.1.07,384,262144,8.7887,8.7852,Inf
2.1.08,384,262144,8.4237,8.4300,Inf
2.1.09,384,262144,8.6849,8.6895,Inf
2.1.10,384,262144,8.6404,8.6524,Inf
2.1.11,384,262144,9.3655,9.3644,Inf
2.1.12,384,262144,8.4497,8.4516,Inf
2.2.01,384,1048576,8.4848,8.4896,Inf
2.2.02,384,1048576,8.7090,8.7146,Inf
2.2.03,384,1048576,8.3750,8.3769,Inf
2.2.04,384,1048576,8.5816,8.5848,Inf
2.2.05,384,1048576,9.4117,9.4155,Inf
2.2.06,384,1048576,8.7899,8.7918,Inf
2.2.07,384,1048576,8.4920,8.4973,Inf
2.2.08,384,1048576,8.5516,8.5506,Inf
2.2.09,384,1048576,8.7066,8.7109,Inf
2.2.10,384,1048576,8.7124,8.7105,Inf
2.2.11,384,1048576,9.1611,9.1613,Inf
2.2.12,384,1048576,9.4441,9.4427,Inf
2.2.13,384,1048576,9.2083,9.2101,Inf
2.2.14,384,1048576,9.5472,9.5479,Inf
2.2.15,384,1048576,9.2740,9.2736,Inf
2.2.16,384,1048576,9.6057,9.6059,Inf
2.2.17,384,1048576,9.3484,9.3571,Inf
2.2.18,384,1048576,9.1803,9.1895,Inf
2.2.19,384,1048576,9.0217,9.0206,Inf
2.2.20,384,1048576,9.3548,9.3534,Inf
2.2.21,384,1048576,8.6014,8.6013,Inf
2.2.22,384,1048576,8.6583,8.6554,Inf
2.2.23,384,1048576,8.7504,8.7505,Inf
2.2.24,384,1048576,9.2728,9.2757,Inf
wash-ir,384,5062500,8.5162,8.5159,Inf
