image,K,height,width,num_pixels,iterations_per_encrypt,fold_chunks,mean_entropy_cipher,mean_abs_corrH_cipher,npcr_packed,uaci_packed,seconds_two_encryptions
4.1.01,24,256,256,65536,65536,1,7.995557,0.008826,100.000000,33.065294,1.7233
4.1.02,24,256,256,65536,65536,1,7.995395,0.031644,100.000000,33.805130,4.9793
4.1.03,24,256,256,65536,65536,1,7.990523,0.026872,100.000000,33.881426,1.8319
4.1.04,24,256,256,65536,65536,1,7.996729,0.025614,100.000000,33.635703,4.4997
4.1.05,24,256,256,65536,65536,1,7.994854,0.026498,100.000000,32.725826,2.0050
4.1.06,24,256,256,65536,65536,1,7.996075,0.022757,100.000000,34.065720,4.5905
4.1.07,24,256,256,65536,65536,1,7.991852,0.019374,100.000000,32.977859,1.6797
4.1.08,24,256,256,65536,65536,1,7.994455,0.018656,100.000000,33.004966,4.7026
4.2.01,24,512,512,262144,262144,1,7.996714,0.040378,100.000000,33.485378,6.4832
4.2.03,24,512,512,262144,262144,1,7.998992,0.016439,100.000000,33.953817,9.8742
4.2.05,24,512,512,262144,262144,1,7.996531,0.015777,100.000000,33.301929,6.7670
4.2.06,24,512,512,262144,262144,1,7.999012,0.004858,100.000000,33.496480,9.5151
4.2.07,24,512,512,262144,262144,1,7.998661,0.030541,100.000000,33.754120,6.9954
house,24,512,512,262144,262144,1,7.998857,0.031360,100.000000,33.671846,10.2864
2.1.01,24,512,512,262144,262144,1,7.998770,0.025784,100.000000,33.473801,6.4182
2.1.02,24,512,512,262144,262144,1,7.998978,0.023906,100.000000,32.987158,9.6045
2.1.03,24,512,512,262144,262144,1,7.993773,0.017127,100.000000,33.453917,6.6945
2.1.04,24,512,512,262144,262144,1,7.996399,0.004444,100.000000,33.330884,10.1365
2.1.05,24,512,512,262144,262144,1,7.998743,0.019024,100.000000,32.960130,6.8299
2.1.06,24,512,512,262144,262144,1,7.998942,0.008977,100.000000,33.911139,9.5177
2.1.07,24,512,512,262144,262144,1,7.995337,0.017619,100.000000,32.156720,6.8132
2.1.08,24,512,512,262144,262144,1,7.995867,0.037872,100.000000,32.608048,9.8582
2.1.09,24,512,512,262144,262144,1,7.996446,0.051015,100.000000,33.059732,6.9177
2.1.10,24,512,512,262144,262144,1,7.998092,0.018814,100.000000,33.121584,9.2751
2.1.11,24,512,512,262144,262144,1,7.998658,0.007358,100.000000,33.148295,6.9640
2.1.12,24,512,512,262144,262144,1,7.996007,0.032457,100.000000,32.185784,9.6389
2.2.01,24,1024,1024,1048576,1048576,1,7.998869,0.009503,100.000000,33.832178,28.3628
2.2.02,24,1024,1024,1048576,1048576,1,7.994648,0.043385,100.000000,33.533080,29.9653
2.2.03,24,1024,1024,1048576,1048576,1,7.995888,0.034483,100.000000,34.199446,27.4601
2.2.04,24,1024,1024,1048576,1048576,1,7.997242,0.010789,100.000000,33.723151,30.3571
2.2.05,24,1024,1024,1048576,1048576,1,7.998258,0.029120,100.000000,33.626070,28.1132
2.2.06,24,1024,1024,1048576,1048576,1,7.993374,0.020296,100.000000,33.677609,29.6112
2.2.07,24,1024,1024,1048576,1048576,1,7.996728,0.033876,100.000000,32.682779,27.5975
2.2.08,24,1024,1024,1048576,1048576,1,7.999347,0.016021,100.000000,33.046050,30.3162
2.2.09,24,1024,1024,1048576,1048576,1,7.996703,0.025454,100.000000,33.463309,27.0702
2.2.10,24,1024,1024,1048576,1048576,1,7.995879,0.013494,100.000000,33.893888,29.7350
2.2.11,24,1024,1024,1048576,1048576,1,7.996662,0.011086,100.000000,33.769503,28.9351
2.2.12,24,1024,1024,1048576,1048576,1,7.997232,0.027323,100.000000,32.758880,30.4963
2.2.13,24,1024,1024,1048576,1048576,1,7.998864,0.027277,100.000000,33.503472,27.9763
2.2.14,24,1024,1024,1048576,1048576,1,7.999000,0.015849,100.000000,33.446909,29.7478
2.2.15,24,1024,1024,1048576,1048576,1,7.993921,0.014813,100.000000,33.253454,27.6756
2.2.16,24,1024,1024,1048576,1048576,1,7.997714,0.012686,100.000000,33.822247,31.5112
2.2.17,24,1024,1024,1048576,1048576,1,7.999166,0.014799,100.000000,34.324331,28.4669
2.2.18,24,1024,1024,1048576,1048576,1,7.997612,0.012946,100.000000,33.265374,30.5635
2.2.19,24,1024,1024,1048576,1048576,1,7.996845,0.015808,100.000000,33.595032,27.7447
2.2.20,24,1024,1024,1048576,1048576,1,7.997623,0.037034,100.000000,33.357690,29.9011
2.2.21,24,1024,1024,1048576,1048576,1,7.997750,0.022942,100.000000,33.572249,27.5259
2.2.22,24,1024,1024,1048576,1048576,1,7.996552,0.049236,100.000000,32.697065,30.0790
2.2.23,24,1024,1024,1048576,1048576,1,7.993730,0.042273,100.000000,33.002788,25.1284
2.2.24,24,1024,1024,1048576,1048576,1,7.996636,0.025927,100.000000,33.327108,25.6442
wash-ir,24,2250,2250,5062500,5062500,1,7.999699,0.014781,100.000000,33.042543,129.8663
4.1.01,48,256,256,65536,65536,2,7.997263,0.012775,100.000000,33.267935,2.1812
4.1.02,48,256,256,65536,65536,2,7.997097,0.021295,100.000000,33.498557,1.9454
4.1.03,48,256,256,65536,65536,2,7.997537,0.020371,100.000000,33.344720,1.8572
4.1.04,48,256,256,65536,65536,2,7.997082,0.014354,100.000000,33.260632,1.9418
4.1.05,48,256,256,65536,65536,2,7.996985,0.009950,100.000000,33.251577,2.0348
4.1.06,48,256,256,65536,65536,2,7.997286,0.010057,100.000000,33.400401,1.9236
4.1.07,48,256,256,65536,65536,2,7.997180,0.009508,100.000000,33.462159,1.9158
4.1.08,48,256,256,65536,65536,2,7.997398,0.011685,100.000000,33.408189,1.9185
4.2.01,48,512,512,262144,262144,2,7.999348,0.006687,100.000000,33.341589,7.8797
4.2.03,48,512,512,262144,262144,2,7.999370,0.017938,100.000000,33.382782,7.4436
4.2.05,48,512,512,262144,262144,2,7.999286,0.019650,100.000000,33.416457,7.2658
4.2.06,48,512,512,262144,262144,2,7.999322,0.024625,100.000000,33.360223,8.0517
4.2.07,48,512,512,262144,262144,2,7.999259,0.021584,100.000000,33.300312,7.8887
house,48,512,512,262144,262144,2,7.999362,0.019848,100.000000,33.257220,7.5557
2.1.01,48,512,512,262144,262144,2,7.999378,0.024584,100.000000,33.362766,7.4629
2.1.02,48,512,512,262144,262144,2,7.999350,0.014383,100.000000,33.431389,7.5265
2.1.03,48,512,512,262144,262144,2,7.999265,0.005274,100.000000,33.253616,7.5291
2.1.04,48,512,512,262144,262144,2,7.999328,0.010842,100.000000,33.383494,7.5967
2.1.05,48,512,512,262144,262144,2,7.999304,0.003246,100.000000,33.350656,7.4205
2.1.06,48,512,512,262144,262144,2,7.999297,0.013096,100.000000,33.182967,7.7526
2.1.07,48,512,512,262144,262144,2,7.999292,0.017228,100.000000,33.275265,8.0388
2.1.08,48,512,512,262144,262144,2,7.999265,0.008427,100.000000,33.463093,7.4201
2.1.09,48,512,512,262144,262144,2,7.999306,0.017341,100.000000,33.340920,7.6207
2.1.10,48,512,512,262144,262144,2,7.999271,0.016095,100.000000,33.314874,7.9366
2.1.11,48,512,512,262144,262144,2,7.999266,0.024020,100.000000,33.286392,8.2423
2.1.12,48,512,512,262144,262144,2,7.999291,0.011421,100.000000,33.314168,8.0407
2.2.01,48,1024,1024,1048576,1048576,2,7.999832,0.013674,100.000000,33.360102,30.0459
2.2.02,48,1024,1024,1048576,1048576,2,7.999807,0.020264,100.000000,33.319344,30.5971
2.2.03,48,1024,1024,1048576,1048576,2,7.999824,0.022103,100.000000,33.365424,30.9578
2.2.04,48,1024,1024,1048576,1048576,2,7.999842,0.021120,100.000000,33.336077,30.2622
2.2.05,48,1024,1024,1048576,1048576,2,7.999819,0.019013,100.000000,33.339473,30.5369
2.2.06,48,1024,1024,1048576,1048576,2,7.999830,0.012808,100.000000,33.296950,31.1730
2.2.07,48,1024,1024,1048576,1048576,2,7.999837,0.005649,100.000000,33.354219,31.1844
2.2.08,48,1024,1024,1048576,1048576,2,7.999810,0.004647,100.000000,33.321179,30.7436
2.2.09,48,1024,1024,1048576,1048576,2,7.999827,0.013229,100.000000,33.343556,31.3983
2.2.10,48,1024,1024,1048576,1048576,2,7.999816,0.004918,100.000000,33.344503,31.4636
2.2.11,48,1024,1024,1048576,1048576,2,7.999836,0.005380,100.000000,33.351837,30.6036
2.2.12,48,1024,1024,1048576,1048576,2,7.999833,0.024503,99.999905,33.301914,29.9890
2.2.13,48,1024,1024,1048576,1048576,2,7.999822,0.011340,100.000000,33.318817,30.6942
2.2.14,48,1024,1024,1048576,1048576,2,7.999828,0.019587,100.000000,33.331399,30.1227
2.2.15,48,1024,1024,1048576,1048576,2,7.999802,0.015509,100.000000,33.335497,32.5944
2.2.16,48,1024,1024,1048576,1048576,2,7.999831,0.021656,100.000000,33.332048,31.1978
2.2.17,48,1024,1024,1048576,1048576,2,7.999844,0.027005,100.000000,33.336332,31.0246
2.2.18,48,1024,1024,1048576,1048576,2,7.999825,0.012242,100.000000,33.313468,31.5381
2.2.19,48,1024,1024,1048576,1048576,2,7.999820,0.019810,100.000000,33.346636,32.4869
2.2.20,48,1024,1024,1048576,1048576,2,7.999834,0.023119,100.000000,33.348847,28.4113
2.2.21,48,1024,1024,1048576,1048576,2,7.999823,0.016524,100.000000,33.377569,30.5262
2.2.22,48,1024,1024,1048576,1048576,2,7.999821,0.013010,100.000000,33.306164,30.3832
2.2.23,48,1024,1024,1048576,1048576,2,7.999841,0.010606,100.000000,33.342041,28.8303
2.2.24,48,1024,1024,1048576,1048576,2,7.999820,0.011300,100.000000,33.332330,28.8783
wash-ir,48,2250,2250,5062500,5062500,2,7.999965,0.029355,100.000000,33.332042,147.8893
4.1.01,72,256,256,65536,65536,3,7.997286,0.029424,100.000000,33.368625,2.0689
4.1.02,72,256,256,65536,65536,3,7.997202,0.023634,100.000000,33.384319,2.2376
4.1.03,72,256,256,65536,65536,3,7.996845,0.015237,100.000000,33.181045,1.9605
4.1.04,72,256,256,65536,65536,3,7.997353,0.008185,100.000000,33.367237,2.1457
4.1.05,72,256,256,65536,65536,3,7.997549,0.012034,100.000000,33.501409,2.5389
4.1.06,72,256,256,65536,65536,3,7.997099,0.022943,100.000000,33.554596,1.9836
4.1.07,72,256,256,65536,65536,3,7.997037,0.019678,100.000000,33.139898,2.0953
4.1.08,72,256,256,65536,65536,3,7.996995,0.002886,100.000000,33.227617,2.0995
4.2.01,72,512,512,262144,262144,3,7.999309,0.015090,100.000000,33.352727,8.9702
4.2.03,72,512,512,262144,262144,3,7.999227,0.015558,99.999619,33.340621,8.5864
4.2.05,72,512,512,262144,262144,3,7.999275,0.006284,100.000000,33.297051,8.7649
4.2.06,72,512,512,262144,262144,3,7.999374,0.015634,100.000000,33.306794,8.7275
4.2.07,72,512,512,262144,262144,3,7.999264,0.012550,100.000000,33.426672,8.7448
house,72,512,512,262144,262144,3,7.999296,0.011939,100.000000,33.324712,8.2685
2.1.01,72,512,512,262144,262144,3,7.999312,0.019674,100.000000,33.289672,8.3402
2.1.02,72,512,512,262144,262144,3,7.999309,0.012120,100.000000,33.290206,8.2918
2.1.03,72,512,512,262144,262144,3,7.999321,0.016256,100.000000,33.376776,8.3764
2.1.04,72,512,512,262144,262144,3,7.999302,0.005642,100.000000,33.354786,8.7734
2.1.05,72,512,512,262144,262144,3,7.999293,0.018071,100.000000,33.341259,8.9654
2.1.06,72,512,512,262144,262144,3,7.999290,0.016303,100.000000,33.388685,8.7430
2.1.07,72,512,512,262144,262144,3,7.999262,0.006151,100.000000,33.302202,8.6032
2.1.08,72,512,512,262144,262144,3,7.999349,0.009632,100.000000,33.370530,8.8042
2.1.09,72,512,512,262144,262144,3,7.999261,0.007736,100.000000,33.317477,8.6827
2.1.10,72,512,512,262144,262144,3,7.999308,0.008046,100.000000,33.357059,9.0654
2.1.11,72,512,512,262144,262144,3,7.999285,0.011585,100.000000,33.303297,8.5699
2.1.12,72,512,512,262144,262144,3,7.999305,0.015784,100.000000,33.349975,8.5273
2.2.01,72,1024,1024,1048576,1048576,3,7.999821,0.008688,100.000000,33.357131,33.1747
2.2.02,72,1024,1024,1048576,1048576,3,7.999819,0.010697,100.000000,33.357087,33.5328
2.2.03,72,1024,1024,1048576,1048576,3,7.999828,0.015034,100.000000,33.367467,33.3449
2.2.04,72,1024,1024,1048576,1048576,3,7.999821,0.006116,100.000000,33.349298,33.1100
2.2.05,72,1024,1024,1048576,1048576,3,7.999808,0.009130,100.000000,33.320637,33.0161
2.2.06,72,1024,1024,1048576,1048576,3,7.999824,0.010977,100.000000,33.293650,32.7876
2.2.07,72,1024,1024,1048576,1048576,3,7.999823,0.016634,100.000000,33.314231,31.3862
2.2.08,72,1024,1024,1048576,1048576,3,7.999831,0.012042,100.000000,33.328779,32.8043
2.2.09,72,1024,1024,1048576,1048576,3,7.999820,0.005340,100.000000,33.316139,33.0814
2.2.10,72,1024,1024,1048576,1048576,3,7.999829,0.007759,100.000000,33.304004,32.6566
2.2.11,72,1024,1024,1048576,1048576,3,7.999834,0.006826,100.000000,33.345127,33.6133
2.2.12,72,1024,1024,1048576,1048576,3,7.999814,0.015228,100.000000,33.328373,33.2884
2.2.13,72,1024,1024,1048576,1048576,3,7.999829,0.014549,100.000000,33.323686,33.3857
2.2.14,72,1024,1024,1048576,1048576,3,7.999821,0.020260,99.999809,33.313665,33.5451
2.2.15,72,1024,1024,1048576,1048576,3,7.999820,0.005562,100.000000,33.350547,33.4509
2.2.16,72,1024,1024,1048576,1048576,3,7.999840,0.020950,100.000000,33.309721,35.1622
2.2.17,72,1024,1024,1048576,1048576,3,7.999821,0.007132,100.000000,33.299231,33.7387
2.2.18,72,1024,1024,1048576,1048576,3,7.999821,0.030441,100.000000,33.345441,34.9509
2.2.19,72,1024,1024,1048576,1048576,3,7.999838,0.016634,100.000000,33.310414,33.2836
2.2.20,72,1024,1024,1048576,1048576,3,7.999836,0.011833,100.000000,33.332158,33.5470
2.2.21,72,1024,1024,1048576,1048576,3,7.999827,0.024533,100.000000,33.341840,34.4108
2.2.22,72,1024,1024,1048576,1048576,3,7.999832,0.009158,100.000000,33.310854,33.1824
2.2.23,72,1024,1024,1048576,1048576,3,7.999824,0.025574,99.999905,33.317705,33.5229
2.2.24,72,1024,1024,1048576,1048576,3,7.999829,0.012468,100.000000,33.367047,33.1488
wash-ir,72,2250,2250,5062500,5062500,3,7.999965,0.015299,100.000000,33.328125,163.5895
4.1.01,96,256,256,65536,65536,4,7.997360,0.016049,100.000000,33.358197,2.6830
4.1.02,96,256,256,65536,65536,4,7.997160,0.003190,100.000000,33.341856,2.6191
4.1.03,96,256,256,65536,65536,4,7.997255,0.022663,100.000000,33.311433,2.5701
4.1.04,96,256,256,65536,65536,4,7.996998,0.008658,100.000000,33.293882,2.6530
4.1.05,96,256,256,65536,65536,4,7.997489,0.014793,100.000000,33.320047,2.5085
4.1.06,96,256,256,65536,65536,4,7.997350,0.019384,100.000000,33.308543,2.3617
4.1.07,96,256,256,65536,65536,4,7.997225,0.008357,100.000000,33.205505,2.4235
4.1.08,96,256,256,65536,65536,4,7.997158,0.029286,100.000000,33.199737,2.2471
4.2.01,96,512,512,262144,262144,4,7.999323,0.014754,100.000000,33.293727,9.7951
4.2.03,96,512,512,262144,262144,4,7.999308,0.014644,100.000000,33.356957,10.2845
4.2.05,96,512,512,262144,262144,4,7.999220,0.012053,100.000000,33.349057,10.5311
4.2.06,96,512,512,262144,262144,4,7.999312,0.007822,100.000000,33.336487,9.8812
4.2.07,96,512,512,262144,262144,4,7.999363,0.012575,100.000000,33.305164,9.5719
house,96,512,512,262144,262144,4,7.999296,0.023878,100.000000,33.282971,9.7215
2.1.01,96,512,512,262144,262144,4,7.999234,0.011710,100.000000,33.301783,9.2654
2.1.02,96,512,512,262144,262144,4,7.999267,0.010831,100.000000,33.335952,9.6166
2.1.03,96,512,512,262144,262144,4,7.999312,0.014987,100.000000,33.334243,9.7743
2.1.04,96,512,512,262144,262144,4,7.999306,0.007497,100.000000,33.286322,9.7339
2.1.05,96,512,512,262144,262144,4,7.999305,0.016084,100.000000,33.342068,9.5614
2.1.06,96,512,512,262144,262144,4,7.999307,0.015747,100.000000,33.374811,9.6205
2.1.07,96,512,512,262144,262144,4,7.999341,0.012337,100.000000,33.340522,10.1303
2.1.08,96,512,512,262144,262144,4,7.999294,0.020650,100.000000,33.296959,9.5111
2.1.09,96,512,512,262144,262144,4,7.999299,0.017121,100.000000,33.366947,9.9771
2.1.10,96,512,512,262144,262144,4,7.999323,0.019231,100.000000,33.331820,9.2348
2.1.11,96,512,512,262144,262144,4,7.999355,0.026929,100.000000,33.284613,9.5961
2.1.12,96,512,512,262144,262144,4,7.999278,0.016295,100.000000,33.290907,9.4097
2.2.01,96,1024,1024,1048576,1048576,4,7.999852,0.008969,100.000000,33.350892,37.6225
2.2.02,96,1024,1024,1048576,1048576,4,7.999818,0.030910,99.999905,33.308785,37.0408
2.2.03,96,1024,1024,1048576,1048576,4,7.999815,0.026617,100.000000,33.343548,37.6110
2.2.04,96,1024,1024,1048576,1048576,4,7.999806,0.017765,100.000000,33.295979,38.0781
2.2.05,96,1024,1024,1048576,1048576,4,7.999820,0.013977,100.000000,33.320914,37.9021
2.2.06,96,1024,1024,1048576,1048576,4,7.999825,0.020655,100.000000,33.323323,36.8674
2.2.07,96,1024,1024,1048576,1048576,4,7.999830,0.006035,100.000000,33.365616,36.7741
2.2.08,96,1024,1024,1048576,1048576,4,7.999812,0.020559,100.000000,33.345110,37.0653
2.2.09,96,1024,1024,1048576,1048576,4,7.999836,0.009009,100.000000,33.351536,37.0487
2.2.10,96,1024,1024,1048576,1048576,4,7.999819,0.020791,100.000000,33.319506,39.3670
2.2.11,96,1024,1024,1048576,1048576,4,7.999832,0.012489,100.000000,33.330162,36.7999
2.2.12,96,1024,1024,1048576,1048576,4,7.999822,0.010607,100.000000,33.307560,37.4700
2.2.13,96,1024,1024,1048576,1048576,4,7.999814,0.018094,100.000000,33.283179,38.2858
2.2.14,96,1024,1024,1048576,1048576,4,7.999824,0.024279,100.000000,33.333712,37.1370
2.2.15,96,1024,1024,1048576,1048576,4,7.999828,0.006289,100.000000,33.335793,38.2124
2.2.16,96,1024,1024,1048576,1048576,4,7.999819,0.013119,100.000000,33.319535,37.1935
2.2.17,96,1024,1024,1048576,1048576,4,7.999815,0.020788,100.000000,33.351382,38.7940
2.2.18,96,1024,1024,1048576,1048576,4,7.999824,0.009170,100.000000,33.318640,37.4627
2.2.19,96,1024,1024,1048576,1048576,4,7.999821,0.023895,100.000000,33.350258,37.4161
2.2.20,96,1024,1024,1048576,1048576,4,7.999825,0.023532,100.000000,33.322976,36.7807
2.2.21,96,1024,1024,1048576,1048576,4,7.999819,0.021105,100.000000,33.323451,37.7937
2.2.22,96,1024,1024,1048576,1048576,4,7.999822,0.015244,100.000000,33.384790,38.1249
2.2.23,96,1024,1024,1048576,1048576,4,7.999817,0.012346,100.000000,33.344921,38.6493
2.2.24,96,1024,1024,1048576,1048576,4,7.999830,0.015655,100.000000,33.381490,36.8658
wash-ir,96,2250,2250,5062500,5062500,4,7.999965,0.014580,99.999980,33.325277,187.2178
4.1.01,120,256,256,65536,65536,5,7.997316,0.015086,100.000000,33.283035,2.7310
4.1.02,120,256,256,65536,65536,5,7.996849,0.014612,100.000000,33.400568,2.7271
4.1.03,120,256,256,65536,65536,5,7.997046,0.004018,100.000000,33.364902,2.6647
4.1.04,120,256,256,65536,65536,5,7.997305,0.025595,100.000000,33.527349,2.6479
4.1.05,120,256,256,65536,65536,5,7.997358,0.014622,100.000000,33.360269,2.7444
4.1.06,120,256,256,65536,65536,5,7.997264,0.022971,100.000000,33.366849,2.5879
4.1.07,120,256,256,65536,65536,5,7.997026,0.013510,100.000000,33.351568,2.8706
4.1.08,120,256,256,65536,65536,5,7.996954,0.021593,100.000000,33.159296,2.7510
4.2.01,120,512,512,262144,262144,5,7.999271,0.019744,100.000000,33.319090,11.1258
4.2.03,120,512,512,262144,262144,5,7.999313,0.002995,100.000000,33.351849,10.5031
4.2.05,120,512,512,262144,262144,5,7.999267,0.015634,100.000000,33.390464,10.4269
4.2.06,120,512,512,262144,262144,5,7.999236,0.010478,100.000000,33.362882,10.7864
4.2.07,120,512,512,262144,262144,5,7.999350,0.015487,100.000000,33.309943,10.2522
house,120,512,512,262144,262144,5,7.999338,0.019234,100.000000,33.343561,10.7620
2.1.01,120,512,512,262144,262144,5,7.999332,0.015540,100.000000,33.376422,10.8608
2.1.02,120,512,512,262144,262144,5,7.999303,0.002383,100.000000,33.311044,10.8081
2.1.03,120,512,512,262144,262144,5,7.999239,0.011129,99.999619,33.396340,10.9245
2.1.04,120,512,512,262144,262144,5,7.999330,0.015740,100.000000,33.297905,10.7104
2.1.05,120,512,512,262144,262144,5,7.999316,0.011264,100.000000,33.287851,10.9870
2.1.06,120,512,512,262144,262144,5,7.999231,0.006513,100.000000,33.335602,11.0355
2.1.07,120,512,512,262144,262144,5,7.999255,0.007804,100.000000,33.307400,9.9927
2.1.08,120,512,512,262144,262144,5,7.999289,0.010113,100.000000,33.298522,10.1845
2.1.09,120,512,512,262144,262144,5,7.999319,0.018786,100.000000,33.375978,10.0669
2.1.10,120,512,512,262144,262144,5,7.999345,0.003829,100.000000,33.392772,10.2305
2.1.11,120,512,512,262144,262144,5,7.999311,0.010059,100.000000,33.337556,10.0983
2.1.12,120,512,512,262144,262144,5,7.999250,0.013230,100.000000,33.362155,10.1645
2.2.01,120,1024,1024,1048576,1048576,5,7.999830,0.022862,100.000000,33.318224,41.2393
2.2.02,120,1024,1024,1048576,1048576,5,7.999819,0.020457,100.000000,33.336533,40.4258
2.2.03,120,1024,1024,1048576,1048576,5,7.999833,0.008692,100.000000,33.376810,41.3301
2.2.04,120,1024,1024,1048576,1048576,5,7.999802,0.012140,100.000000,33.345839,41.9015
2.2.05,120,1024,1024,1048576,1048576,5,7.999813,0.019722,100.000000,33.318570,40.8659
2.2.06,120,1024,1024,1048576,1048576,5,7.999801,0.012387,100.000000,33.318905,41.0313
2.2.07,120,1024,1024,1048576,1048576,5,7.999826,0.018026,100.000000,33.365678,41.1175
2.2.08,120,1024,1024,1048576,1048576,5,7.999826,0.013258,100.000000,33.304519,42.6567
2.2.09,120,1024,1024,1048576,1048576,5,7.999834,0.015245,100.000000,33.313247,41.8873
2.2.10,120,1024,1024,1048576,1048576,5,7.999824,0.009829,100.000000,33.326935,43.8616
2.2.11,120,1024,1024,1048576,1048576,5,7.999829,0.006398,100.000000,33.374604,40.7109
2.2.12,120,1024,1024,1048576,1048576,5,7.999823,0.018254,100.000000,33.323921,43.0461
2.2.13,120,1024,1024,1048576,1048576,5,7.999835,0.011644,100.000000,33.329106,40.4488
2.2.14,120,1024,1024,1048576,1048576,5,7.999834,0.009172,100.000000,33.350763,40.8619
2.2.15,120,1024,1024,1048576,1048576,5,7.999814,0.024206,100.000000,33.341016,40.4907
2.2.16,120,1024,1024,1048576,1048576,5,7.999830,0.021226,100.000000,33.322597,41.6997
2.2.17,120,1024,1024,1048576,1048576,5,7.999827,0.028744,100.000000,33.319786,41.2403
2.2.18,120,1024,1024,1048576,1048576,5,7.999828,0.012810,100.000000,33.303098,41.3654
2.2.19,120,1024,1024,1048576,1048576,5,7.999828,0.010968,100.000000,33.374602,41.0444
2.2.20,120,1024,1024,1048576,1048576,5,7.999838,0.009224,100.000000,33.338984,40.7063
2.2.21,120,1024,1024,1048576,1048576,5,7.999823,0.017720,99.999905,33.344889,41.3379
2.2.22,120,1024,1024,1048576,1048576,5,7.999816,0.002908,100.000000,33.298316,41.5926
2.2.23,120,1024,1024,1048576,1048576,5,7.999822,0.022315,100.000000,33.316423,41.5062
2.2.24,120,1024,1024,1048576,1048576,5,7.999833,0.007852,100.000000,33.277349,40.4356
wash-ir,120,2250,2250,5062500,5062500,5,7.999964,0.012490,99.999980,33.344619,200.4563
4.1.01,144,256,256,65536,65536,6,7.997275,0.018194,100.000000,33.116327,3.1955
4.1.02,144,256,256,65536,65536,6,7.997088,0.015687,100.000000,33.267771,2.8314
4.1.03,144,256,256,65536,65536,6,7.996982,0.039161,100.000000,33.453620,2.8414
4.1.04,144,256,256,65536,65536,6,7.997055,0.018107,100.000000,33.277969,2.8479
4.1.05,144,256,256,65536,65536,6,7.997306,0.018948,100.000000,33.435050,2.8494
4.1.06,144,256,256,65536,65536,6,7.996966,0.013253,100.000000,33.330345,2.8337
4.1.07,144,256,256,65536,65536,6,7.997066,0.021895,100.000000,33.448327,2.8036
4.1.08,144,256,256,65536,65536,6,7.997283,0.013400,100.000000,33.193273,2.8295
4.2.01,144,512,512,262144,262144,6,7.999286,0.010506,100.000000,33.314913,12.1905
4.2.03,144,512,512,262144,262144,6,7.999292,0.010871,100.000000,33.258616,12.2153
4.2.05,144,512,512,262144,262144,6,7.999305,0.011270,100.000000,33.295210,11.7009
4.2.06,144,512,512,262144,262144,6,7.999294,0.027372,100.000000,33.361601,11.4294
4.2.07,144,512,512,262144,262144,6,7.999331,0.016160,100.000000,33.317775,11.9520
house,144,512,512,262144,262144,6,7.999412,0.017675,100.000000,33.403037,11.6104
2.1.01,144,512,512,262144,262144,6,7.999390,0.008488,100.000000,33.335216,12.2014
2.1.02,144,512,512,262144,262144,6,7.999276,0.007903,100.000000,33.331621,11.4382
2.1.03,144,512,512,262144,262144,6,7.999331,0.018186,100.000000,33.332378,11.9936
2.1.04,144,512,512,262144,262144,6,7.999298,0.011906,100.000000,33.329595,11.3165
2.1.05,144,512,512,262144,262144,6,7.999307,0.010893,100.000000,33.267985,11.7970
2.1.06,144,512,512,262144,262144,6,7.999226,0.012497,100.000000,33.309650,11.4484
2.1.07,144,512,512,262144,262144,6,7.999292,0.012495,100.000000,33.398235,11.5440
2.1.08,144,512,512,262144,262144,6,7.999326,0.007917,100.000000,33.322447,11.5829
2.1.09,144,512,512,262144,262144,6,7.999304,0.009590,100.000000,33.346098,11.2853
2.1.10,144,512,512,262144,262144,6,7.999235,0.010238,100.000000,33.390712,11.2963
2.1.11,144,512,512,262144,262144,6,7.999309,0.020094,100.000000,33.406749,11.4685
2.1.12,144,512,512,262144,262144,6,7.999364,0.006237,100.000000,33.327541,11.3616
2.2.01,144,1024,1024,1048576,1048576,6,7.999835,0.016641,100.000000,33.347687,45.2996
2.2.02,144,1024,1024,1048576,1048576,6,7.999820,0.015066,100.000000,33.343752,46.1793
2.2.03,144,1024,1024,1048576,1048576,6,7.999826,0.004879,99.999905,33.352011,44.6819
2.2.04,144,1024,1024,1048576,1048576,6,7.999825,0.014973,100.000000,33.349526,44.7425
2.2.05,144,1024,1024,1048576,1048576,6,7.999825,0.028047,100.000000,33.364927,45.3812
2.2.06,144,1024,1024,1048576,1048576,6,7.999816,0.007964,100.000000,33.334635,49.4393
2.2.07,144,1024,1024,1048576,1048576,6,7.999817,0.024430,100.000000,33.368271,48.2784
2.2.08,144,1024,1024,1048576,1048576,6,7.999825,0.009953,100.000000,33.337872,45.0476
2.2.09,144,1024,1024,1048576,1048576,6,7.999830,0.024021,100.000000,33.318691,45.5185
2.2.10,144,1024,1024,1048576,1048576,6,7.999817,0.040489,100.000000,33.381883,44.4016
2.2.11,144,1024,1024,1048576,1048576,6,7.999818,0.006779,100.000000,33.299718,44.9907
2.2.12,144,1024,1024,1048576,1048576,6,7.999841,0.011359,100.000000,33.340575,44.3498
2.2.13,144,1024,1024,1048576,1048576,6,7.999838,0.045107,100.000000,33.364177,44.9635
2.2.14,144,1024,1024,1048576,1048576,6,7.999829,0.013542,100.000000,33.323642,44.7121
2.2.15,144,1024,1024,1048576,1048576,6,7.999843,0.027819,100.000000,33.312041,46.3158
2.2.16,144,1024,1024,1048576,1048576,6,7.999832,0.022215,100.000000,33.356956,45.1391
2.2.17,144,1024,1024,1048576,1048576,6,7.999827,0.010444,100.000000,33.352401,44.1330
2.2.18,144,1024,1024,1048576,1048576,6,7.999805,0.008966,100.000000,33.342450,46.2439
2.2.19,144,1024,1024,1048576,1048576,6,7.999834,0.009964,100.000000,33.349498,45.0053
2.2.20,144,1024,1024,1048576,1048576,6,7.999829,0.022085,100.000000,33.327590,44.8821
2.2.21,144,1024,1024,1048576,1048576,6,7.999822,0.008776,100.000000,33.348771,45.9024
2.2.22,144,1024,1024,1048576,1048576,6,7.999827,0.015623,100.000000,33.352387,45.5824
2.2.23,144,1024,1024,1048576,1048576,6,7.999833,0.004503,100.000000,33.323881,47.3644
2.2.24,144,1024,1024,1048576,1048576,6,7.999837,0.011799,100.000000,33.299940,44.5431
wash-ir,144,2250,2250,5062500,5062500,6,7.999964,0.013891,100.000000,33.314663,218.8413
4.1.01,168,256,256,65536,65536,7,7.997152,0.013294,100.000000,33.388672,3.4367
4.1.02,168,256,256,65536,65536,7,7.997240,0.018846,100.000000,33.179661,3.0537
4.1.03,168,256,256,65536,65536,7,7.997162,0.021141,100.000000,33.353900,3.5137
4.1.04,168,256,256,65536,65536,7,7.997417,0.007686,100.000000,33.404774,3.4102
4.1.05,168,256,256,65536,65536,7,7.997212,0.017484,100.000000,33.443363,3.0461
4.1.06,168,256,256,65536,65536,7,7.997135,0.005824,100.000000,33.358904,3.0015
4.1.07,168,256,256,65536,65536,7,7.997176,0.013055,100.000000,33.440960,3.2817
4.1.08,168,256,256,65536,65536,7,7.997268,0.018448,100.000000,33.279653,2.9664
4.2.01,168,512,512,262144,262144,7,7.999276,0.018888,100.000000,33.327227,12.1867
4.2.03,168,512,512,262144,262144,7,7.999284,0.004531,100.000000,33.320274,13.1633
4.2.05,168,512,512,262144,262144,7,7.999263,0.009533,100.000000,33.264074,12.6660
4.2.06,168,512,512,262144,262144,7,7.999255,0.006510,100.000000,33.297757,12.6404
4.2.07,168,512,512,262144,262144,7,7.999250,0.007177,100.000000,33.315914,12.8977
house,168,512,512,262144,262144,7,7.999299,0.005513,100.000000,33.302741,13.3224
2.1.01,168,512,512,262144,262144,7,7.999324,0.017761,100.000000,33.363768,12.2017
2.1.02,168,512,512,262144,262144,7,7.999326,0.018457,100.000000,33.369966,11.7849
2.1.03,168,512,512,262144,262144,7,7.999358,0.027635,100.000000,33.378725,12.0666
2.1.04,168,512,512,262144,262144,7,7.999298,0.004523,100.000000,33.299334,11.9587
2.1.05,168,512,512,262144,262144,7,7.999291,0.019455,100.000000,33.352973,11.6830
2.1.06,168,512,512,262144,262144,7,7.999278,0.019697,100.000000,33.294697,11.9156
2.1.07,168,512,512,262144,262144,7,7.999360,0.017770,100.000000,33.323626,12.0934
2.1.08,168,512,512,262144,262144,7,7.999291,0.009734,100.000000,33.356492,12.1389
2.1.09,168,512,512,262144,262144,7,7.999300,0.020127,100.000000,33.320818,12.1680
2.1.10,168,512,512,262144,262144,7,7.999306,0.011367,100.000000,33.317967,12.0418
2.1.11,168,512,512,262144,262144,7,7.999331,0.024753,100.000000,33.380342,12.0743
2.1.12,168,512,512,262144,262144,7,7.999303,0.011108,100.000000,33.366675,11.9168
2.2.01,168,1024,1024,1048576,1048576,7,7.999814,0.021056,100.000000,33.286633,47.9205
2.2.02,168,1024,1024,1048576,1048576,7,7.999821,0.005013,100.000000,33.379185,48.8667
2.2.03,168,1024,1024,1048576,1048576,7,7.999836,0.021225,100.000000,33.317931,51.1073
2.2.04,168,1024,1024,1048576,1048576,7,7.999828,0.016816,100.000000,33.399357,51.6171
2.2.05,168,1024,1024,1048576,1048576,7,7.999819,0.013163,100.000000,33.345674,47.5792
2.2.06,168,1024,1024,1048576,1048576,7,7.999828,0.016470,100.000000,33.324161,48.4356
2.2.07,168,1024,1024,1048576,1048576,7,7.999835,0.031743,100.000000,33.267299,48.9607
2.2.08,168,1024,1024,1048576,1048576,7,7.999817,0.018879,100.000000,33.324703,48.4296
2.2.09,168,1024,1024,1048576,1048576,7,7.999831,0.016220,100.000000,33.369937,47.8828
2.2.10,168,1024,1024,1048576,1048576,7,7.999827,0.015429,100.000000,33.354874,48.4164
2.2.11,168,1024,1024,1048576,1048576,7,7.999814,0.014448,100.000000,33.342476,48.1399
2.2.12,168,1024,1024,1048576,1048576,7,7.999822,0.008918,100.000000,33.327748,48.0337
2.2.13,168,1024,1024,1048576,1048576,7,7.999841,0.013121,100.000000,33.309657,47.9954
2.2.14,168,1024,1024,1048576,1048576,7,7.999830,0.017300,100.000000,33.356653,48.5898
2.2.15,168,1024,1024,1048576,1048576,7,7.999820,0.010761,100.000000,33.355452,48.0676
2.2.16,168,1024,1024,1048576,1048576,7,7.999839,0.009945,99.999905,33.318290,48.0230
2.2.17,168,1024,1024,1048576,1048576,7,7.999822,0.001576,100.000000,33.327563,48.4672
2.2.18,168,1024,1024,1048576,1048576,7,7.999830,0.009306,100.000000,33.308427,48.5167
2.2.19,168,1024,1024,1048576,1048576,7,7.999817,0.013424,100.000000,33.333519,50.9325
2.2.20,168,1024,1024,1048576,1048576,7,7.999829,0.016316,100.000000,33.341761,50.1772
2.2.21,168,1024,1024,1048576,1048576,7,7.999821,0.020110,100.000000,33.348810,48.6340
2.2.22,168,1024,1024,1048576,1048576,7,7.999837,0.018864,100.000000,33.328331,48.2153
2.2.23,168,1024,1024,1048576,1048576,7,7.999838,0.014196,100.000000,33.308777,47.5711
2.2.24,168,1024,1024,1048576,1048576,7,7.999821,0.025898,100.000000,33.325089,47.3206
wash-ir,168,2250,2250,5062500,5062500,7,7.999965,0.012807,100.000000,33.326803,234.0943
4.1.01,192,256,256,65536,65536,8,7.997031,0.011831,100.000000,33.430420,3.4566
4.1.02,192,256,256,65536,65536,8,7.997080,0.006236,100.000000,33.418227,3.1645
4.1.03,192,256,256,65536,65536,8,7.997178,0.021767,100.000000,33.445864,3.4823
4.1.04,192,256,256,65536,65536,8,7.997144,0.033288,100.000000,33.359860,3.5477
4.1.05,192,256,256,65536,65536,8,7.997091,0.014672,100.000000,33.297705,3.5211
4.1.06,192,256,256,65536,65536,8,7.997114,0.012147,100.000000,33.350057,3.2107
4.1.07,192,256,256,65536,65536,8,7.997261,0.013755,100.000000,33.413333,3.1350
4.1.08,192,256,256,65536,65536,8,7.997252,0.010345,100.000000,33.376494,3.3865
4.2.01,192,512,512,262144,262144,8,7.999314,0.008456,100.000000,33.284837,13.2420
4.2.03,192,512,512,262144,262144,8,7.999311,0.006302,100.000000,33.342916,13.1971
4.2.05,192,512,512,262144,262144,8,7.999348,0.009825,100.000000,33.366090,14.5069
4.2.06,192,512,512,262144,262144,8,7.999316,0.009879,100.000000,33.381770,13.2366
4.2.07,192,512,512,262144,262144,8,7.999277,0.020588,100.000000,33.219568,12.8095
house,192,512,512,262144,262144,8,7.999296,0.010485,100.000000,33.354659,12.9884
2.1.01,192,512,512,262144,262144,8,7.999287,0.020912,100.000000,33.320454,12.8448
2.1.02,192,512,512,262144,262144,8,7.999323,0.013163,100.000000,33.304946,12.6592
2.1.03,192,512,512,262144,262144,8,7.999252,0.024549,100.000000,33.366959,12.6623
2.1.04,192,512,512,262144,262144,8,7.999378,0.018904,100.000000,33.328174,12.9812
2.1.05,192,512,512,262144,262144,8,7.999318,0.006825,100.000000,33.318048,12.8739
2.1.06,192,512,512,262144,262144,8,7.999304,0.008476,100.000000,33.334982,12.6834
2.1.07,192,512,512,262144,262144,8,7.999297,0.014645,100.000000,33.358999,12.7444
2.1.08,192,512,512,262144,262144,8,7.999202,0.026008,100.000000,33.301977,12.8006
2.1.09,192,512,512,262144,262144,8,7.999312,0.033156,100.000000,33.334629,13.1692
2.1.10,192,512,512,262144,262144,8,7.999300,0.011395,100.000000,33.343028,14.4223
2.1.11,192,512,512,262144,262144,8,7.999327,0.017167,100.000000,33.397654,13.4601
2.1.12,192,512,512,262144,262144,8,7.999283,0.016337,100.000000,33.394160,13.4181
2.2.01,192,1024,1024,1048576,1048576,8,7.999826,0.013547,100.000000,33.295882,54.7294
2.2.02,192,1024,1024,1048576,1048576,8,7.999821,0.011710,100.000000,33.358802,51.8427
2.2.03,192,1024,1024,1048576,1048576,8,7.999830,0.024560,100.000000,33.331266,51.4826
2.2.04,192,1024,1024,1048576,1048576,8,7.999837,0.014988,100.000000,33.323235,52.8905
2.2.05,192,1024,1024,1048576,1048576,8,7.999821,0.025939,100.000000,33.344833,53.3941
2.2.06,192,1024,1024,1048576,1048576,8,7.999817,0.032240,100.000000,33.316427,52.6705
2.2.07,192,1024,1024,1048576,1048576,8,7.999823,0.020225,100.000000,33.326488,53.0557
2.2.08,192,1024,1024,1048576,1048576,8,7.999830,0.012631,100.000000,33.328511,52.2582
2.2.09,192,1024,1024,1048576,1048576,8,7.999831,0.006252,100.000000,33.310293,52.3981
2.2.10,192,1024,1024,1048576,1048576,8,7.999840,0.017351,100.000000,33.289423,51.7506
2.2.11,192,1024,1024,1048576,1048576,8,7.999833,0.018217,100.000000,33.343849,51.3833
2.2.12,192,1024,1024,1048576,1048576,8,7.999815,0.030802,100.000000,33.330216,51.3720
2.2.13,192,1024,1024,1048576,1048576,8,7.999817,0.015614,100.000000,33.327585,54.0369
2.2.14,192,1024,1024,1048576,1048576,8,7.999832,0.019986,100.000000,33.304851,51.9076
2.2.15,192,1024,1024,1048576,1048576,8,7.999833,0.009489,100.000000,33.313387,52.8105
2.2.16,192,1024,1024,1048576,1048576,8,7.999827,0.005890,99.999905,33.361480,54.1254
2.2.17,192,1024,1024,1048576,1048576,8,7.999829,0.020041,100.000000,33.336968,54.3203
2.2.18,192,1024,1024,1048576,1048576,8,7.999828,0.006440,100.000000,33.346825,51.7885
2.2.19,192,1024,1024,1048576,1048576,8,7.999817,0.014054,100.000000,33.360310,50.8512
2.2.20,192,1024,1024,1048576,1048576,8,7.999837,0.019331,100.000000,33.308776,51.2862
2.2.21,192,1024,1024,1048576,1048576,8,7.999834,0.018532,100.000000,33.330896,52.3371
2.2.22,192,1024,1024,1048576,1048576,8,7.999825,0.022814,100.000000,33.326822,50.5450
2.2.23,192,1024,1024,1048576,1048576,8,7.999821,0.009909,100.000000,33.368487,51.9529
2.2.24,192,1024,1024,1048576,1048576,8,7.999806,0.016848,100.000000,33.340875,51.4009
wash-ir,192,2250,2250,5062500,5062500,8,7.999962,0.009140,100.000000,33.342208,251.0811
4.1.01,216,256,256,65536,65536,9,7.997218,0.008829,100.000000,33.219140,3.7847
4.1.02,216,256,256,65536,65536,9,7.997221,0.032196,100.000000,33.264701,3.6636
4.1.03,216,256,256,65536,65536,9,7.997108,0.008862,100.000000,33.344954,3.6034
4.1.04,216,256,256,65536,65536,9,7.997281,0.025343,100.000000,33.405472,3.8963
4.1.05,216,256,256,65536,65536,9,7.997113,0.012232,100.000000,33.328091,3.9365
4.1.06,216,256,256,65536,65536,9,7.996998,0.022891,100.000000,33.380378,3.5124
4.1.07,216,256,256,65536,65536,9,7.997228,0.013501,100.000000,33.242918,3.9014
4.1.08,216,256,256,65536,65536,9,7.997169,0.009364,100.000000,33.352908,3.7950
4.2.01,216,512,512,262144,262144,9,7.999279,0.022068,100.000000,33.335731,13.5546
4.2.03,216,512,512,262144,262144,9,7.999359,0.005777,100.000000,33.309562,13.7077
4.2.05,216,512,512,262144,262144,9,7.999319,0.021258,100.000000,33.359456,13.1735
4.2.06,216,512,512,262144,262144,9,7.999291,0.014958,100.000000,33.372468,13.4627
4.2.07,216,512,512,262144,262144,9,7.999278,0.017778,100.000000,33.355884,13.4372
house,216,512,512,262144,262144,9,7.999255,0.013117,100.000000,33.359632,13.3487
2.1.01,216,512,512,262144,262144,9,7.999318,0.033527,100.000000,33.375906,13.5482
2.1.02,216,512,512,262144,262144,9,7.999296,0.013694,100.000000,33.368816,13.2719
2.1.03,216,512,512,262144,262144,9,7.999323,0.016657,100.000000,33.343887,13.5345
2.1.04,216,512,512,262144,262144,9,7.999253,0.006330,100.000000,33.345926,14.7323
2.1.05,216,512,512,262144,262144,9,7.999285,0.012968,100.000000,33.319062,14.2526
2.1.06,216,512,512,262144,262144,9,7.999297,0.019367,100.000000,33.301862,13.7342
2.1.07,216,512,512,262144,262144,9,7.999321,0.027017,100.000000,33.258395,14.2874
2.1.08,216,512,512,262144,262144,9,7.999315,0.024323,100.000000,33.290332,13.7686
2.1.09,216,512,512,262144,262144,9,7.999275,0.012691,100.000000,33.405506,13.7639
2.1.10,216,512,512,262144,262144,9,7.999257,0.016250,100.000000,33.302129,15.1014
2.1.11,216,512,512,262144,262144,9,7.999334,0.008157,100.000000,33.360161,13.6166
2.1.12,216,512,512,262144,262144,9,7.999254,0.006003,100.000000,33.342446,13.4413
2.2.01,216,1024,1024,1048576,1048576,9,7.999844,0.006221,100.000000,33.297633,55.5062
2.2.02,216,1024,1024,1048576,1048576,9,7.999807,0.022024,100.000000,33.316421,54.8198
2.2.03,216,1024,1024,1048576,1048576,9,7.999839,0.032733,100.000000,33.320066,54.3482
2.2.04,216,1024,1024,1048576,1048576,9,7.999827,0.011655,100.000000,33.302014,55.7209
2.2.05,216,1024,1024,1048576,1048576,9,7.999819,0.024100,99.999905,33.360423,55.2156
2.2.06,216,1024,1024,1048576,1048576,9,7.999823,0.013852,100.000000,33.343304,54.2792
2.2.07,216,1024,1024,1048576,1048576,9,7.999820,0.011030,100.000000,33.354452,58.1462
2.2.08,216,1024,1024,1048576,1048576,9,7.999826,0.018356,100.000000,33.307799,56.7561
2.2.09,216,1024,1024,1048576,1048576,9,7.999803,0.015915,100.000000,33.371965,56.3477
2.2.10,216,1024,1024,1048576,1048576,9,7.999813,0.004967,100.000000,33.318291,56.1547
2.2.11,216,1024,1024,1048576,1048576,9,7.999819,0.004257,100.000000,33.347659,57.5836
2.2.12,216,1024,1024,1048576,1048576,9,7.999821,0.011905,100.000000,33.319402,56.7252
2.2.13,216,1024,1024,1048576,1048576,9,7.999836,0.008618,100.000000,33.339930,57.6414
2.2.14,216,1024,1024,1048576,1048576,9,7.999819,0.016855,100.000000,33.371958,56.9566
2.2.15,216,1024,1024,1048576,1048576,9,7.999831,0.013890,100.000000,33.306830,57.3092
2.2.16,216,1024,1024,1048576,1048576,9,7.999811,0.015269,100.000000,33.314883,54.9043
2.2.17,216,1024,1024,1048576,1048576,9,7.999822,0.029665,100.000000,33.315624,55.3549
2.2.18,216,1024,1024,1048576,1048576,9,7.999827,0.013480,100.000000,33.319325,54.6809
2.2.19,216,1024,1024,1048576,1048576,9,7.999818,0.028723,100.000000,33.300180,55.0889
2.2.20,216,1024,1024,1048576,1048576,9,7.999831,0.014877,100.000000,33.320992,54.1631
2.2.21,216,1024,1024,1048576,1048576,9,7.999826,0.021514,100.000000,33.363784,54.5979
2.2.22,216,1024,1024,1048576,1048576,9,7.999825,0.016851,100.000000,33.350568,54.0376
2.2.23,216,1024,1024,1048576,1048576,9,7.999817,0.015263,100.000000,33.334435,55.0925
2.2.24,216,1024,1024,1048576,1048576,9,7.999812,0.010891,100.000000,33.350362,55.2615
wash-ir,216,2250,2250,5062500,5062500,9,7.999963,0.009830,99.999980,33.332371,266.7652
4.1.01,240,256,256,65536,65536,10,7.997344,0.008941,100.000000,33.192734,3.6291
4.1.02,240,256,256,65536,65536,10,7.997111,0.015009,100.000000,33.323853,3.5407
4.1.03,240,256,256,65536,65536,10,7.997180,0.015569,100.000000,33.431083,3.5300
4.1.04,240,256,256,65536,65536,10,7.997107,0.011794,100.000000,33.253321,3.5379
4.1.05,240,256,256,65536,65536,10,7.997462,0.007174,100.000000,33.294920,3.4795
4.1.06,240,256,256,65536,65536,10,7.997479,0.019286,100.000000,33.354453,3.5359
4.1.07,240,256,256,65536,65536,10,7.997221,0.006382,100.000000,33.350157,3.5292
4.1.08,240,256,256,65536,65536,10,7.997028,0.012787,100.000000,33.503934,3.5520
4.2.01,240,512,512,262144,262144,10,7.999338,0.015071,100.000000,33.332795,14.6018
4.2.03,240,512,512,262144,262144,10,7.999354,0.017255,100.000000,33.349110,14.6533
4.2.05,240,512,512,262144,262144,10,7.999308,0.014594,100.000000,33.321994,14.2706
4.2.06,240,512,512,262144,262144,10,7.999318,0.017744,100.000000,33.261339,14.3651
4.2.07,240,512,512,262144,262144,10,7.999294,0.005927,100.000000,33.399354,14.0928
house,240,512,512,262144,262144,10,7.999331,0.011495,100.000000,33.345520,14.7964
2.1.01,240,512,512,262144,262144,10,7.999210,0.009308,100.000000,33.264312,14.4196
2.1.02,240,512,512,262144,262144,10,7.999295,0.020018,100.000000,33.361439,14.4335
2.1.03,240,512,512,262144,262144,10,7.999321,0.010305,100.000000,33.306120,14.2958
2.1.04,240,512,512,262144,262144,10,7.999299,0.018610,100.000000,33.405738,14.4771
2.1.05,240,512,512,262144,262144,10,7.999311,0.008635,100.000000,33.342711,14.9568
2.1.06,240,512,512,262144,262144,10,7.999304,0.012287,100.000000,33.306532,14.4774
2.1.07,240,512,512,262144,262144,10,7.999322,0.012925,100.000000,33.451684,14.7976
2.1.08,240,512,512,262144,262144,10,7.999275,0.014180,100.000000,33.317437,14.7128
2.1.09,240,512,512,262144,262144,10,7.999335,0.019191,100.000000,33.350292,14.3158
2.1.10,240,512,512,262144,262144,10,7.999274,0.014497,100.000000,33.320407,15.0839
2.1.11,240,512,512,262144,262144,10,7.999363,0.003554,100.000000,33.325131,15.4695
2.1.12,240,512,512,262144,262144,10,7.999250,0.027763,100.000000,33.367855,16.3083
2.2.01,240,1024,1024,1048576,1048576,10,7.999828,0.014758,100.000000,33.283627,59.2083
2.2.02,240,1024,1024,1048576,1048576,10,7.999819,0.012133,100.000000,33.316310,59.7822
2.2.03,240,1024,1024,1048576,1048576,10,7.999825,0.007260,100.000000,33.337772,59.3771
2.2.04,240,1024,1024,1048576,1048576,10,7.999821,0.005605,100.000000,33.294577,59.6818
2.2.05,240,1024,1024,1048576,1048576,10,7.999823,0.030567,100.000000,33.293978,58.2097
2.2.06,240,1024,1024,1048576,1048576,10,7.999817,0.015564,100.000000,33.325707,58.6686
2.2.07,240,1024,1024,1048576,1048576,10,7.999831,0.016746,100.000000,33.338187,59.3135
2.2.08,240,1024,1024,1048576,1048576,10,7.999825,0.006341,100.000000,33.336603,58.4020
2.2.09,240,1024,1024,1048576,1048576,10,7.999836,0.012991,100.000000,33.285351,58.9461
2.2.10,240,1024,1024,1048576,1048576,10,7.999805,0.004038,100.000000,33.323035,59.2805
2.2.11,240,1024,1024,1048576,1048576,10,7.999816,0.006082,100.000000,33.351736,58.8614
2.2.12,240,1024,1024,1048576,1048576,10,7.999817,0.026562,100.000000,33.320461,54.1599
2.2.13,240,1024,1024,1048576,1048576,10,7.999832,0.007868,100.000000,33.365228,59.2883
2.2.14,240,1024,1024,1048576,1048576,10,7.999814,0.023654,100.000000,33.380251,60.6224
2.2.15,240,1024,1024,1048576,1048576,10,7.999826,0.015827,100.000000,33.330464,59.2484
2.2.16,240,1024,1024,1048576,1048576,10,7.999829,0.009651,100.000000,33.356670,58.6906
2.2.17,240,1024,1024,1048576,1048576,10,7.999836,0.022123,100.000000,33.366204,58.5611
2.2.18,240,1024,1024,1048576,1048576,10,7.999815,0.005121,99.999905,33.300203,61.0731
2.2.19,240,1024,1024,1048576,1048576,10,7.999806,0.011997,100.000000,33.341887,59.3802
2.2.20,240,1024,1024,1048576,1048576,10,7.999826,0.012837,100.000000,33.343488,31.6397
2.2.21,240,1024,1024,1048576,1048576,10,7.999826,0.014884,100.000000,33.350731,32.3277
2.2.22,240,1024,1024,1048576,1048576,10,7.999823,0.010774,100.000000,33.320977,33.3885
2.2.23,240,1024,1024,1048576,1048576,10,7.999815,0.011383,100.000000,33.333525,34.5539
2.2.24,240,1024,1024,1048576,1048576,10,7.999818,0.015929,100.000000,33.302985,50.3883
wash-ir,240,2250,2250,5062500,5062500,10,7.999963,0.013779,99.999960,33.338014,282.9232
4.1.01,264,256,256,65536,65536,11,7.997118,0.022508,100.000000,33.360403,4.1684
4.1.02,264,256,256,65536,65536,11,7.997557,0.006509,100.000000,33.337825,4.0525
4.1.03,264,256,256,65536,65536,11,7.997286,0.013849,100.000000,33.287043,4.0905
4.1.04,264,256,256,65536,65536,11,7.997304,0.005296,100.000000,33.400662,3.9610
4.1.05,264,256,256,65536,65536,11,7.997231,0.006174,100.000000,33.361692,3.9335
4.1.06,264,256,256,65536,65536,11,7.997016,0.008268,100.000000,33.238485,3.9292
4.1.07,264,256,256,65536,65536,11,7.996976,0.021424,100.000000,33.302302,4.0552
4.1.08,264,256,256,65536,65536,11,7.997293,0.035826,100.000000,33.374173,3.9475
4.2.01,264,512,512,262144,262144,11,7.999342,0.007907,100.000000,33.378856,16.0718
4.2.03,264,512,512,262144,262144,11,7.999283,0.011980,100.000000,33.376685,16.8200
4.2.05,264,512,512,262144,262144,11,7.999259,0.003008,100.000000,33.338227,17.0866
4.2.06,264,512,512,262144,262144,11,7.999379,0.015875,100.000000,33.322298,16.2659
4.2.07,264,512,512,262144,262144,11,7.999330,0.025154,100.000000,33.327017,16.6055
house,264,512,512,262144,262144,11,7.999389,0.009775,100.000000,33.275056,16.7554
2.1.01,264,512,512,262144,262144,11,7.999320,0.022033,100.000000,33.375511,16.3669
2.1.02,264,512,512,262144,262144,11,7.999316,0.015796,100.000000,33.268181,16.5635
2.1.03,264,512,512,262144,262144,11,7.999339,0.011600,100.000000,33.288083,16.6995
2.1.04,264,512,512,262144,262144,11,7.999288,0.014142,100.000000,33.397798,16.4418
2.1.05,264,512,512,262144,262144,11,7.999263,0.003519,100.000000,33.308889,16.4556
2.1.06,264,512,512,262144,262144,11,7.999345,0.009332,100.000000,33.277085,17.1870
2.1.07,264,512,512,262144,262144,11,7.999311,0.011052,100.000000,33.288529,16.7541
2.1.08,264,512,512,262144,262144,11,7.999298,0.009945,100.000000,33.313592,16.2340
2.1.09,264,512,512,262144,262144,11,7.999240,0.007595,100.000000,33.359351,16.2742
2.1.10,264,512,512,262144,262144,11,7.999269,0.031090,100.000000,33.370682,17.2920
2.1.11,264,512,512,262144,262144,11,7.999242,0.012057,100.000000,33.390658,16.4819
2.1.12,264,512,512,262144,262144,11,7.999322,0.026659,100.000000,33.368186,16.2727
2.2.01,264,1024,1024,1048576,1048576,11,7.999812,0.018596,99.999905,33.335935,66.9732
2.2.02,264,1024,1024,1048576,1048576,11,7.999806,0.003576,100.000000,33.314698,65.5073
2.2.03,264,1024,1024,1048576,1048576,11,7.999822,0.014893,99.999905,33.388885,66.0804
2.2.04,264,1024,1024,1048576,1048576,11,7.999827,0.017656,100.000000,33.347248,67.2269
2.2.05,264,1024,1024,1048576,1048576,11,7.999814,0.014085,100.000000,33.310913,66.6857
2.2.06,264,1024,1024,1048576,1048576,11,7.999832,0.027914,100.000000,33.311083,66.5480
2.2.07,264,1024,1024,1048576,1048576,11,7.999818,0.013683,100.000000,33.354696,67.1444
2.2.08,264,1024,1024,1048576,1048576,11,7.999811,0.023154,100.000000,33.327118,65.7119
2.2.09,264,1024,1024,1048576,1048576,11,7.999834,0.020624,100.000000,33.327626,66.5827
2.2.10,264,1024,1024,1048576,1048576,11,7.999832,0.012451,100.000000,33.361076,66.3136
2.2.11,264,1024,1024,1048576,1048576,11,7.999821,0.011279,100.000000,33.311123,66.0619
2.2.12,264,1024,1024,1048576,1048576,11,7.999819,0.017624,100.000000,33.298856,66.5887
2.2.13,264,1024,1024,1048576,1048576,11,7.999842,0.027978,100.000000,33.344198,65.6513
2.2.14,264,1024,1024,1048576,1048576,11,7.999828,0.012037,100.000000,33.327116,66.1690
2.2.15,264,1024,1024,1048576,1048576,11,7.999829,0.020703,100.000000,33.275255,65.7017
2.2.16,264,1024,1024,1048576,1048576,11,7.999826,0.005722,100.000000,33.373084,66.1835
2.2.17,264,1024,1024,1048576,1048576,11,7.999821,0.006290,100.000000,33.345710,63.7792
2.2.18,264,1024,1024,1048576,1048576,11,7.999835,0.012746,100.000000,33.349433,66.2966
2.2.19,264,1024,1024,1048576,1048576,11,7.999822,0.019371,100.000000,33.369186,65.2601
2.2.20,264,1024,1024,1048576,1048576,11,7.999815,0.009638,100.000000,33.310818,65.3198
2.2.21,264,1024,1024,1048576,1048576,11,7.999828,0.016723,99.999905,33.350610,64.1374
2.2.22,264,1024,1024,1048576,1048576,11,7.999820,0.006486,100.000000,33.322448,66.4686
2.2.23,264,1024,1024,1048576,1048576,11,7.999825,0.019085,100.000000,33.331450,65.6609
2.2.24,264,1024,1024,1048576,1048576,11,7.999817,0.011867,99.999905,33.306310,65.6629
wash-ir,264,2250,2250,5062500,5062500,11,7.999965,0.001965,100.000000,33.326239,317.3115
4.1.01,288,256,256,65536,65536,12,7.997278,0.009618,100.000000,33.271917,4.9926
4.1.02,288,256,256,65536,65536,12,7.997147,0.006813,100.000000,33.291622,4.7708
4.1.03,288,256,256,65536,65536,12,7.997088,0.025792,100.000000,33.271360,4.5034
4.1.04,288,256,256,65536,65536,12,7.997067,0.009433,100.000000,33.298753,4.3071
4.1.05,288,256,256,65536,65536,12,7.997106,0.010800,100.000000,33.443171,4.2458
4.1.06,288,256,256,65536,65536,12,7.996836,0.005972,100.000000,33.336572,4.2763
4.1.07,288,256,256,65536,65536,12,7.997363,0.021479,100.000000,33.491711,4.2641
4.1.08,288,256,256,65536,65536,12,7.997275,0.024252,100.000000,33.369555,4.3678
4.2.01,288,512,512,262144,262144,12,7.999284,0.031223,100.000000,33.335694,17.6135
4.2.03,288,512,512,262144,262144,12,7.999260,0.019832,100.000000,33.302169,17.5369
4.2.05,288,512,512,262144,262144,12,7.999281,0.007140,100.000000,33.386143,17.6294
4.2.06,288,512,512,262144,262144,12,7.999349,0.012594,100.000000,33.401803,17.2666
4.2.07,288,512,512,262144,262144,12,7.999273,0.020397,100.000000,33.329046,17.3160
house,288,512,512,262144,262144,12,7.999311,0.013185,100.000000,33.310582,17.4774
2.1.01,288,512,512,262144,262144,12,7.999279,0.009693,100.000000,33.292973,17.8450
2.1.02,288,512,512,262144,262144,12,7.999234,0.013581,100.000000,33.384907,18.3722
2.1.03,288,512,512,262144,262144,12,7.999223,0.013845,100.000000,33.370829,17.6217
2.1.04,288,512,512,262144,262144,12,7.999298,0.012100,100.000000,33.435261,17.9068
2.1.05,288,512,512,262144,262144,12,7.999283,0.014431,100.000000,33.375315,17.4690
2.1.06,288,512,512,262144,262144,12,7.999310,0.018337,100.000000,33.329227,17.5722
2.1.07,288,512,512,262144,262144,12,7.999300,0.003477,100.000000,33.312887,17.1956
2.1.08,288,512,512,262144,262144,12,7.999331,0.027663,100.000000,33.368888,17.2870
2.1.09,288,512,512,262144,262144,12,7.999306,0.026253,100.000000,33.312105,17.3459
2.1.10,288,512,512,262144,262144,12,7.999304,0.020571,100.000000,33.368080,17.3964
2.1.11,288,512,512,262144,262144,12,7.999231,0.016754,100.000000,33.288198,17.9796
2.1.12,288,512,512,262144,262144,12,7.999241,0.015379,100.000000,33.342184,17.8445
2.2.01,288,1024,1024,1048576,1048576,12,7.999814,0.007797,100.000000,33.304618,69.6844
2.2.02,288,1024,1024,1048576,1048576,12,7.999827,0.006108,100.000000,33.262775,72.8878
2.2.03,288,1024,1024,1048576,1048576,12,7.999817,0.018682,100.000000,33.302613,71.0058
2.2.04,288,1024,1024,1048576,1048576,12,7.999813,0.008873,100.000000,33.366536,71.4079
2.2.05,288,1024,1024,1048576,1048576,12,7.999816,0.011315,100.000000,33.344838,71.0023
2.2.06,288,1024,1024,1048576,1048576,12,7.999828,0.015047,100.000000,33.357909,70.7347
2.2.07,288,1024,1024,1048576,1048576,12,7.999821,0.013762,100.000000,33.364380,69.8191
2.2.08,288,1024,1024,1048576,1048576,12,7.999824,0.007389,99.999905,33.316724,70.5436
2.2.09,288,1024,1024,1048576,1048576,12,7.999828,0.011726,100.000000,33.363096,69.8000
2.2.10,288,1024,1024,1048576,1048576,12,7.999821,0.005801,100.000000,33.338616,70.0306
2.2.11,288,1024,1024,1048576,1048576,12,7.999821,0.018054,100.000000,33.359228,69.9222
2.2.12,288,1024,1024,1048576,1048576,12,7.999837,0.011602,100.000000,33.337669,72.0594
2.2.13,288,1024,1024,1048576,1048576,12,7.999829,0.024739,100.000000,33.329858,70.1677
2.2.14,288,1024,1024,1048576,1048576,12,7.999819,0.015025,100.000000,33.364442,38.0919
2.2.15,288,1024,1024,1048576,1048576,12,7.999810,0.016670,100.000000,33.321339,38.5849
2.2.16,288,1024,1024,1048576,1048576,12,7.999834,0.014497,100.000000,33.289892,38.8935
2.2.17,288,1024,1024,1048576,1048576,12,7.999834,0.012279,100.000000,33.320985,40.3529
2.2.18,288,1024,1024,1048576,1048576,12,7.999816,0.011810,100.000000,33.288521,53.6478
2.2.19,288,1024,1024,1048576,1048576,12,7.999833,0.014693,100.000000,33.339697,62.2826
2.2.20,288,1024,1024,1048576,1048576,12,7.999821,0.011664,99.999905,33.328761,73.2574
2.2.21,288,1024,1024,1048576,1048576,12,7.999825,0.018533,100.000000,33.308096,74.2391
2.2.22,288,1024,1024,1048576,1048576,12,7.999826,0.005663,100.000000,33.354091,38.3268
2.2.23,288,1024,1024,1048576,1048576,12,7.999814,0.009715,100.000000,33.332029,38.4183
2.2.24,288,1024,1024,1048576,1048576,12,7.999829,0.016643,100.000000,33.368354,40.0270
wash-ir,288,2250,2250,5062500,5062500,12,7.999968,0.009991,99.999960,33.335187,314.5788
4.1.01,312,256,256,65536,65536,13,7.997316,0.016915,100.000000,33.379729,4.7592
4.1.02,312,256,256,65536,65536,13,7.997013,0.017973,100.000000,33.140322,4.7425
4.1.03,312,256,256,65536,65536,13,7.996997,0.014123,100.000000,33.504353,4.4919
4.1.04,312,256,256,65536,65536,13,7.997182,0.024750,100.000000,33.372039,4.4810
4.1.05,312,256,256,65536,65536,13,7.997384,0.012287,100.000000,33.329044,4.5830
4.1.06,312,256,256,65536,65536,13,7.997295,0.011107,100.000000,33.388243,4.7941
4.1.07,312,256,256,65536,65536,13,7.997114,0.020528,100.000000,33.357217,4.5199
4.1.08,312,256,256,65536,65536,13,7.997267,0.016691,100.000000,33.429262,4.6454
4.2.01,312,512,512,262144,262144,13,7.999295,0.007146,100.000000,33.290084,18.2654
4.2.03,312,512,512,262144,262144,13,7.999262,0.015048,100.000000,33.296288,18.6374
4.2.05,312,512,512,262144,262144,13,7.999322,0.009986,100.000000,33.368476,18.6904
4.2.06,312,512,512,262144,262144,13,7.999292,0.020403,100.000000,33.352705,18.1601
4.2.07,312,512,512,262144,262144,13,7.999337,0.015709,100.000000,33.317768,18.3985
house,312,512,512,262144,262144,13,7.999281,0.009275,100.000000,33.395964,18.4354
2.1.01,312,512,512,262144,262144,13,7.999304,0.008518,100.000000,33.373003,19.0473
2.1.02,312,512,512,262144,262144,13,7.999296,0.014452,100.000000,33.319596,18.7543
2.1.03,312,512,512,262144,262144,13,7.999248,0.016037,100.000000,33.379514,19.1966
2.1.04,312,512,512,262144,262144,13,7.999315,0.024637,100.000000,33.352802,18.3434
2.1.05,312,512,512,262144,262144,13,7.999265,0.013237,100.000000,33.418704,19.0975
2.1.06,312,512,512,262144,262144,13,7.999246,0.008447,100.000000,33.369126,18.3610
2.1.07,312,512,512,262144,262144,13,7.999264,0.025576,100.000000,33.346441,19.1843
2.1.08,312,512,512,262144,262144,13,7.999307,0.015438,100.000000,33.231982,18.2877
2.1.09,312,512,512,262144,262144,13,7.999287,0.019168,100.000000,33.370809,18.6145
2.1.10,312,512,512,262144,262144,13,7.999299,0.009888,99.999619,33.351468,17.9596
2.1.11,312,512,512,262144,262144,13,7.999322,0.008427,100.000000,33.356682,18.9360
2.1.12,312,512,512,262144,262144,13,7.999368,0.016408,100.000000,33.292433,18.0805
2.2.01,312,1024,1024,1048576,1048576,13,7.999825,0.026329,100.000000,33.319912,72.9391
2.2.02,312,1024,1024,1048576,1048576,13,7.999818,0.016599,100.000000,33.307080,73.5072
2.2.03,312,1024,1024,1048576,1048576,13,7.999824,0.015428,100.000000,33.367960,73.4032
2.2.04,312,1024,1024,1048576,1048576,13,7.999815,0.020487,100.000000,33.343113,75.3705
2.2.05,312,1024,1024,1048576,1048576,13,7.999839,0.014117,100.000000,33.339971,73.5830
2.2.06,312,1024,1024,1048576,1048576,13,7.999829,0.008374,100.000000,33.342756,73.4642
2.2.07,312,1024,1024,1048576,1048576,13,7.999823,0.011733,100.000000,33.344388,74.2970
2.2.08,312,1024,1024,1048576,1048576,13,7.999817,0.005206,100.000000,33.332017,72.7247
2.2.09,312,1024,1024,1048576,1048576,13,7.999816,0.015218,100.000000,33.333754,72.2397
2.2.10,312,1024,1024,1048576,1048576,13,7.999835,0.018506,100.000000,33.345948,75.2294
2.2.11,312,1024,1024,1048576,1048576,13,7.999820,0.013731,100.000000,33.334537,75.2583
2.2.12,312,1024,1024,1048576,1048576,13,7.999823,0.013033,100.000000,33.355457,72.6380
2.2.13,312,1024,1024,1048576,1048576,13,7.999830,0.015771,100.000000,33.337552,75.2890
2.2.14,312,1024,1024,1048576,1048576,13,7.999830,0.002768,100.000000,33.316255,75.0335
2.2.15,312,1024,1024,1048576,1048576,13,7.999835,0.010148,99.999905,33.325080,73.8831
2.2.16,312,1024,1024,1048576,1048576,13,7.999835,0.023385,100.000000,33.337998,73.7213
2.2.17,312,1024,1024,1048576,1048576,13,7.999820,0.018138,100.000000,33.301324,72.3237
2.2.18,312,1024,1024,1048576,1048576,13,7.999825,0.007022,100.000000,33.355240,72.7787
2.2.19,312,1024,1024,1048576,1048576,13,7.999802,0.015563,100.000000,33.315907,72.7879
2.2.20,312,1024,1024,1048576,1048576,13,7.999828,0.015848,100.000000,33.375171,73.5395
2.2.21,312,1024,1024,1048576,1048576,13,7.999828,0.033229,100.000000,33.375810,72.8170
2.2.22,312,1024,1024,1048576,1048576,13,7.999833,0.020384,100.000000,33.333926,73.0682
2.2.23,312,1024,1024,1048576,1048576,13,7.999835,0.012052,100.000000,33.345053,41.0819
2.2.24,312,1024,1024,1048576,1048576,13,7.999827,0.014453,100.000000,33.328470,41.8942
wash-ir,312,2250,2250,5062500,5062500,13,7.999964,0.022056,100.000000,33.325819,337.6168
4.1.01,336,256,256,65536,65536,14,7.996984,0.017590,100.000000,33.391327,4.7098
4.1.02,336,256,256,65536,65536,14,7.997363,0.007239,100.000000,33.315431,4.7278
4.1.03,336,256,256,65536,65536,14,7.997109,0.012818,100.000000,33.291949,4.7545
4.1.04,336,256,256,65536,65536,14,7.997117,0.026834,100.000000,33.388726,4.6103
4.1.05,336,256,256,65536,65536,14,7.996934,0.015389,100.000000,33.422204,4.8533
4.1.06,336,256,256,65536,65536,14,7.997292,0.008077,100.000000,33.285474,4.9925
4.1.07,336,256,256,65536,65536,14,7.997251,0.015682,100.000000,33.210487,4.9013
4.1.08,336,256,256,65536,65536,14,7.997244,0.019093,100.000000,33.264479,4.9185
4.2.01,336,512,512,262144,262144,14,7.999380,0.021940,100.000000,33.255932,19.1132
4.2.03,336,512,512,262144,262144,14,7.999285,0.018279,100.000000,33.307610,19.0957
4.2.05,336,512,512,262144,262144,14,7.999318,0.014248,100.000000,33.284377,19.5805
4.2.06,336,512,512,262144,262144,14,7.999314,0.007695,100.000000,33.353773,18.5390
4.2.07,336,512,512,262144,262144,14,7.999293,0.008637,100.000000,33.368540,18.4777
house,336,512,512,262144,262144,14,7.999311,0.020602,100.000000,33.332513,18.8930
2.1.01,336,512,512,262144,262144,14,7.999291,0.013617,100.000000,33.313206,19.1657
2.1.02,336,512,512,262144,262144,14,7.999253,0.008684,100.000000,33.286963,19.2101
2.1.03,336,512,512,262144,262144,14,7.999330,0.013201,100.000000,33.234067,18.9690
2.1.04,336,512,512,262144,262144,14,7.999268,0.021635,100.000000,33.385036,18.7602
2.1.05,336,512,512,262144,262144,14,7.999318,0.014195,100.000000,33.279319,18.8994
2.1.06,336,512,512,262144,262144,14,7.999211,0.007441,100.000000,33.314863,19.6419
2.1.07,336,512,512,262144,262144,14,7.999254,0.020714,100.000000,33.335181,19.4824
2.1.08,336,512,512,262144,262144,14,7.999320,0.015163,100.000000,33.412695,20.1139
2.1.09,336,512,512,262144,262144,14,7.999240,0.012936,100.000000,33.295893,20.0603
2.1.10,336,512,512,262144,262144,14,7.999221,0.008281,100.000000,33.413351,21.0311
2.1.11,336,512,512,262144,262144,14,7.999245,0.015378,100.000000,33.355606,20.8540
2.1.12,336,512,512,262144,262144,14,7.999284,0.009805,100.000000,33.360988,19.9581
2.2.01,336,1024,1024,1048576,1048576,14,7.999832,0.014214,100.000000,33.365891,77.4975
2.2.02,336,1024,1024,1048576,1048576,14,7.999830,0.013360,100.000000,33.325935,78.1463
2.2.03,336,1024,1024,1048576,1048576,14,7.999833,0.027552,100.000000,33.313195,77.5793
2.2.04,336,1024,1024,1048576,1048576,14,7.999826,0.013465,100.000000,33.321905,76.2916
2.2.05,336,1024,1024,1048576,1048576,14,7.999824,0.011446,100.000000,33.326855,79.5304
2.2.06,336,1024,1024,1048576,1048576,14,7.999819,0.007702,100.000000,33.305230,76.0575
2.2.07,336,1024,1024,1048576,1048576,14,7.999815,0.020685,100.000000,33.346024,77.8380
2.2.08,336,1024,1024,1048576,1048576,14,7.999825,0.019364,100.000000,33.325166,80.8303
2.2.09,336,1024,1024,1048576,1048576,14,7.999827,0.006363,100.000000,33.307411,78.0779
2.2.10,336,1024,1024,1048576,1048576,14,7.999846,0.007231,100.000000,33.344081,76.8851
2.2.11,336,1024,1024,1048576,1048576,14,7.999832,0.011847,99.999905,33.330098,79.8158
2.2.12,336,1024,1024,1048576,1048576,14,7.999823,0.011475,100.000000,33.325618,78.1466
2.2.13,336,1024,1024,1048576,1048576,14,7.999823,0.013948,100.000000,33.346068,76.9452
2.2.14,336,1024,1024,1048576,1048576,14,7.999826,0.007541,99.999905,33.270299,79.6768
2.2.15,336,1024,1024,1048576,1048576,14,7.999819,0.006396,100.000000,33.315717,78.9644
2.2.16,336,1024,1024,1048576,1048576,14,7.999839,0.017630,100.000000,33.336417,55.3335
2.2.17,336,1024,1024,1048576,1048576,14,7.999815,0.017015,100.000000,33.344704,71.7785
2.2.18,336,1024,1024,1048576,1048576,14,7.999830,0.021566,100.000000,33.307400,79.9619
2.2.19,336,1024,1024,1048576,1048576,14,7.999837,0.006530,100.000000,33.309025,80.8081
2.2.20,336,1024,1024,1048576,1048576,14,7.999838,0.020108,99.999905,33.342607,44.0736
2.2.21,336,1024,1024,1048576,1048576,14,7.999831,0.010974,100.000000,33.329120,56.0432
2.2.22,336,1024,1024,1048576,1048576,14,7.999819,0.012107,100.000000,33.314240,71.9848
2.2.23,336,1024,1024,1048576,1048576,14,7.999815,0.007294,100.000000,33.339517,79.8264
2.2.24,336,1024,1024,1048576,1048576,14,7.999821,0.022889,100.000000,33.332355,43.2485
wash-ir,336,2250,2250,5062500,5062500,14,7.999966,0.006299,100.000000,33.355142,289.5429
4.1.01,360,256,256,65536,65536,15,7.997393,0.025394,100.000000,33.368915,5.7076
4.1.02,360,256,256,65536,65536,15,7.997376,0.014775,100.000000,33.357037,5.9149
4.1.03,360,256,256,65536,65536,15,7.997228,0.021710,100.000000,33.221940,5.0217
4.1.04,360,256,256,65536,65536,15,7.997138,0.011519,100.000000,33.176870,5.0205
4.1.05,360,256,256,65536,65536,15,7.996985,0.020016,100.000000,33.379177,5.1538
4.1.06,360,256,256,65536,65536,15,7.997069,0.008834,100.000000,33.368658,5.3742
4.1.07,360,256,256,65536,65536,15,7.996929,0.027980,100.000000,33.305402,5.0678
4.1.08,360,256,256,65536,65536,15,7.997128,0.011665,100.000000,33.342424,5.0292
4.2.01,360,512,512,262144,262144,15,7.999349,0.011523,100.000000,33.349047,20.1836
4.2.03,360,512,512,262144,262144,15,7.999297,0.033260,100.000000,33.339802,20.4820
4.2.05,360,512,512,262144,262144,15,7.999234,0.012117,100.000000,33.312874,16.8805
4.2.06,360,512,512,262144,262144,15,7.999284,0.018299,100.000000,33.335126,18.3018
4.2.07,360,512,512,262144,262144,15,7.999241,0.023272,100.000000,33.401093,19.8059
house,360,512,512,262144,262144,15,7.999265,0.024190,100.000000,33.419729,20.0566
2.1.01,360,512,512,262144,262144,15,7.999321,0.014050,100.000000,33.299337,19.7598
2.1.02,360,512,512,262144,262144,15,7.999279,0.018474,100.000000,33.244210,19.7008
2.1.03,360,512,512,262144,262144,15,7.999348,0.017284,100.000000,33.295082,20.2896
2.1.04,360,512,512,262144,262144,15,7.999341,0.016930,100.000000,33.321590,20.6674
2.1.05,360,512,512,262144,262144,15,7.999263,0.019707,100.000000,33.421009,21.4899
2.1.06,360,512,512,262144,262144,15,7.999320,0.021300,100.000000,33.234406,21.0256
2.1.07,360,512,512,262144,262144,15,7.999256,0.016362,100.000000,33.265922,20.9452
2.1.08,360,512,512,262144,262144,15,7.999301,0.014312,100.000000,33.321631,20.0284
2.1.09,360,512,512,262144,262144,15,7.999343,0.009835,100.000000,33.240727,18.0344
2.1.10,360,512,512,262144,262144,15,7.999294,0.004037,100.000000,33.283248,18.8492
2.1.11,360,512,512,262144,262144,15,7.999323,0.008380,100.000000,33.331532,22.9762
2.1.12,360,512,512,262144,262144,15,7.999351,0.022843,100.000000,33.296396,20.8370
2.2.01,360,1024,1024,1048576,1048576,15,7.999843,0.013009,100.000000,33.317438,79.6650
2.2.02,360,1024,1024,1048576,1048576,15,7.999830,0.012998,100.000000,33.323134,81.9324
2.2.03,360,1024,1024,1048576,1048576,15,7.999837,0.007346,100.000000,33.369467,79.7234
2.2.04,360,1024,1024,1048576,1048576,15,7.999827,0.025794,100.000000,33.329535,80.9927
2.2.05,360,1024,1024,1048576,1048576,15,7.999830,0.023374,100.000000,33.315133,80.2060
2.2.06,360,1024,1024,1048576,1048576,15,7.999808,0.018527,100.000000,33.340706,82.3145
2.2.07,360,1024,1024,1048576,1048576,15,7.999816,0.019475,100.000000,33.325060,81.9133
2.2.08,360,1024,1024,1048576,1048576,15,7.999836,0.014389,100.000000,33.330376,80.8923
2.2.09,360,1024,1024,1048576,1048576,15,7.999834,0.013288,100.000000,33.359612,84.1625
2.2.10,360,1024,1024,1048576,1048576,15,7.999826,0.019259,100.000000,33.350249,82.5220
2.2.11,360,1024,1024,1048576,1048576,15,7.999836,0.006116,100.000000,33.352117,67.8585
2.2.12,360,1024,1024,1048576,1048576,15,7.999829,0.010032,100.000000,33.348682,80.6933
2.2.13,360,1024,1024,1048576,1048576,15,7.999827,0.005821,100.000000,33.344158,79.9692
2.2.14,360,1024,1024,1048576,1048576,15,7.999820,0.015481,100.000000,33.352084,80.8861
2.2.15,360,1024,1024,1048576,1048576,15,7.999834,0.015270,100.000000,33.319248,53.3929
2.2.16,360,1024,1024,1048576,1048576,15,7.999828,0.010818,100.000000,33.378338,71.2371
2.2.17,360,1024,1024,1048576,1048576,15,7.999819,0.010086,100.000000,33.267295,83.1552
2.2.18,360,1024,1024,1048576,1048576,15,7.999837,0.021892,100.000000,33.328943,80.3171
2.2.19,360,1024,1024,1048576,1048576,15,7.999832,0.020726,100.000000,33.333459,81.8092
2.2.20,360,1024,1024,1048576,1048576,15,7.999822,0.016411,99.999905,33.298628,81.6992
2.2.21,360,1024,1024,1048576,1048576,15,7.999829,0.018824,100.000000,33.313107,77.6483
2.2.22,360,1024,1024,1048576,1048576,15,7.999829,0.013652,100.000000,33.333600,83.8516
2.2.23,360,1024,1024,1048576,1048576,15,7.999814,0.020634,100.000000,33.313535,83.3043
2.2.24,360,1024,1024,1048576,1048576,15,7.999841,0.023549,100.000000,33.304279,81.9265
wash-ir,360,2250,2250,5062500,5062500,15,7.999965,0.009329,100.000000,33.325597,308.9444
4.1.01,384,256,256,65536,65536,16,7.997212,0.020295,100.000000,33.454569,5.8387
4.1.02,384,256,256,65536,65536,16,7.997139,0.015615,100.000000,33.378088,2.9193
4.1.03,384,256,256,65536,65536,16,7.997364,0.010318,100.000000,33.300823,3.0364
4.1.04,384,256,256,65536,65536,16,7.997202,0.020242,100.000000,33.398631,5.2327
4.1.05,384,256,256,65536,65536,16,7.997206,0.004736,100.000000,33.391799,5.3571
4.1.06,384,256,256,65536,65536,16,7.997338,0.021318,100.000000,33.334049,2.8218
4.1.07,384,256,256,65536,65536,16,7.997237,0.024196,100.000000,33.263688,2.8683
4.1.08,384,256,256,65536,65536,16,7.996932,0.009042,100.000000,33.333276,5.2773
4.2.01,384,512,512,262144,262144,16,7.999271,0.022882,100.000000,33.348205,21.0224
4.2.03,384,512,512,262144,262144,16,7.999233,0.008160,100.000000,33.264800,20.9015
4.2.05,384,512,512,262144,262144,16,7.999370,0.017400,100.000000,33.254995,21.0014
4.2.06,384,512,512,262144,262144,16,7.999314,0.010440,100.000000,33.301920,11.4405
4.2.07,384,512,512,262144,262144,16,7.999244,0.009085,100.000000,33.278000,11.3931
house,384,512,512,262144,262144,16,7.999275,0.012695,100.000000,33.366753,21.2842
2.1.01,384,512,512,262144,262144,16,7.999296,0.014741,100.000000,33.337729,20.9801
2.1.02,384,512,512,262144,262144,16,7.999286,0.027867,100.000000,33.377695,21.2074
2.1.03,384,512,512,262144,262144,16,7.999317,0.016092,100.000000,33.379202,22.1115
2.1.04,384,512,512,262144,262144,16,7.999337,0.011122,100.000000,33.302117,21.2585
2.1.05,384,512,512,262144,262144,16,7.999331,0.017841,100.000000,33.354542,21.2729
2.1.06,384,512,512,262144,262144,16,7.999293,0.018785,100.000000,33.398594,22.3410
2.1.07,384,512,512,262144,262144,16,7.999301,0.007147,100.000000,33.298649,20.9280
2.1.08,384,512,512,262144,262144,16,7.999270,0.025972,100.000000,33.339909,20.6460
2.1.09,384,512,512,262144,262144,16,7.999268,0.007687,100.000000,33.380856,22.0649
2.1.10,384,512,512,262144,262144,16,7.999349,0.015038,100.000000,33.365649,21.7096
2.1.11,384,512,512,262144,262144,16,7.999245,0.010114,100.000000,33.272834,21.3070
2.1.12,384,512,512,262144,262144,16,7.999361,0.018664,100.000000,33.390147,14.1940
2.2.01,384,1024,1024,1048576,1048576,16,7.999817,0.009416,100.000000,33.328559,77.0724
2.2.02,384,1024,1024,1048576,1048576,16,7.999837,0.012653,100.000000,33.353855,81.5201
2.2.03,384,1024,1024,1048576,1048576,16,7.999843,0.029345,100.000000,33.335012,87.3652
2.2.04,384,1024,1024,1048576,1048576,16,7.999813,0.008714,100.000000,33.325861,82.2508
2.2.05,384,1024,1024,1048576,1048576,16,7.999815,0.012115,100.000000,33.291715,87.2785
2.2.06,384,1024,1024,1048576,1048576,16,7.999827,0.023905,100.000000,33.347988,52.7947
2.2.07,384,1024,1024,1048576,1048576,16,7.999820,0.005354,100.000000,33.257574,78.0690
2.2.08,384,1024,1024,1048576,1048576,16,7.999825,0.002750,100.000000,33.327921,47.2101
2.2.09,384,1024,1024,1048576,1048576,16,7.999838,0.020414,100.000000,33.316011,48.6965
2.2.10,384,1024,1024,1048576,1048576,16,7.999819,0.009660,100.000000,33.306284,46.3204
2.2.11,384,1024,1024,1048576,1048576,16,7.999825,0.007270,100.000000,33.316937,46.4876
2.2.12,384,1024,1024,1048576,1048576,16,7.999808,0.008594,100.000000,33.341973,78.5711
2.2.13,384,1024,1024,1048576,1048576,16,7.999816,0.007943,100.000000,33.300911,86.2101
2.2.14,384,1024,1024,1048576,1048576,16,7.999820,0.015698,100.000000,33.316680,80.6093
2.2.15,384,1024,1024,1048576,1048576,16,7.999828,0.010231,100.000000,33.303996,87.9525
2.2.16,384,1024,1024,1048576,1048576,16,7.999815,0.011572,100.000000,33.312416,45.7955
2.2.17,384,1024,1024,1048576,1048576,16,7.999829,0.031471,100.000000,33.348003,46.1307
2.2.18,384,1024,1024,1048576,1048576,16,7.999823,0.020859,100.000000,33.302299,49.2164
2.2.19,384,1024,1024,1048576,1048576,16,7.999833,0.016351,100.000000,33.334747,64.7483
2.2.20,384,1024,1024,1048576,1048576,16,7.999837,0.017967,100.000000,33.353982,62.3373
2.2.21,384,1024,1024,1048576,1048576,16,7.999823,0.011528,100.000000,33.366079,81.9807
2.2.22,384,1024,1024,1048576,1048576,16,7.999827,0.014328,100.000000,33.305371,49.2360
2.2.23,384,1024,1024,1048576,1048576,16,7.999809,0.027936,100.000000,33.292266,63.4840
2.2.24,384,1024,1024,1048576,1048576,16,7.999808,0.026626,100.000000,33.305538,45.8805
wash-ir,384,2250,2250,5062500,5062500,16,7.999964,0.009933,99.999980,33.336531,242.0597
